,date,bitcoin price
0,2021-03-31,58741.3
1,2021-03-30,58771.3
2,2021-03-29,57616.2
3,2021-03-28,55765.2
4,2021-03-27,55862.9
5,2021-03-26,55036.1
6,2021-03-25,51322.3
7,2021-03-24,52325.4
8,2021-03-23,54452.5
9,2021-03-22,54158.3
10,2021-03-21,57383.8
11,2021-03-20,58093.4
12,2021-03-19,58088.0
13,2021-03-18,57656.0
14,2021-03-17,58913.5
15,2021-03-16,56889.7
16,2021-03-15,55791.3
17,2021-03-14,59113.7
18,2021-03-13,61195.3
19,2021-03-12,57265.1
20,2021-03-11,57799.5
21,2021-03-10,55851.9
22,2021-03-09,54879.0
23,2021-03-08,52311.0
24,2021-03-07,50982.3
25,2021-03-06,48855.6
26,2021-03-05,48792.5
27,2021-03-04,48428.0
28,2021-03-03,50395.1
29,2021-03-02,48424.2
30,2021-03-01,49595.5
31,2021-02-28,45164.0
32,2021-02-27,46136.7
33,2021-02-26,46345.6
34,2021-02-25,46928.5
35,2021-02-24,49697.5
36,2021-02-23,48911.2
37,2021-02-22,54111.8
38,2021-02-21,57433.8
39,2021-02-20,55923.7
40,2021-02-19,55906.6
41,2021-02-18,51582.2
42,2021-02-17,52079.2
43,2021-02-16,49169.7
44,2021-02-15,47936.3
45,2021-02-14,48643.4
46,2021-02-13,47168.7
47,2021-02-12,47371.7
48,2021-02-11,47990.7
49,2021-02-10,44836.0
50,2021-02-09,46508.6
51,2021-02-08,46395.7
52,2021-02-07,38852.9
53,2021-02-06,39256.6
54,2021-02-05,38297.6
55,2021-02-04,36982.1
56,2021-02-03,37646.8
57,2021-02-02,35485.2
58,2021-02-01,33515.7
59,2021-01-31,33108.1
60,2021-01-30,34283.1
61,2021-01-29,34301.8
62,2021-01-28,33374.8
63,2021-01-27,30404.0
64,2021-01-26,32502.1
65,2021-01-25,32252.3
66,2021-01-24,32241.3
67,2021-01-23,32088.9
68,2021-01-22,33000.5
69,2021-01-21,30842.1
70,2021-01-20,35476.3
71,2021-01-19,36002.9
72,2021-01-18,36613.2
73,2021-01-17,35839.6
74,2021-01-16,36019.5
75,2021-01-15,36845.8
76,2021-01-14,39175.7
77,2021-01-13,37382.2
78,2021-01-12,34076.1
79,2021-01-11,35544.3
80,2021-01-10,38192.2
81,2021-01-09,40151.9
82,2021-01-08,40599.3
83,2021-01-07,39460.2
84,2021-01-06,36793.2
85,2021-01-05,33991.5
86,2021-01-04,32022.6
87,2021-01-03,32958.9
88,2021-01-02,32193.3
89,2021-01-01,29359.9
90,2020-12-31,28949.4
91,2020-12-30,28868.7
92,2020-12-29,27376.0
93,2020-12-28,27057.8
94,2020-12-27,26261.3
95,2020-12-26,26454.4
96,2020-12-25,24689.6
97,2020-12-24,23736.5
98,2020-12-23,23257.9
99,2020-12-22,23823.2
100,2020-12-21,22728.5
101,2020-12-20,23474.9
102,2020-12-19,23844.0
103,2020-12-18,23127.9
104,2020-12-17,22825.4
105,2020-12-16,21352.2
106,2020-12-15,19434.9
107,2020-12-14,19273.8
108,2020-12-13,19176.8
109,2020-12-12,18808.9
110,2020-12-11,18023.6
111,2020-12-10,18247.2
112,2020-12-09,18546.0
113,2020-12-08,18326.6
114,2020-12-07,19170.7
115,2020-12-06,19379.9
116,2020-12-05,19146.5
117,2020-12-04,18658.1
118,2020-12-03,19433.3
119,2020-12-02,19218.8
120,2020-12-01,18770.7
121,2020-11-30,19698.1
122,2020-11-29,18185.5
123,2020-11-28,17730.7
124,2020-11-27,17127.1
125,2020-11-26,17162.0
126,2020-11-25,18723.0
127,2020-11-24,19152.6
128,2020-11-23,18379.6
129,2020-11-22,18412.9
130,2020-11-21,18687.2
131,2020-11-20,18675.2
132,2020-11-19,17803.5
133,2020-11-18,17774.6
134,2020-11-17,17662.3
135,2020-11-16,16715.8
136,2020-11-15,15953.0
137,2020-11-14,16071.0
138,2020-11-13,16324.2
139,2020-11-12,16294.7
140,2020-11-11,15695.8
141,2020-11-10,15303.6
142,2020-11-09,15327.2
143,2020-11-08,15483.7
144,2020-11-07,14828.4
145,2020-11-06,15577.9
146,2020-11-05,15587.1
147,2020-11-04,14145.6
148,2020-11-03,14019.9
149,2020-11-02,13561.4
150,2020-11-01,13759.4
151,2020-10-31,13797.3
152,2020-10-30,13559.9
153,2020-10-29,13457.2
154,2020-10-28,13278.9
155,2020-10-27,13657.8
156,2020-10-26,13061.6
157,2020-10-25,13032.2
158,2020-10-24,13117.2
159,2020-10-23,12934.1
160,2020-10-22,12974.6
161,2020-10-21,12808.7
162,2020-10-20,11913.5
163,2020-10-19,11753.4
164,2020-10-18,11506.9
165,2020-10-17,11362.1
166,2020-10-16,11322.0
167,2020-10-15,11503.0
168,2020-10-14,11420.4
169,2020-10-13,11423.8
170,2020-10-12,11533.9
171,2020-10-11,11371.0
172,2020-10-10,11298.4
173,2020-10-09,11054.2
174,2020-10-08,10924.1
175,2020-10-07,10670.9
176,2020-10-06,10602.6
177,2020-10-05,10789.5
178,2020-10-04,10672.9
179,2020-10-03,10544.2
180,2020-10-02,10572.3
181,2020-10-01,10620.5
182,2020-09-30,10776.1
183,2020-09-29,10840.9
184,2020-09-28,10693.2
185,2020-09-27,10776.2
186,2020-09-26,10727.9
187,2020-09-25,10688.8
188,2020-09-24,10739.4
189,2020-09-23,10237.3
190,2020-09-22,10531.5
191,2020-09-21,10416.8
192,2020-09-20,10921.5
193,2020-09-19,11081.8
194,2020-09-18,10933.0
195,2020-09-17,10941.3
196,2020-09-16,10949.5
197,2020-09-15,10785.3
198,2020-09-14,10675.3
199,2020-09-13,10326.0
200,2020-09-12,10441.9
201,2020-09-11,10390.2
202,2020-09-10,10339.7
203,2020-09-09,10224.6
204,2020-09-08,10126.6
205,2020-09-07,10376.9
206,2020-09-06,10296.4
207,2020-09-05,10092.2
208,2020-09-04,10472.5
209,2020-09-03,10168.8
210,2020-09-02,11413.3
211,2020-09-01,11914.9
212,2020-08-31,11644.2
213,2020-08-30,11702.0
214,2020-08-29,11468.1
215,2020-08-28,11527.4
216,2020-08-27,11327.4
217,2020-08-26,11462.3
218,2020-08-25,11324.8
219,2020-08-24,11753.5
220,2020-08-23,11641.6
221,2020-08-22,11661.3
222,2020-08-21,11529.2
223,2020-08-20,11856.9
224,2020-08-19,11750.2
225,2020-08-18,11947.6
226,2020-08-17,12282.6
227,2020-08-16,11899.0
228,2020-08-15,11845.3
229,2020-08-14,11750.8
230,2020-08-13,11770.9
231,2020-08-12,11557.2
232,2020-08-11,11390.4
233,2020-08-10,11889.2
234,2020-08-09,11681.2
235,2020-08-08,11764.3
236,2020-08-07,11592.0
237,2020-08-06,11757.1
238,2020-08-05,11735.1
239,2020-08-04,11184.7
240,2020-08-03,11224.4
241,2020-08-02,11066.8
242,2020-08-01,11803.1
243,2020-07-31,11333.4
244,2020-07-30,11096.2
245,2020-07-29,11105.9
246,2020-07-28,10908.5
247,2020-07-27,11022.8
248,2020-07-26,9932.5
249,2020-07-25,9704.1
250,2020-07-24,9546.4
251,2020-07-23,9599.6
252,2020-07-22,9513.7
253,2020-07-21,9387.3
254,2020-07-20,9162.4
255,2020-07-19,9208.0
256,2020-07-18,9170.2
257,2020-07-17,9155.8
258,2020-07-16,9135.3
259,2020-07-15,9198.7
260,2020-07-14,9253.4
261,2020-07-13,9243.6
262,2020-07-12,9300.8
263,2020-07-11,9233.3
264,2020-07-10,9285.1
265,2020-07-09,9235.7
266,2020-07-08,9429.9
267,2020-07-07,9256.0
268,2020-07-06,9339.0
269,2020-07-05,9081.0
270,2020-07-04,9134.4
271,2020-07-03,9067.1
272,2020-07-02,9085.1
273,2020-07-01,9229.9
274,2020-06-30,9135.4
275,2020-06-29,9185.4
276,2020-06-28,9124.0
277,2020-06-27,9008.3
278,2020-06-26,9160.0
279,2020-06-25,9247.5
280,2020-06-24,9302.0
281,2020-06-23,9624.6
282,2020-06-22,9683.7
283,2020-06-21,9296.4
284,2020-06-20,9358.8
285,2020-06-19,9314.0
286,2020-06-18,9388.1
287,2020-06-17,9464.6
288,2020-06-16,9523.5
289,2020-06-15,9425.4
290,2020-06-14,9345.3
291,2020-06-13,9471.3
292,2020-06-12,9466.6
293,2020-06-11,9283.2
294,2020-06-10,9878.8
295,2020-06-09,9768.8
296,2020-06-08,9777.9
297,2020-06-07,9742.6
298,2020-06-06,9669.6
299,2020-06-05,9631.2
300,2020-06-04,9794.4
301,2020-06-03,9667.2
302,2020-06-02,9527.6
303,2020-06-01,10189.3
304,2020-05-31,9454.8
305,2020-05-30,9692.5
306,2020-05-29,9424.8
307,2020-05-28,9572.2
308,2020-05-27,9199.1
309,2020-05-26,8842.5
310,2020-05-25,8898.2
311,2020-05-24,8728.2
312,2020-05-23,9177.0
313,2020-05-22,9169.7
314,2020-05-21,9059.0
315,2020-05-20,9512.3
316,2020-05-19,9773.3
317,2020-05-18,9730.7
318,2020-05-17,9677.7
319,2020-05-16,9379.5
320,2020-05-15,9318.0
321,2020-05-14,9778.4
322,2020-05-13,9298.7
323,2020-05-12,8813.8
324,2020-05-11,8579.8
325,2020-05-10,8738.8
326,2020-05-09,9554.6
327,2020-05-08,9806.2
328,2020-05-07,9979.8
329,2020-05-06,9151.4
330,2020-05-05,9001.0
331,2020-05-04,8874.7
332,2020-05-03,8885.5
333,2020-05-02,8966.3
334,2020-05-01,8821.6
335,2020-04-30,8629.0
336,2020-04-29,8770.9
337,2020-04-28,7746.9
338,2020-04-27,7766.0
339,2020-04-26,7678.9
340,2020-04-25,7540.4
341,2020-04-24,7503.8
342,2020-04-23,7488.5
343,2020-04-22,7112.9
344,2020-04-21,6842.5
345,2020-04-20,6833.5
346,2020-04-19,7122.9
347,2020-04-18,7230.8
348,2020-04-17,7035.8
349,2020-04-16,7085.6
350,2020-04-15,6629.1
351,2020-04-14,6850.9
352,2020-04-13,6841.3
353,2020-04-12,6917.6
354,2020-04-11,6867.8
355,2020-04-10,6863.1
356,2020-04-09,7289.0
357,2020-04-08,7361.2
358,2020-04-07,7185.2
359,2020-04-06,7332.3
360,2020-04-05,6772.7
361,2020-04-04,6857.4
362,2020-04-03,6735.9
363,2020-04-02,6800.5
364,2020-04-01,6638.5
365,2020-03-31,6412.5
366,2020-03-30,6391.0
367,2020-03-29,5890.4
368,2020-03-28,6233.7
369,2020-03-27,6373.4
370,2020-03-26,6725.1
371,2020-03-25,6678.9
372,2020-03-24,6744.6
373,2020-03-23,6468.9
374,2020-03-22,5822.1
375,2020-03-21,6186.2
376,2020-03-20,6205.3
377,2020-03-19,6172.0
378,2020-03-18,5361.4
379,2020-03-17,5261.1
380,2020-03-16,5030.0
381,2020-03-15,5366.3
382,2020-03-14,5182.7
383,2020-03-13,5584.3
384,2020-03-12,4826.0
385,2020-03-11,7935.1
386,2020-03-10,7891.2
387,2020-03-09,7933.0
388,2020-03-08,8034.1
389,2020-03-07,8887.8
390,2020-03-06,9134.8
391,2020-03-05,9060.3
392,2020-03-04,8757.9
393,2020-03-03,8761.4
394,2020-03-02,8904.8
395,2020-03-01,8540.0
396,2020-02-29,8543.7
397,2020-02-28,8697.5
398,2020-02-27,8818.6
399,2020-02-26,8800.3
400,2020-02-25,9317.2
401,2020-02-24,9662.7
402,2020-02-23,9942.7
403,2020-02-22,9655.7
404,2020-02-21,9684.5
405,2020-02-20,9602.4
406,2020-02-19,9609.4
407,2020-02-18,10158.4
408,2020-02-17,9701.4
409,2020-02-16,9932.3
410,2020-02-15,9907.7
411,2020-02-14,10333.0
412,2020-02-13,10235.1
413,2020-02-12,10317.7
414,2020-02-11,10229.5
415,2020-02-10,9854.1
416,2020-02-09,10151.5
417,2020-02-08,9895.5
418,2020-02-07,9818.6
419,2020-02-06,9772.0
420,2020-02-05,9611.8
421,2020-02-04,9193.9
422,2020-02-03,9296.6
423,2020-02-02,9334.9
424,2020-02-01,9381.6
425,2020-01-31,9349.1
426,2020-01-30,9507.3
427,2020-01-29,9298.9
428,2020-01-28,9377.3
429,2020-01-27,8866.6
430,2020-01-26,8607.8
431,2020-01-25,8341.6
432,2020-01-24,8439.9
433,2020-01-23,8405.1
434,2020-01-22,8678.5
435,2020-01-21,8732.6
436,2020-01-20,8641.9
437,2020-01-19,8706.2
438,2020-01-18,8916.3
439,2020-01-17,8913.1
440,2020-01-16,8726.9
441,2020-01-15,8818.3
442,2020-01-14,8829.2
443,2020-01-13,8111.4
444,2020-01-12,8187.6
445,2020-01-11,8024.1
446,2020-01-10,8187.1
447,2020-01-09,7842.4
448,2020-01-08,8059.6
449,2020-01-07,8155.7
450,2020-01-06,7759.1
451,2020-01-05,7372.5
452,2020-01-04,7376.8
453,2020-01-03,7343.1
454,2020-01-02,6967.0
455,2020-01-01,7199.8
456,2019-12-31,7196.4
457,2019-12-30,7261.8
458,2019-12-29,7397.5
459,2019-12-28,7321.5
460,2019-12-27,7261.7
461,2019-12-26,7210.9
462,2019-12-25,7224.8
463,2019-12-24,7268.3
464,2019-12-23,7322.8
465,2019-12-22,7495.8
466,2019-12-21,7156.2
467,2019-12-20,7196.4
468,2019-12-19,7165.5
469,2019-12-18,7276.0
470,2019-12-17,6613.3
471,2019-12-16,6903.5
472,2019-12-15,7128.5
473,2019-12-14,7080.8
474,2019-12-13,7255.2
475,2019-12-12,7208.0
476,2019-12-11,7208.0
477,2019-12-10,7235.7
478,2019-12-09,7355.8
479,2019-12-08,7524.4
480,2019-12-07,7510.9
481,2019-12-06,7530.8
482,2019-12-05,7399.2
483,2019-12-04,7204.4
484,2019-12-03,7291.8
485,2019-12-02,7298.2
486,2019-12-01,7396.4
487,2019-11-30,7546.6
488,2019-11-29,7742.7
489,2019-11-28,7426.7
490,2019-11-27,7510.6
491,2019-11-26,7162.8
492,2019-11-25,7115.6
493,2019-11-24,6924.7
494,2019-11-23,7324.1
495,2019-11-22,7272.5
496,2019-11-21,7627.9
497,2019-11-20,8099.3
498,2019-11-19,8145.7
499,2019-11-18,8208.4
500,2019-11-17,8509.8
501,2019-11-16,8497.3
502,2019-11-15,8476.3
503,2019-11-14,8661.2
504,2019-11-13,8783.1
505,2019-11-12,8812.6
506,2019-11-11,8736.9
507,2019-11-10,9036.8
508,2019-11-09,8804.5
509,2019-11-08,8778.2
510,2019-11-07,9223.5
511,2019-11-06,9338.9
512,2019-11-05,9310.8
513,2019-11-04,9396.4
514,2019-11-03,9198.3
515,2019-11-02,9300.6
516,2019-11-01,9230.1
517,2019-10-31,9152.6
518,2019-10-30,9157.9
519,2019-10-29,9411.3
520,2019-10-28,9207.2
521,2019-10-27,9529.6
522,2019-10-26,9230.6
523,2019-10-25,8658.3
524,2019-10-24,7422.7
525,2019-10-23,7477.0
526,2019-10-22,8031.4
527,2019-10-21,8208.2
528,2019-10-20,8223.4
529,2019-10-19,7957.3
530,2019-10-18,7948.5
531,2019-10-17,8073.3
532,2019-10-16,8000.4
533,2019-10-15,8167.2
534,2019-10-14,8353.3
535,2019-10-13,8281.5
536,2019-10-12,8304.4
537,2019-10-11,8267.8
538,2019-10-10,8562.3
539,2019-10-09,8566.7
540,2019-10-08,8182.9
541,2019-10-07,8198.6
542,2019-10-06,7881.9
543,2019-10-05,8127.3
544,2019-10-04,8148.1
545,2019-10-03,8226.9
546,2019-10-02,8364.1
547,2019-10-01,8302.7
548,2019-09-30,8284.3
549,2019-09-29,8049.1
550,2019-09-28,8208.5
551,2019-09-27,8184.9
552,2019-09-26,8063.8
553,2019-09-25,8432.4
554,2019-09-24,8513.9
555,2019-09-23,9702.2
556,2019-09-22,10031.6
557,2019-09-21,9993.0
558,2019-09-20,10172.7
559,2019-09-19,10250.5
560,2019-09-18,10164.7
561,2019-09-17,10195.7
562,2019-09-16,10255.5
563,2019-09-15,10311.5
564,2019-09-14,10337.3
565,2019-09-13,10342.1
566,2019-09-12,10415.1
567,2019-09-11,10162.5
568,2019-09-10,10105.4
569,2019-09-09,10309.0
570,2019-09-08,10402.8
571,2019-09-07,10461.1
572,2019-09-06,10309.3
573,2019-09-05,10566.9
574,2019-09-04,10568.2
575,2019-09-03,10612.3
576,2019-09-02,10348.8
577,2019-09-01,9729.3
578,2019-08-31,9594.4
579,2019-08-30,9585.4
580,2019-08-29,9491.0
581,2019-08-28,9729.4
582,2019-08-27,10184.8
583,2019-08-26,10371.8
584,2019-08-25,10136.3
585,2019-08-24,10131.0
586,2019-08-23,10388.7
587,2019-08-22,10105.0
588,2019-08-21,10141.5
589,2019-08-20,10752.6
590,2019-08-19,10910.7
591,2019-08-18,10312.7
592,2019-08-17,10218.1
593,2019-08-16,10335.6
594,2019-08-15,10303.4
595,2019-08-14,10049.4
596,2019-08-13,10892.9
597,2019-08-12,11394.2
598,2019-08-11,11517.2
599,2019-08-10,11314.5
600,2019-08-09,12089.8
601,2019-08-08,12191.6
602,2019-08-07,12013.9
603,2019-08-06,11480.9
604,2019-08-05,11816.8
605,2019-08-04,10934.6
606,2019-08-03,10815.7
607,2019-08-02,10520.1
608,2019-08-01,10380.0
609,2019-07-31,10082.0
610,2019-07-30,9580.7
611,2019-07-29,9580.9
612,2019-07-28,9727.8
613,2019-07-27,9492.1
614,2019-07-26,9831.0
615,2019-07-25,9945.3
616,2019-07-24,9804.3
617,2019-07-23,9888.7
618,2019-07-22,10412.5
619,2019-07-21,10714.4
620,2019-07-20,10826.7
621,2019-07-19,10571.5
622,2019-07-18,10651.4
623,2019-07-17,9723.2
624,2019-07-16,9424.8
625,2019-07-15,10845.9
626,2019-07-14,10200.1
627,2019-07-13,11364.9
628,2019-07-12,11762.1
629,2019-07-11,11342.3
630,2019-07-10,12110.6
631,2019-07-09,12541.5
632,2019-07-08,12252.6
633,2019-07-07,11415.9
634,2019-07-06,11268.0
635,2019-07-05,10970.2
636,2019-07-04,11163.1
637,2019-07-03,11900.8
638,2019-07-02,10835.9
639,2019-07-01,10616.6
640,2019-06-30,10818.6
641,2019-06-29,11906.5
642,2019-06-28,12409.1
643,2019-06-27,11287.8
644,2019-06-26,13063.8
645,2019-06-25,11809.9
646,2019-06-24,11046.4
647,2019-06-23,10897.1
648,2019-06-22,10721.7
649,2019-06-21,10179.3
650,2019-06-20,9517.0
651,2019-06-19,9255.4
652,2019-06-18,9080.6
653,2019-06-17,9318.8
654,2019-06-16,8962.5
655,2019-06-15,8812.5
656,2019-06-14,8656.1
657,2019-06-13,8219.0
658,2019-06-12,8133.1
659,2019-06-11,7888.0
660,2019-06-10,7987.8
661,2019-06-09,7635.0
662,2019-06-08,7901.4
663,2019-06-07,7985.2
664,2019-06-06,7784.9
665,2019-06-05,7779.1
666,2019-06-04,7685.5
667,2019-06-03,8124.8
668,2019-06-02,8728.6
669,2019-06-01,8545.7
670,2019-05-31,8558.3
671,2019-05-30,8271.9
672,2019-05-29,8647.8
673,2019-05-28,8716.3
674,2019-05-27,8760.1
675,2019-05-26,8630.2
676,2019-05-25,8027.4
677,2019-05-24,7970.1
678,2019-05-23,7852.1
679,2019-05-22,7635.7
680,2019-05-21,7930.3
681,2019-05-20,7965.3
682,2019-05-19,8157.2
683,2019-05-18,7262.6
684,2019-05-17,7359.5
685,2019-05-16,7871.8
686,2019-05-15,8164.6
687,2019-05-14,7994.6
688,2019-05-13,7806.0
689,2019-05-12,6984.8
690,2019-05-11,7190.3
691,2019-05-10,6386.0
692,2019-05-09,6191.5
693,2019-05-08,5990.3
694,2019-05-07,5849.5
695,2019-05-06,5745.1
696,2019-05-05,5774.9
697,2019-05-04,5830.9
698,2019-05-03,5766.8
699,2019-05-02,5493.8
700,2019-05-01,5384.2
701,2019-04-30,5320.8
702,2019-04-29,5235.0
703,2019-04-28,5302.3
704,2019-04-27,5265.9
705,2019-04-26,5298.3
706,2019-04-25,5209.1
707,2019-04-24,5415.6
708,2019-04-23,5511.6
709,2019-04-22,5346.7
710,2019-04-21,5243.5
711,2019-04-20,5290.2
712,2019-04-19,5241.0
713,2019-04-18,5264.7
714,2019-04-17,5208.3
715,2019-04-16,5180.9
716,2019-04-15,5032.3
717,2019-04-14,5134.8
718,2019-04-13,5051.8
719,2019-04-12,5054.2
720,2019-04-11,5022.6
721,2019-04-10,5307.8
722,2019-04-09,5158.4
723,2019-04-08,5245.2
724,2019-04-07,5173.6
725,2019-04-06,5046.2
726,2019-04-05,5010.2
727,2019-04-04,4902.4
728,2019-04-03,4968.7
729,2019-04-02,4859.3
730,2019-04-01,4145.1
731,2019-03-31,4102.3
732,2019-03-30,4111.8
733,2019-03-29,4102.2
734,2019-03-28,4025.6
735,2019-03-27,4041.7
736,2019-03-26,3942.8
737,2019-03-25,3937.0
738,2019-03-24,3994.7
739,2019-03-23,4002.5
740,2019-03-22,3990.4
741,2019-03-21,3982.2
742,2019-03-20,4041.2
743,2019-03-19,4017.0
744,2019-03-18,3990.2
745,2019-03-17,3981.5
746,2019-03-16,4006.4
747,2019-03-15,3924.3
748,2019-03-14,3879.0
749,2019-03-13,3865.1
750,2019-03-12,3886.0
751,2019-03-11,3870.3
752,2019-03-10,3915.2
753,2019-03-09,3944.3
754,2019-03-08,3865.9
755,2019-03-07,3875.1
756,2019-03-06,3863.0
757,2019-03-05,3857.2
758,2019-03-04,3715.9
759,2019-03-03,3809.5
760,2019-03-02,3823.1
761,2019-03-01,3821.9
762,2019-02-28,3816.6
763,2019-02-27,3814.6
764,2019-02-26,3810.3
765,2019-02-25,3833.7
766,2019-02-24,3755.2
767,2019-02-23,4120.4
768,2019-02-22,3965.2
769,2019-02-21,3936.6
770,2019-02-20,3972.4
771,2019-02-19,3914.3
772,2019-02-18,3896.0
773,2019-02-17,3664.2
774,2019-02-16,3616.8
775,2019-02-15,3604.7
776,2019-02-14,3592.6
777,2019-02-13,3611.5
778,2019-02-12,3632.0
779,2019-02-11,3631.8
780,2019-02-10,3679.0
781,2019-02-09,3661.4
782,2019-02-08,3661.7
783,2019-02-07,3397.7
784,2019-02-06,3404.3
785,2019-02-05,3468.4
786,2019-02-04,3462.8
787,2019-02-03,3459.1
788,2019-02-02,3502.5
789,2019-02-01,3467.9
790,2019-01-31,3437.2
791,2019-01-30,3460.0
792,2019-01-29,3414.8
793,2019-01-28,3442.8
794,2019-01-27,3555.6
795,2019-01-26,3570.9
796,2019-01-25,3572.0
797,2019-01-24,3574.3
798,2019-01-23,3561.5
799,2019-01-22,3580.1
800,2019-01-21,3536.7
801,2019-01-20,3542.3
802,2019-01-19,3677.8
803,2019-01-18,3605.6
804,2019-01-17,3626.4
805,2019-01-16,3588.0
806,2019-01-15,3571.3
807,2019-01-14,3638.1
808,2019-01-13,3490.2
809,2019-01-12,3597.2
810,2019-01-11,3616.5
811,2019-01-10,3603.7
812,2019-01-09,3978.0
813,2019-01-08,3971.0
814,2019-01-07,3985.9
815,2019-01-06,4004.1
816,2019-01-05,3785.4
817,2019-01-04,3802.7
818,2019-01-03,3780.1
819,2019-01-02,3873.8
820,2019-01-01,3809.4
821,2018-12-31,3709.4
822,2018-12-30,3815.0
823,2018-12-29,3706.8
824,2018-12-28,3861.6
825,2018-12-27,3586.9
826,2018-12-26,3793.7
827,2018-12-25,3762.5
828,2018-12-24,4026.1
829,2018-12-23,3944.4
830,2018-12-22,3964.4
831,2018-12-21,3850.9
832,2018-12-20,4076.0
833,2018-12-19,3687.1
834,2018-12-18,3668.0
835,2018-12-17,3526.1
836,2018-12-16,3247.9
837,2018-12-15,3228.7
838,2018-12-14,3247.8
839,2018-12-13,3315.3
840,2018-12-12,3466.1
841,2018-12-11,3407.7
842,2018-12-10,3460.5
843,2018-12-09,3567.5
844,2018-12-08,3430.4
845,2018-12-07,3422.2
846,2018-12-06,3508.6
847,2018-12-05,3771.6
848,2018-12-04,3958.5
849,2018-12-03,3897.8
850,2018-12-02,4160.4
851,2018-12-01,4196.2
852,2018-11-30,4039.7
853,2018-11-29,4296.5
854,2018-11-28,4265.4
855,2018-11-27,3866.5
856,2018-11-26,3837.0
857,2018-11-25,4062.2
858,2018-11-24,3920.4
859,2018-11-23,4398.0
860,2018-11-22,4356.0
861,2018-11-21,4638.7
862,2018-11-20,4524.6
863,2018-11-19,4883.8
864,2018-11-18,5658.3
865,2018-11-17,5621.8
866,2018-11-16,5636.2
867,2018-11-15,5718.9
868,2018-11-14,5842.4
869,2018-11-13,6429.2
870,2018-11-12,6435.0
871,2018-11-11,6446.1
872,2018-11-10,6427.1
873,2018-11-09,6412.0
874,2018-11-08,6474.0
875,2018-11-07,6565.3
876,2018-11-06,6502.8
877,2018-11-05,6459.7
878,2018-11-04,6478.2
879,2018-11-03,6386.2
880,2018-11-02,6424.7
881,2018-11-01,6400.5
882,2018-10-31,6365.9
883,2018-10-30,6325.7
884,2018-10-29,6335.0
885,2018-10-28,6486.1
886,2018-10-27,6494.2
887,2018-10-26,6510.0
888,2018-10-25,6507.0
889,2018-10-24,6530.7
890,2018-10-23,6528.7
891,2018-10-22,6555.8
892,2018-10-21,6583.0
893,2018-10-20,6572.2
894,2018-10-19,6512.0
895,2018-10-18,6574.1
896,2018-10-17,6686.6
897,2018-10-16,6705.3
898,2018-10-15,6699.8
899,2018-10-14,6326.8
900,2018-10-13,6321.7
901,2018-10-12,6291.3
902,2018-10-11,6239.1
903,2018-10-10,6618.0
904,2018-10-09,6650.8
905,2018-10-08,6669.6
906,2018-10-07,6611.0
907,2018-10-06,6596.3
908,2018-10-05,6639.1
909,2018-10-04,6584.2
910,2018-10-03,6507.8
911,2018-10-02,6549.9
912,2018-10-01,6608.2
913,2018-09-30,6635.2
914,2018-09-29,6603.9
915,2018-09-28,6636.0
916,2018-09-27,6689.2
917,2018-09-26,6468.1
918,2018-09-25,6445.1
919,2018-09-24,6584.1
920,2018-09-23,6704.1
921,2018-09-22,6729.6
922,2018-09-21,6766.7
923,2018-09-20,6489.2
924,2018-09-19,6390.4
925,2018-09-18,6342.0
926,2018-09-17,6251.9
927,2018-09-16,6500.2
928,2018-09-15,6519.0
929,2018-09-14,6483.7
930,2018-09-13,6482.9
931,2018-09-12,6338.0
932,2018-09-11,6293.9
933,2018-09-10,6321.0
934,2018-09-09,6238.5
935,2018-09-08,6184.3
936,2018-09-07,6390.9
937,2018-09-06,6514.0
938,2018-09-05,6706.8
939,2018-09-04,7377.5
940,2018-09-03,7264.2
941,2018-09-02,7293.9
942,2018-09-01,7189.6
943,2018-08-31,7033.8
944,2018-08-30,6993.7
945,2018-08-29,7029.1
946,2018-08-28,7074.6
947,2018-08-27,6897.6
948,2018-08-26,6712.7
949,2018-08-25,6734.8
950,2018-08-24,6680.4
951,2018-08-23,6521.2
952,2018-08-22,6359.6
953,2018-08-21,6482.2
954,2018-08-20,6268.1
955,2018-08-19,6481.5
956,2018-08-18,6379.1
957,2018-08-17,6581.7
958,2018-08-16,6306.7
959,2018-08-15,6256.9
960,2018-08-14,6190.2
961,2018-08-13,6255.3
962,2018-08-12,6313.0
963,2018-08-11,6231.6
964,2018-08-10,6152.3
965,2018-08-09,6538.8
966,2018-08-08,6283.6
967,2018-08-07,6724.9
968,2018-08-06,6943.6
969,2018-08-05,7027.1
970,2018-08-04,7014.3
971,2018-08-03,7419.0
972,2018-08-02,7535.6
973,2018-08-01,7606.4
974,2018-07-31,7729.4
975,2018-07-30,8177.1
976,2018-07-29,8215.6
977,2018-07-28,8234.1
978,2018-07-27,8187.4
979,2018-07-26,7937.0
980,2018-07-25,8173.7
981,2018-07-24,8407.0
982,2018-07-23,7723.0
983,2018-07-22,7412.3
984,2018-07-21,7408.7
985,2018-07-20,7339.4
986,2018-07-19,7477.5
987,2018-07-18,7383.6
988,2018-07-17,7322.0
989,2018-07-16,6729.9
990,2018-07-15,6362.9
991,2018-07-14,6254.8
992,2018-07-13,6230.2
993,2018-07-12,6250.6
994,2018-07-11,6389.1
995,2018-07-10,6307.2
996,2018-07-09,6667.1
997,2018-07-08,6714.8
998,2018-07-07,6765.5
999,2018-07-06,6617.7
1000,2018-07-05,6546.5
1001,2018-07-04,6598.4
1002,2018-07-03,6513.5
1003,2018-07-02,6619.5
1004,2018-07-01,6366.8
1005,2018-06-30,6398.9
1006,2018-06-29,6213.3
1007,2018-06-28,5883.5
1008,2018-06-27,6154.9
1009,2018-06-26,6082.1
1010,2018-06-25,6256.6
1011,2018-06-24,6154.6
1012,2018-06-23,6167.3
1013,2018-06-22,6055.7
1014,2018-06-21,6728.0
1015,2018-06-20,6765.4
1016,2018-06-19,6752.4
1017,2018-06-18,6719.8
1018,2018-06-17,6460.3
1019,2018-06-16,6505.8
1020,2018-06-15,6410.3
1021,2018-06-14,6647.1
1022,2018-06-13,6312.3
1023,2018-06-12,6558.2
1024,2018-06-11,6885.9
1025,2018-06-10,6775.1
1026,2018-06-09,7515.8
1027,2018-06-08,7622.1
1028,2018-06-07,7697.8
1029,2018-06-06,7661.0
1030,2018-06-05,7631.5
1031,2018-06-04,7504.3
1032,2018-06-03,7729.3
1033,2018-06-02,7646.6
1034,2018-06-01,7530.8
1035,2018-05-31,7502.6
1036,2018-05-30,7400.1
1037,2018-05-29,7467.7
1038,2018-05-28,7119.3
1039,2018-05-27,7366.7
1040,2018-05-26,7361.3
1041,2018-05-25,7477.7
1042,2018-05-24,7592.9
1043,2018-05-23,7512.3
1044,2018-05-22,8006.0
1045,2018-05-21,8403.3
1046,2018-05-20,8529.0
1047,2018-05-19,8245.1
1048,2018-05-18,8245.7
1049,2018-05-17,8063.0
1050,2018-05-16,8344.4
1051,2018-05-15,8477.0
1052,2018-05-14,8674.1
1053,2018-05-13,8693.5
1054,2018-05-12,8459.5
1055,2018-05-11,8408.3
1056,2018-05-10,9025.7
1057,2018-05-09,9319.1
1058,2018-05-08,9196.4
1059,2018-05-07,9431.6
1060,2018-05-06,9656.4
1061,2018-05-05,9853.5
1062,2018-05-04,9708.6
1063,2018-05-03,9749.7
1064,2018-05-02,9243.2
1065,2018-05-01,9074.9
1066,2018-04-30,9245.1
1067,2018-04-29,9415.1
1068,2018-04-28,9352.4
1069,2018-04-27,8940.9
1070,2018-04-26,9287.0
1071,2018-04-25,8873.1
1072,2018-04-24,9645.3
1073,2018-04-23,8952.8
1074,2018-04-22,8806.7
1075,2018-04-21,8923.1
1076,2018-04-20,8867.0
1077,2018-04-19,8290.8
1078,2018-04-18,8178.4
1079,2018-04-17,7908.6
1080,2018-04-16,8070.0
1081,2018-04-15,8363.6
1082,2018-04-14,8004.4
1083,2018-04-13,7887.4
1084,2018-04-12,7926.6
1085,2018-04-11,6962.1
1086,2018-04-10,6854.8
1087,2018-04-09,6781.9
1088,2018-04-08,7030.5
1089,2018-04-07,6905.7
1090,2018-04-06,6624.3
1091,2018-04-05,6782.0
1092,2018-04-04,6808.9
1093,2018-04-03,7424.2
1094,2018-04-02,7068.4
1095,2018-04-01,6825.2
1096,2018-03-31,6938.2
1097,2018-03-30,6853.7
1098,2018-03-29,7129.2
1099,2018-03-28,7954.9
1100,2018-03-27,7801.7
1101,2018-03-26,8143.5
1102,2018-03-25,8473.2
1103,2018-03-24,8547.4
1104,2018-03-23,8916.8
1105,2018-03-22,8726.2
1106,2018-03-21,8905.9
1107,2018-03-20,8912.6
1108,2018-03-19,8616.8
1109,2018-03-18,8201.2
1110,2018-03-17,7874.9
1111,2018-03-16,8289.2
1112,2018-03-15,8264.4
1113,2018-03-14,8210.6
1114,2018-03-13,9154.9
1115,2018-03-12,9137.4
1116,2018-03-11,9529.6
1117,2018-03-10,8762.0
1118,2018-03-09,9217.0
1119,2018-03-08,9300.0
1120,2018-03-07,9902.9
1121,2018-03-06,10675.1
1122,2018-03-05,11330.6
1123,2018-03-04,11416.5
1124,2018-03-03,11402.3
1125,2018-03-02,10827.7
1126,2018-03-01,10904.5
1127,2018-02-28,10333.9
1128,2018-02-27,10594.4
1129,2018-02-26,10285.1
1130,2018-02-25,9585.2
1131,2018-02-24,9704.3
1132,2018-02-23,10170.4
1133,2018-02-22,9841.7
1134,2018-02-21,10473.0
1135,2018-02-20,11238.7
1136,2018-02-19,11169.4
1137,2018-02-18,10398.8
1138,2018-02-17,11073.5
1139,2018-02-16,10178.7
1140,2018-02-15,10037.3
1141,2018-02-14,9476.3
1142,2018-02-13,8539.2
1143,2018-02-12,8903.5
1144,2018-02-11,8081.9
1145,2018-02-10,8559.6
1146,2018-02-09,8699.8
1147,2018-02-08,8164.2
1148,2018-02-07,7594.7
1149,2018-02-06,7701.2
1150,2018-02-05,6938.5
1151,2018-02-04,8222.2
1152,2018-02-03,9241.1
1153,2018-02-02,8893.2
1154,2018-02-01,9181.1
1155,2018-01-31,10265.4
1156,2018-01-30,10166.0
1157,2018-01-29,11244.8
1158,2018-01-28,11795.1
1159,2018-01-27,11467.5
1160,2018-01-26,11118.1
1161,2018-01-25,11203.0
1162,2018-01-24,11452.3
1163,2018-01-23,10903.2
1164,2018-01-22,10864.8
1165,2018-01-21,11594.9
1166,2018-01-20,12858.9
1167,2018-01-19,11580.2
1168,2018-01-18,11245.4
1169,2018-01-17,11192.3
1170,2018-01-16,11362.0
1171,2018-01-15,13697.5
1172,2018-01-14,13695.2
1173,2018-01-13,14292.2
1174,2018-01-12,13886.7
1175,2018-01-11,13535.4
1176,2018-01-10,15043.0
1177,2018-01-09,14778.5
1178,2018-01-08,14976.2
1179,2018-01-07,16228.2
1180,2018-01-06,17172.3
1181,2018-01-05,16954.8
1182,2018-01-04,15180.1
1183,2018-01-03,15156.6
1184,2018-01-02,14754.1
1185,2018-01-01,13444.9
1186,2017-12-31,13850.4
1187,2017-12-30,12531.5
1188,2017-12-29,14392.6
1189,2017-12-28,14398.7
1190,2017-12-27,15416.6
1191,2017-12-26,15756.6
1192,2017-12-25,13833.5
1193,2017-12-24,13790.0
1194,2017-12-23,14396.5
1195,2017-12-22,13665.0
1196,2017-12-21,15632.1
1197,2017-12-20,16462.0
1198,2017-12-19,17523.7
1199,2017-12-18,18972.3
1200,2017-12-17,19065.7
1201,2017-12-16,19345.5
1202,2017-12-15,17604.8
1203,2017-12-14,16467.9
1204,2017-12-13,16286.8
1205,2017-12-12,17083.9
1206,2017-12-11,16732.5
1207,2017-12-10,15059.6
1208,2017-12-09,14843.4
1209,2017-12-08,16047.6
1210,2017-12-07,16850.3
1211,2017-12-06,13749.6
1212,2017-12-05,11667.1
1213,2017-12-04,11623.9
1214,2017-12-03,11246.2
1215,2017-12-02,10912.7
1216,2017-12-01,10861.5
1217,2017-11-30,9946.8
1218,2017-11-29,9837.9
1219,2017-11-28,9906.0
1220,2017-11-27,9733.2
1221,2017-11-26,9318.4
1222,2017-11-25,8754.7
1223,2017-11-24,8200.8
1224,2017-11-23,8013.4
1225,2017-11-22,8234.5
1226,2017-11-21,8100.0
1227,2017-11-20,8244.7
1228,2017-11-19,8042.6
1229,2017-11-18,7780.9
1230,2017-11-17,7700.0
1231,2017-11-16,7853.7
1232,2017-11-15,7283.2
1233,2017-11-14,6597.1
1234,2017-11-13,6522.5
1235,2017-11-12,5878.1
1236,2017-11-11,6339.9
1237,2017-11-10,6565.8
1238,2017-11-09,7129.6
1239,2017-11-08,7444.4
1240,2017-11-07,7102.8
1241,2017-11-06,6959.2
1242,2017-11-05,7389.5
1243,2017-11-04,7363.8
1244,2017-11-03,7152.1
1245,2017-11-02,7024.8
1246,2017-11-01,6737.8
1247,2017-10-31,6451.2
1248,2017-10-30,6124.3
1249,2017-10-29,6147.5
1250,2017-10-28,5726.6
1251,2017-10-27,5764.6
1252,2017-10-26,5887.6
1253,2017-10-25,5734.0
1254,2017-10-24,5513.1
1255,2017-10-23,5903.6
1256,2017-10-22,5982.9
1257,2017-10-21,6006.6
1258,2017-10-20,5993.1
1259,2017-10-19,5698.6
1260,2017-10-18,5575.8
1261,2017-10-17,5598.6
1262,2017-10-16,5759.3
1263,2017-10-15,5688.1
1264,2017-10-14,5824.7
1265,2017-10-13,5637.3
1266,2017-10-12,5432.6
1267,2017-10-11,4824.2
1268,2017-10-10,4763.4
1269,2017-10-09,4777.5
1270,2017-10-08,4611.7
1271,2017-10-07,4435.8
1272,2017-10-06,4371.9
1273,2017-10-05,4321.4
1274,2017-10-04,4218.7
1275,2017-10-03,4314.2
1276,2017-10-02,4401.3
1277,2017-10-01,4403.1
1278,2017-09-30,4360.6
1279,2017-09-29,4172.8
1280,2017-09-28,4195.6
1281,2017-09-27,4212.2
1282,2017-09-26,3892.7
1283,2017-09-25,3932.8
1284,2017-09-24,3667.5
1285,2017-09-23,3788.0
1286,2017-09-22,3600.8
1287,2017-09-21,3617.3
1288,2017-09-20,3882.2
1289,2017-09-19,3908.0
1290,2017-09-18,4100.3
1291,2017-09-17,3689.6
1292,2017-09-16,3698.9
1293,2017-09-15,3713.8
1294,2017-09-14,3243.1
1295,2017-09-13,3870.3
1296,2017-09-12,4158.9
1297,2017-09-11,4217.9
1298,2017-09-10,4245.9
1299,2017-09-09,4335.1
1300,2017-09-08,4326.5
1301,2017-09-07,4635.6
1302,2017-09-06,4618.7
1303,2017-09-05,4409.1
1304,2017-09-04,4267.5
1305,2017-09-03,4612.9
1306,2017-09-02,4573.8
1307,2017-09-01,4921.9
1308,2017-08-31,4735.1
1309,2017-08-30,4583.0
1310,2017-08-29,4597.3
1311,2017-08-28,4390.3
1312,2017-08-27,4345.8
1313,2017-08-26,4352.3
1314,2017-08-25,4364.4
1315,2017-08-24,4318.4
1316,2017-08-23,4141.1
1317,2017-08-22,4089.7
1318,2017-08-21,4005.1
1319,2017-08-20,4066.6
1320,2017-08-19,4150.5
1321,2017-08-18,4105.4
1322,2017-08-17,4278.9
1323,2017-08-16,4387.4
1324,2017-08-15,4161.7
1325,2017-08-14,4327.9
1326,2017-08-13,4062.6
1327,2017-08-12,3871.6
1328,2017-08-11,3654.4
1329,2017-08-10,3425.7
1330,2017-08-09,3348.8
1331,2017-08-08,3429.4
1332,2017-08-07,3401.9
1333,2017-08-06,3232.0
1334,2017-08-05,3262.8
1335,2017-08-04,2878.5
1336,2017-08-03,2810.0
1337,2017-08-02,2720.5
1338,2017-08-01,2747.0
1339,2017-07-31,2883.3
1340,2017-07-30,2766.5
1341,2017-07-29,2733.5
1342,2017-07-28,2806.8
1343,2017-07-27,2691.9
1344,2017-07-26,2559.2
1345,2017-07-25,2582.6
1346,2017-07-24,2763.4
1347,2017-07-23,2756.6
1348,2017-07-22,2836.5
1349,2017-07-21,2675.1
1350,2017-07-20,2866.0
1351,2017-07-19,2282.6
1352,2017-07-18,2320.2
1353,2017-07-17,2233.4
1354,2017-07-16,1914.1
1355,2017-07-15,1975.1
1356,2017-07-14,2234.2
1357,2017-07-13,2362.4
1358,2017-07-12,2403.1
1359,2017-07-11,2324.3
1360,2017-07-10,2344.0
1361,2017-07-09,2511.4
1362,2017-07-08,2564.9
1363,2017-07-07,2513.9
1364,2017-07-06,2614.2
1365,2017-07-05,2627.9
1366,2017-07-04,2617.3
1367,2017-07-03,2572.5
1368,2017-07-02,2536.5
1369,2017-07-01,2424.6
1370,2017-06-30,2480.6
1371,2017-06-29,2558.4
1372,2017-06-28,2577.7
1373,2017-06-27,2583.8
1374,2017-06-26,2446.1
1375,2017-06-25,2541.6
1376,2017-06-24,2590.1
1377,2017-06-23,2710.4
1378,2017-06-22,2722.8
1379,2017-06-21,2677.6
1380,2017-06-20,2754.4
1381,2017-06-19,2616.8
1382,2017-06-18,2539.6
1383,2017-06-17,2655.1
1384,2017-06-16,2508.6
1385,2017-06-15,2442.5
1386,2017-06-14,2467.3
1387,2017-06-13,2713.0
1388,2017-06-12,2656.8
1389,2017-06-11,2973.4
1390,2017-06-10,2900.3
1391,2017-06-09,2811.4
1392,2017-06-08,2798.8
1393,2017-06-07,2691.5
1394,2017-06-06,2870.5
1395,2017-06-05,2705.0
1396,2017-06-04,2524.1
1397,2017-06-03,2545.4
1398,2017-06-02,2492.6
1399,2017-06-01,2412.6
1400,2017-05-31,2303.3
1401,2017-05-30,2192.6
1402,2017-05-29,2278.2
1403,2017-05-28,2189.0
1404,2017-05-27,2052.4
1405,2017-05-26,2244.9
1406,2017-05-25,2307.2
1407,2017-05-24,2445.3
1408,2017-05-23,2272.6
1409,2017-05-22,2124.4
1410,2017-05-21,2044.2
1411,2017-05-20,2040.2
1412,2017-05-19,1962.0
1413,2017-05-18,1881.0
1414,2017-05-17,1801.3
1415,2017-05-16,1729.3
1416,2017-05-15,1708.9
1417,2017-05-14,1772.6
1418,2017-05-13,1763.7
1419,2017-05-12,1686.4
1420,2017-05-11,1819.3
1421,2017-05-10,1752.3
1422,2017-05-09,1697.5
1423,2017-05-08,1664.5
1424,2017-05-07,1554.4
1425,2017-05-06,1545.3
1426,2017-05-05,1507.8
1427,2017-05-04,1516.8
1428,2017-05-03,1485.6
1429,2017-05-02,1445.9
1430,2017-05-01,1415.8
1431,2017-04-30,1351.9
1432,2017-04-29,1336.3
1433,2017-04-28,1329.6
1434,2017-04-27,1332.9
1435,2017-04-26,1286.6
1436,2017-04-25,1264.3
1437,2017-04-24,1248.2
1438,2017-04-23,1249.1
1439,2017-04-22,1240.9
1440,2017-04-21,1249.6
1441,2017-04-20,1238.1
1442,2017-04-19,1215.2
1443,2017-04-18,1206.1
1444,2017-04-17,1194.0
1445,2017-04-16,1176.8
1446,2017-04-15,1177.0
1447,2017-04-14,1177.3
1448,2017-04-13,1176.2
1449,2017-04-12,1212.5
1450,2017-04-11,1220.7
1451,2017-04-10,1206.7
1452,2017-04-09,1204.3
1453,2017-04-08,1180.8
1454,2017-04-07,1190.5
1455,2017-04-06,1188.7
1456,2017-04-05,1129.9
1457,2017-04-04,1141.8
1458,2017-04-03,1147.6
1459,2017-04-02,1097.4
1460,2017-04-01,1086.1
1461,2017-03-31,1079.1
1462,2017-03-30,1037.9
1463,2017-03-29,1041.9
1464,2017-03-28,1044.4
1465,2017-03-27,1045.1
1466,2017-03-26,969.4
1467,2017-03-25,966.3
1468,2017-03-24,939.7
1469,2017-03-23,1035.0
1470,2017-03-22,1044.7
1471,2017-03-21,1121.3
1472,2017-03-20,1047.5
1473,2017-03-19,1022.6
1474,2017-03-18,971.4
1475,2017-03-17,1071.7
1476,2017-03-16,1172.9
1477,2017-03-15,1253.4
1478,2017-03-14,1243.1
1479,2017-03-13,1238.2
1480,2017-03-12,1225.1
1481,2017-03-11,1179.2
1482,2017-03-10,1112.4
1483,2017-03-09,1191.3
1484,2017-03-08,1147.0
1485,2017-03-07,1232.7
1486,2017-03-06,1277.0
1487,2017-03-05,1271.2
1488,2017-03-04,1264.3
1489,2017-03-03,1283.3
1490,2017-03-02,1255.5
1491,2017-03-01,1222.7
1492,2017-02-28,1189.3
1493,2017-02-27,1188.8
1494,2017-02-26,1171.6
1495,2017-02-25,1149.1
1496,2017-02-24,1176.5
1497,2017-02-23,1171.9
1498,2017-02-22,1120.5
1499,2017-02-21,1119.0
1500,2017-02-20,1077.6
1501,2017-02-19,1048.9
1502,2017-02-18,1052.3
1503,2017-02-17,1049.4
1504,2017-02-16,1031.9
1505,2017-02-15,1008.2
1506,2017-02-14,1008.3
1507,2017-02-13,995.4
1508,2017-02-12,996.5
1509,2017-02-11,1008.3
1510,2017-02-10,997.6
1511,2017-02-09,979.0
1512,2017-02-08,1055.5
1513,2017-02-07,1049.6
1514,2017-02-06,1024.7
1515,2017-02-05,1016.1
1516,2017-02-04,1031.8
1517,2017-02-03,1013.0
1518,2017-02-02,1004.0
1519,2017-02-01,982.4
1520,2017-01-31,965.5
1521,2017-01-30,920.7
1522,2017-01-29,914.5
1523,2017-01-28,918.5
1524,2017-01-27,918.0
1525,2017-01-26,915.6
1526,2017-01-25,894.4
1527,2017-01-24,893.8
1528,2017-01-23,921.5
1529,2017-01-22,918.8
1530,2017-01-21,919.8
1531,2017-01-20,892.9
1532,2017-01-19,895.2
1533,2017-01-18,872.0
1534,2017-01-17,899.7
1535,2017-01-16,827.3
1536,2017-01-15,821.2
1537,2017-01-14,819.6
1538,2017-01-13,824.8
1539,2017-01-12,810.1
1540,2017-01-11,785.4
1541,2017-01-10,904.4
1542,2017-01-09,899.8
1543,2017-01-08,900.9
1544,2017-01-07,888.9
1545,2017-01-06,886.2
1546,2017-01-05,989.3
1547,2017-01-04,1135.4
1548,2017-01-03,1033.3
1549,2017-01-02,1017.0
1550,2017-01-01,995.4
1551,2016-12-31,963.4
1552,2016-12-30,959.0
1553,2016-12-29,971.1
1554,2016-12-28,972.2
1555,2016-12-27,925.8
1556,2016-12-26,898.4
1557,2016-12-25,891.1
1558,2016-12-24,891.1
1559,2016-12-23,917.2
1560,2016-12-22,860.2
1561,2016-12-21,829.2
1562,2016-12-20,799.1
1563,2016-12-19,789.8
1564,2016-12-18,789.0
1565,2016-12-17,787.2
1566,2016-12-16,782.0
1567,2016-12-15,775.2
1568,2016-12-14,776.5
1569,2016-12-13,778.7
1570,2016-12-12,778.5
1571,2016-12-11,767.9
1572,2016-12-10,774.0
1573,2016-12-09,770.5
1574,2016-12-08,768.5
1575,2016-12-07,765.6
1576,2016-12-06,758.2
1577,2016-12-05,754.3
1578,2016-12-04,766.4
1579,2016-12-03,764.2
1580,2016-12-02,770.9
1581,2016-12-01,752.6
1582,2016-11-30,742.5
1583,2016-11-29,732.6
1584,2016-11-28,733.3
1585,2016-11-27,729.4
1586,2016-11-26,734.1
1587,2016-11-25,740.4
1588,2016-11-24,735.3
1589,2016-11-23,741.1
1590,2016-11-22,749.3
1591,2016-11-21,736.2
1592,2016-11-20,728.5
1593,2016-11-19,747.9
1594,2016-11-18,747.0
1595,2016-11-17,737.5
1596,2016-11-16,740.3
1597,2016-11-15,711.1
1598,2016-11-14,704.6
1599,2016-11-13,702.0
1600,2016-11-12,704.3
1601,2016-11-11,715.0
1602,2016-11-10,714.6
1603,2016-11-09,721.4
1604,2016-11-08,710.9
1605,2016-11-07,705.4
1606,2016-11-06,709.9
1607,2016-11-05,702.1
1608,2016-11-04,702.1
1609,2016-11-03,684.9
1610,2016-11-02,733.5
1611,2016-11-01,726.8
1612,2016-10-31,698.7
1613,2016-10-30,697.3
1614,2016-10-29,715.0
1615,2016-10-28,686.2
1616,2016-10-27,682.3
1617,2016-10-26,674.7
1618,2016-10-25,651.0
1619,2016-10-24,650.5
1620,2016-10-23,653.0
1621,2016-10-22,655.5
1622,2016-10-21,630.5
1623,2016-10-20,628.3
1624,2016-10-19,629.1
1625,2016-10-18,635.3
1626,2016-10-17,637.4
1627,2016-10-16,640.1
1628,2016-10-15,637.0
1629,2016-10-14,637.9
1630,2016-10-13,635.6
1631,2016-10-12,636.0
1632,2016-10-11,640.5
1633,2016-10-10,617.3
1634,2016-10-09,615.8
1635,2016-10-08,617.7
1636,2016-10-07,616.0
1637,2016-10-06,611.0
1638,2016-10-05,611.8
1639,2016-10-04,609.0
1640,2016-10-03,611.6
1641,2016-10-02,610.7
1642,2016-10-01,613.4
1643,2016-09-30,608.1
1644,2016-09-29,604.7
1645,2016-09-28,604.7
1646,2016-09-27,605.5
1647,2016-09-26,606.5
1648,2016-09-25,601.5
1649,2016-09-24,602.6
1650,2016-09-23,602.9
1651,2016-09-22,595.6
1652,2016-09-21,597.2
1653,2016-09-20,609.2
1654,2016-09-19,609.8
1655,2016-09-18,610.7
1656,2016-09-17,607.1
1657,2016-09-16,607.8
1658,2016-09-15,608.1
1659,2016-09-14,609.5
1660,2016-09-13,608.6
1661,2016-09-12,608.0
1662,2016-09-11,605.6
1663,2016-09-10,624.5
1664,2016-09-09,623.2
1665,2016-09-08,625.6
1666,2016-09-07,613.2
1667,2016-09-06,610.4
1668,2016-09-05,605.8
1669,2016-09-04,609.5
1670,2016-09-03,598.8
1671,2016-09-02,575.3
1672,2016-09-01,572.0
1673,2016-08-31,573.9
1674,2016-08-30,577.3
1675,2016-08-29,574.2
1676,2016-08-28,575.0
1677,2016-08-27,570.3
1678,2016-08-26,579.4
1679,2016-08-25,578.0
1680,2016-08-24,579.7
1681,2016-08-23,583.6
1682,2016-08-22,587.5
1683,2016-08-21,580.7
1684,2016-08-20,582.6
1685,2016-08-19,574.6
1686,2016-08-18,573.4
1687,2016-08-17,572.3
1688,2016-08-16,580.2
1689,2016-08-15,567.0
1690,2016-08-14,569.1
1691,2016-08-13,584.6
1692,2016-08-12,587.1
1693,2016-08-11,587.8
1694,2016-08-10,590.9
1695,2016-08-09,585.3
1696,2016-08-08,589.2
1697,2016-08-07,590.8
1698,2016-08-06,586.5
1699,2016-08-05,574.7
1700,2016-08-04,576.2
1701,2016-08-03,566.4
1702,2016-08-02,513.4
1703,2016-08-01,607.0
1704,2016-07-31,621.9
1705,2016-07-30,654.7
1706,2016-07-29,655.4
1707,2016-07-28,654.1
1708,2016-07-27,654.5
1709,2016-07-26,654.4
1710,2016-07-25,654.0
1711,2016-07-24,659.3
1712,2016-07-23,655.2
1713,2016-07-22,651.1
1714,2016-07-21,664.6
1715,2016-07-20,664.4
1716,2016-07-19,671.1
1717,2016-07-18,670.4
1718,2016-07-17,676.3
1719,2016-07-16,660.7
1720,2016-07-15,664.2
1721,2016-07-14,657.3
1722,2016-07-13,661.2
1723,2016-07-12,670.6
1724,2016-07-11,646.7
1725,2016-07-10,647.1
1726,2016-07-09,651.8
1727,2016-07-08,662.8
1728,2016-07-07,635.3
1729,2016-07-06,672.7
1730,2016-07-05,663.7
1731,2016-07-04,675.2
1732,2016-07-03,661.6
1733,2016-07-02,698.1
1734,2016-07-01,674.6
1735,2016-06-30,670.0
1736,2016-06-29,636.5
1737,2016-06-28,644.9
1738,2016-06-27,644.7
1739,2016-06-26,625.4
1740,2016-06-25,663.5
1741,2016-06-24,656.9
1742,2016-06-23,620.8
1743,2016-06-22,590.6
1744,2016-06-21,667.4
1745,2016-06-20,734.0
1746,2016-06-19,761.0
1747,2016-06-18,753.8
1748,2016-06-17,743.9
1749,2016-06-16,761.2
1750,2016-06-15,690.8
1751,2016-06-14,685.1
1752,2016-06-13,700.1
1753,2016-06-12,666.5
1754,2016-06-11,591.6
1755,2016-06-10,577.9
1756,2016-06-09,574.7
1757,2016-06-08,580.5
1758,2016-06-07,575.6
1759,2016-06-06,583.6
1760,2016-06-05,574.9
1761,2016-06-04,572.0
1762,2016-06-03,567.0
1763,2016-06-02,537.1
1764,2016-06-01,537.4
1765,2016-05-31,528.9
1766,2016-05-30,532.3
1767,2016-05-29,516.0
1768,2016-05-28,524.2
1769,2016-05-27,474.0
1770,2016-05-26,453.3
1771,2016-05-25,449.8
1772,2016-05-24,446.1
1773,2016-05-23,443.7
1774,2016-05-22,439.6
1775,2016-05-21,443.6
1776,2016-05-20,442.1
1777,2016-05-19,442.7
1778,2016-05-18,454.2
1779,2016-05-17,453.3
1780,2016-05-16,454.9
1781,2016-05-15,458.1
1782,2016-05-14,456.4
1783,2016-05-13,455.4
1784,2016-05-12,454.4
1785,2016-05-11,452.5
1786,2016-05-10,449.4
1787,2016-05-09,460.4
1788,2016-05-08,457.9
1789,2016-05-07,458.5
1790,2016-05-06,459.6
1791,2016-05-05,448.1
1792,2016-05-04,445.8
1793,2016-05-03,450.3
1794,2016-05-02,444.2
1795,2016-05-01,452.2
1796,2016-04-30,448.5
1797,2016-04-29,455.0
1798,2016-04-28,448.5
1799,2016-04-27,447.0
1800,2016-04-26,466.0
1801,2016-04-25,461.7
1802,2016-04-24,457.6
1803,2016-04-23,450.1
1804,2016-04-22,445.3
1805,2016-04-21,449.3
1806,2016-04-20,441.2
1807,2016-04-19,434.9
1808,2016-04-18,427.7
1809,2016-04-17,426.3
1810,2016-04-16,430.0
1811,2016-04-15,428.7
1812,2016-04-14,424.0
1813,2016-04-13,423.5
1814,2016-04-12,424.7
1815,2016-04-11,421.4
1816,2016-04-10,420.3
1817,2016-04-09,418.0
1818,2016-04-08,417.7
1819,2016-04-07,420.1
1820,2016-04-06,421.3
1821,2016-04-05,422.1
1822,2016-04-04,419.3
1823,2016-04-03,419.1
1824,2016-04-02,418.5
1825,2016-04-01,415.6
1826,2016-03-31,415.7
1827,2016-03-30,412.4
1828,2016-03-29,415.0
1829,2016-03-28,422.2
1830,2016-03-27,424.6
1831,2016-03-26,416.5
1832,2016-03-25,415.7
1833,2016-03-24,414.7
1834,2016-03-23,417.0
1835,2016-03-22,416.2
1836,2016-03-21,411.1
1837,2016-03-20,411.5
1838,2016-03-19,408.7
1839,2016-03-18,408.2
1840,2016-03-17,418.2
1841,2016-03-16,415.9
1842,2016-03-15,415.1
1843,2016-03-14,414.3
1844,2016-03-13,412.4
1845,2016-03-12,410.4
1846,2016-03-11,419.1
1847,2016-03-10,415.8
1848,2016-03-09,412.8
1849,2016-03-08,411.9
1850,2016-03-07,414.9
1851,2016-03-06,406.0
1852,2016-03-05,399.0
1853,2016-03-04,409.5
1854,2016-03-03,419.6
1855,2016-03-02,425.4
1856,2016-03-01,434.0
1857,2016-02-29,436.2
1858,2016-02-28,432.5
1859,2016-02-27,431.3
1860,2016-02-26,427.3
1861,2016-02-25,423.5
1862,2016-02-24,422.7
1863,2016-02-23,419.9
1864,2016-02-22,437.8
1865,2016-02-21,437.9
1866,2016-02-20,440.1
1867,2016-02-19,420.0
1868,2016-02-18,421.4
1869,2016-02-17,417.1
1870,2016-02-16,406.4
1871,2016-02-15,401.1
1872,2016-02-14,405.5
1873,2016-02-13,390.1
1874,2016-02-12,384.0
1875,2016-02-11,379.5
1876,2016-02-10,381.9
1877,2016-02-09,375.3
1878,2016-02-08,372.6
1879,2016-02-07,377.9
1880,2016-02-06,376.7
1881,2016-02-05,386.5
1882,2016-02-04,390.6
1883,2016-02-03,368.0
1884,2016-02-02,373.9
1885,2016-02-01,372.2
1886,2016-01-31,369.8
1887,2016-01-30,377.8
1888,2016-01-29,380.3
1889,2016-01-28,379.7
1890,2016-01-27,395.0
1891,2016-01-26,389.8
1892,2016-01-25,392.8
1893,2016-01-24,402.1
1894,2016-01-23,388.6
1895,2016-01-22,382.6
1896,2016-01-21,410.2
1897,2016-01-20,414.6
1898,2016-01-19,379.5
1899,2016-01-18,384.4
1900,2016-01-17,382.5
1901,2016-01-16,385.0
1902,2016-01-15,372.3
1903,2016-01-14,429.1
1904,2016-01-13,432.2
1905,2016-01-12,445.0
1906,2016-01-11,447.7
1907,2016-01-10,446.2
1908,2016-01-09,448.3
1909,2016-01-08,452.9
1910,2016-01-07,457.0
1911,2016-01-06,430.8
1912,2016-01-05,431.2
1913,2016-01-04,433.3
1914,2016-01-03,430.7
1915,2016-01-02,433.7
1916,2016-01-01,434.0
1917,2015-12-31,430.0
1918,2015-12-30,427.1
1919,2015-12-29,431.9
1920,2015-12-28,421.8
1921,2015-12-27,422.4
1922,2015-12-26,415.4
1923,2015-12-25,454.0
1924,2015-12-24,453.0
1925,2015-12-23,442.4
1926,2015-12-22,437.0
1927,2015-12-21,437.6
1928,2015-12-20,441.8
1929,2015-12-19,461.2
1930,2015-12-18,463.2
1931,2015-12-17,455.5
1932,2015-12-16,454.0
1933,2015-12-15,462.6
1934,2015-12-14,442.0
1935,2015-12-13,434.7
1936,2015-12-12,432.3
1937,2015-12-11,449.8
1938,2015-12-10,415.5
1939,2015-12-09,416.0
1940,2015-12-08,410.7
1941,2015-12-07,394.3
1942,2015-12-06,393.4
1943,2015-12-05,386.7
1944,2015-12-04,361.7
1945,2015-12-03,360.3
1946,2015-12-02,360.0
1947,2015-12-01,361.8
1948,2015-11-30,378.0
1949,2015-11-29,370.8
1950,2015-11-28,355.8
1951,2015-11-27,359.5
1952,2015-11-26,353.7
1953,2015-11-25,327.5
1954,2015-11-24,318.4
1955,2015-11-23,322.1
1956,2015-11-22,322.8
1957,2015-11-21,324.7
1958,2015-11-20,321.1
1959,2015-11-19,325.0
1960,2015-11-18,335.9
1961,2015-11-17,333.9
1962,2015-11-16,330.2
1963,2015-11-15,317.5
1964,2015-11-14,331.8
1965,2015-11-13,333.8
1966,2015-11-12,333.9
1967,2015-11-11,304.7
1968,2015-11-10,336.7
1969,2015-11-09,380.2
1970,2015-11-08,371.6
1971,2015-11-07,385.1
1972,2015-11-06,369.8
1973,2015-11-05,382.7
1974,2015-11-04,400.9
1975,2015-11-03,396.5
1976,2015-11-02,359.3
1977,2015-11-01,323.0
1978,2015-10-31,311.2
1979,2015-10-30,327.1
1980,2015-10-29,313.6
1981,2015-10-28,303.5
1982,2015-10-27,294.7
1983,2015-10-26,285.1
1984,2015-10-25,287.9
1985,2015-10-24,282.6
1986,2015-10-23,276.9
1987,2015-10-22,274.4
1988,2015-10-21,267.1
1989,2015-10-20,269.8
1990,2015-10-19,263.8
1991,2015-10-18,261.7
1992,2015-10-17,269.6
1993,2015-10-16,262.9
1994,2015-10-15,254.4
1995,2015-10-14,252.3
1996,2015-10-13,248.8
1997,2015-10-12,245.4
1998,2015-10-11,247.6
1999,2015-10-10,245.4
2000,2015-10-09,244.0
2001,2015-10-08,242.6
2002,2015-10-07,243.0
2003,2015-10-06,246.1
2004,2015-10-05,240.1
2005,2015-10-04,238.3
2006,2015-10-03,238.6
2007,2015-10-02,236.7
2008,2015-10-01,237.1
2009,2015-09-30,235.9
2010,2015-09-29,236.7
2011,2015-09-28,238.9
2012,2015-09-27,232.5
2013,2015-09-26,234.3
2014,2015-09-25,235.0
2015,2015-09-24,233.8
2016,2015-09-23,229.9
2017,2015-09-22,230.0
2018,2015-09-21,226.3
2019,2015-09-20,231.1
2020,2015-09-19,231.1
2021,2015-09-18,232.2
2022,2015-09-17,232.7
2023,2015-09-16,228.6
2024,2015-09-15,229.5
2025,2015-09-14,229.9
2026,2015-09-13,230.2
2027,2015-09-12,235.6
2028,2015-09-11,239.9
2029,2015-09-10,238.1
2030,2015-09-09,237.4
2031,2015-09-08,243.2
2032,2015-09-07,239.6
2033,2015-09-06,239.9
2034,2015-09-05,233.7
2035,2015-09-04,230.3
2036,2015-09-03,226.2
2037,2015-09-02,228.6
2038,2015-09-01,227.2
2039,2015-08-31,229.5
2040,2015-08-30,228.4
2041,2015-08-29,228.5
2042,2015-08-28,231.6
2043,2015-08-27,222.7
2044,2015-08-26,225.0
2045,2015-08-25,220.5
2046,2015-08-24,211.4
2047,2015-08-23,226.8
2048,2015-08-22,229.5
2049,2015-08-21,232.4
2050,2015-08-20,234.7
2051,2015-08-19,226.0
2052,2015-08-18,246.7
2053,2015-08-17,257.1
2054,2015-08-16,257.1
2055,2015-08-15,260.5
2056,2015-08-14,265.0
2057,2015-08-13,263.4
2058,2015-08-12,267.7
2059,2015-08-11,269.0
2060,2015-08-10,263.3
2061,2015-08-09,263.9
2062,2015-08-08,258.6
2063,2015-08-07,277.9
2064,2015-08-06,278.0
2065,2015-08-05,281.7
2066,2015-08-04,284.3
2067,2015-08-03,281.6
2068,2015-08-02,281.4
2069,2015-08-01,280.5
2070,2015-07-31,283.7
2071,2015-07-30,287.0
2072,2015-07-29,288.4
2073,2015-07-28,293.7
2074,2015-07-27,293.0
2075,2015-07-26,291.8
2076,2015-07-25,288.7
2077,2015-07-24,288.4
2078,2015-07-23,275.5
2079,2015-07-22,276.5
2080,2015-07-21,275.1
2081,2015-07-20,277.7
2082,2015-07-19,273.2
2083,2015-07-18,274.0
2084,2015-07-17,279.6
2085,2015-07-16,276.6
2086,2015-07-15,283.4
2087,2015-07-14,287.0
2088,2015-07-13,290.4
2089,2015-07-12,310.4
2090,2015-07-11,292.0
2091,2015-07-10,283.6
2092,2015-07-09,269.1
2093,2015-07-08,268.6
2094,2015-07-07,266.2
2095,2015-07-06,269.1
2096,2015-07-05,270.1
2097,2015-07-04,260.5
2098,2015-07-03,255.4
2099,2015-07-02,254.9
2100,2015-07-01,257.6
2101,2015-06-30,264.1
2102,2015-06-29,257.0
2103,2015-06-28,248.9
2104,2015-06-27,250.7
2105,2015-06-26,242.9
2106,2015-06-25,242.6
2107,2015-06-24,240.6
2108,2015-06-23,243.8
2109,2015-06-22,247.5
2110,2015-06-21,244.1
2111,2015-06-20,245.0
2112,2015-06-19,244.1
2113,2015-06-18,248.4
2114,2015-06-17,247.4
2115,2015-06-16,249.8
2116,2015-06-15,237.0
2117,2015-06-14,233.8
2118,2015-06-13,232.5
2119,2015-06-12,230.5
2120,2015-06-11,229.9
2121,2015-06-10,228.8
2122,2015-06-09,229.6
2123,2015-06-08,228.6
2124,2015-06-07,223.5
2125,2015-06-06,224.7
2126,2015-06-05,225.3
2127,2015-06-04,224.2
2128,2015-06-03,225.6
2129,2015-06-02,225.7
2130,2015-06-01,223.1
2131,2015-05-31,229.8
2132,2015-05-30,233.2
2133,2015-05-29,237.0
2134,2015-05-28,237.3
2135,2015-05-27,237.3
2136,2015-05-26,237.8
2137,2015-05-25,237.4
2138,2015-05-24,241.0
2139,2015-05-23,238.9
2140,2015-05-22,240.4
2141,2015-05-21,235.4
2142,2015-05-20,234.0
2143,2015-05-19,232.0
2144,2015-05-18,232.6
2145,2015-05-17,236.3
2146,2015-05-16,236.2
2147,2015-05-15,237.2
2148,2015-05-14,236.9
2149,2015-05-13,236.4
2150,2015-05-12,241.6
2151,2015-05-11,241.8
2152,2015-05-10,240.0
2153,2015-05-09,241.4
2154,2015-05-08,243.7
2155,2015-05-07,237.7
2156,2015-05-06,230.0
2157,2015-05-05,235.8
2158,2015-05-04,239.0
2159,2015-05-03,240.0
2160,2015-05-02,235.3
2161,2015-05-01,233.2
2162,2015-04-30,235.8
2163,2015-04-29,225.4
2164,2015-04-28,225.8
2165,2015-04-27,229.0
2166,2015-04-26,218.7
2167,2015-04-25,226.1
2168,2015-04-24,231.1
2169,2015-04-23,235.4
2170,2015-04-22,233.8
2171,2015-04-21,233.7
2172,2015-04-20,224.2
2173,2015-04-19,223.0
2174,2015-04-18,223.4
2175,2015-04-17,222.6
2176,2015-04-16,228.0
2177,2015-04-15,223.0
2178,2015-04-14,218.0
2179,2015-04-13,223.6
2180,2015-04-12,235.9
2181,2015-04-11,236.5
2182,2015-04-10,234.7
2183,2015-04-09,243.3
2184,2015-04-08,244.6
2185,2015-04-07,253.0
2186,2015-04-06,255.0
2187,2015-04-05,259.6
2188,2015-04-04,252.9
2189,2015-04-03,254.5
2190,2015-04-02,252.6
2191,2015-04-01,246.2
2192,2015-03-31,244.1
2193,2015-03-30,246.8
2194,2015-03-29,242.1
2195,2015-03-28,252.0
2196,2015-03-27,247.2
2197,2015-03-26,248.0
2198,2015-03-25,246.4
2199,2015-03-24,246.7
2200,2015-03-23,265.5
2201,2015-03-22,268.6
2202,2015-03-21,259.7
2203,2015-03-20,261.8
2204,2015-03-19,260.9
2205,2015-03-18,255.9
2206,2015-03-17,285.4
2207,2015-03-16,290.4
2208,2015-03-15,284.9
2209,2015-03-14,281.6
2210,2015-03-13,287.2
2211,2015-03-12,293.9
2212,2015-03-11,295.6
2213,2015-03-10,291.4
2214,2015-03-09,290.0
2215,2015-03-08,274.5
2216,2015-03-07,274.9
2217,2015-03-06,272.6
2218,2015-03-05,275.2
2219,2015-03-04,271.9
2220,2015-03-03,280.6
2221,2015-03-02,273.8
2222,2015-03-01,257.9
2223,2015-02-28,254.1
2224,2015-02-27,253.5
2225,2015-02-26,236.5
2226,2015-02-25,237.3
2227,2015-02-24,238.9
2228,2015-02-23,238.8
2229,2015-02-22,235.7
2230,2015-02-21,244.4
2231,2015-02-20,244.5
2232,2015-02-19,241.9
2233,2015-02-18,235.2
2234,2015-02-17,243.2
2235,2015-02-16,235.8
2236,2015-02-15,233.3
2237,2015-02-14,258.6
2238,2015-02-13,236.2
2239,2015-02-12,221.8
2240,2015-02-11,218.8
2241,2015-02-10,219.7
2242,2015-02-09,220.3
2243,2015-02-08,223.7
2244,2015-02-07,227.7
2245,2015-02-06,223.0
2246,2015-02-05,216.5
2247,2015-02-04,226.6
2248,2015-02-03,227.4
2249,2015-02-02,238.9
2250,2015-02-01,225.3
2251,2015-01-31,218.5
2252,2015-01-30,231.8
2253,2015-01-29,234.0
2254,2015-01-28,236.2
2255,2015-01-27,263.3
2256,2015-01-26,269.2
2257,2015-01-25,252.1
2258,2015-01-24,248.2
2259,2015-01-23,232.2
2260,2015-01-22,232.7
2261,2015-01-21,228.2
2262,2015-01-20,210.6
2263,2015-01-19,215.9
2264,2015-01-18,210.6
2265,2015-01-17,199.6
2266,2015-01-16,206.9
2267,2015-01-15,209.8
2268,2015-01-14,164.9
2269,2015-01-13,221.3
2270,2015-01-12,269.3
2271,2015-01-11,264.8
2272,2015-01-10,273.4
2273,2015-01-09,288.0
2274,2015-01-08,282.7
2275,2015-01-07,291.3
2276,2015-01-06,282.3
2277,2015-01-05,274.8
2278,2015-01-04,264.7
2279,2015-01-03,287.1
2280,2015-01-02,315.2
2281,2015-01-01,314.9
2282,2014-12-31,318.2
2283,2014-12-30,311.3
2284,2014-12-29,314.1
2285,2014-12-28,316.5
2286,2014-12-27,315.3
2287,2014-12-26,330.0
2288,2014-12-25,319.0
2289,2014-12-24,322.4
2290,2014-12-23,335.3
2291,2014-12-22,330.8
2292,2014-12-21,322.6
2293,2014-12-20,330.4
2294,2014-12-19,317.8
2295,2014-12-18,310.3
2296,2014-12-17,320.0
2297,2014-12-16,330.2
2298,2014-12-15,345.4
2299,2014-12-14,349.4
2300,2014-12-13,348.2
2301,2014-12-12,353.4
2302,2014-12-11,347.7
2303,2014-12-10,347.9
2304,2014-12-09,352.2
2305,2014-12-08,365.0
2306,2014-12-07,376.5
2307,2014-12-06,376.3
2308,2014-12-05,377.6
2309,2014-12-04,369.8
2310,2014-12-03,377.0
2311,2014-12-02,380.6
2312,2014-12-01,378.6
2313,2014-11-30,374.9
2314,2014-11-29,376.3
2315,2014-11-28,377.6
2316,2014-11-27,368.8
2317,2014-11-26,365.4
2318,2014-11-25,376.4
2319,2014-11-24,378.9
2320,2014-11-23,365.9
2321,2014-11-22,352.0
2322,2014-11-21,351.8
2323,2014-11-20,357.3
2324,2014-11-19,381.4
2325,2014-11-18,379.2
2326,2014-11-17,384.7
2327,2014-11-16,385.6
2328,2014-11-15,374.9
2329,2014-11-14,396.5
2330,2014-11-13,428.7
2331,2014-11-12,432.0
2332,2014-11-11,365.4
2333,2014-11-10,367.1
2334,2014-11-09,362.0
2335,2014-11-08,343.5
2336,2014-11-07,341.9
2337,2014-11-06,347.7
2338,2014-11-05,338.0
2339,2014-11-04,328.0
2340,2014-11-03,324.2
2341,2014-11-02,322.5
2342,2014-11-01,325.4
2343,2014-10-31,337.9
2344,2014-10-30,344.9
2345,2014-10-29,335.1
2346,2014-10-28,351.1
2347,2014-10-27,350.1
2348,2014-10-26,348.7
2349,2014-10-25,346.7
2350,2014-10-24,355.1
2351,2014-10-23,355.8
2352,2014-10-22,378.9
2353,2014-10-21,382.4
2354,2014-10-20,380.4
2355,2014-10-19,387.3
2356,2014-10-18,390.9
2357,2014-10-17,380.5
2358,2014-10-16,379.8
2359,2014-10-15,393.2
2360,2014-10-14,397.1
2361,2014-10-13,387.3
2362,2014-10-12,373.2
2363,2014-10-11,361.2
2364,2014-10-10,361.7
2365,2014-10-09,360.9
2366,2014-10-08,350.9
2367,2014-10-07,331.6
2368,2014-10-06,331.5
2369,2014-10-05,322.9
2370,2014-10-04,335.3
2371,2014-10-03,363.5
2372,2014-10-02,375.1
2373,2014-10-01,382.8
2374,2014-09-30,388.2
2375,2014-09-29,376.8
2376,2014-09-28,379.1
2377,2014-09-27,399.0
2378,2014-09-26,404.5
2379,2014-09-25,412.3
2380,2014-09-24,423.8
2381,2014-09-23,436.9
2382,2014-09-22,404.1
2383,2014-09-21,401.6
2384,2014-09-20,411.5
2385,2014-09-19,397.7
2386,2014-09-18,424.3
2387,2014-09-17,461.1
2388,2014-09-16,466.8
2389,2014-09-15,477.7
2390,2014-09-14,477.7
2391,2014-09-13,478.2
2392,2014-09-12,477.7
2393,2014-09-11,478.5
2394,2014-09-10,479.7
2395,2014-09-09,474.9
2396,2014-09-08,475.7
2397,2014-09-07,485.8
2398,2014-09-06,484.5
2399,2014-09-05,483.6
2400,2014-09-04,491.0
2401,2014-09-03,480.0
2402,2014-09-02,478.9
2403,2014-09-01,477.2
2404,2014-08-31,481.8
2405,2014-08-30,506.0
2406,2014-08-29,512.6
2407,2014-08-28,510.8
2408,2014-08-27,515.2
2409,2014-08-26,512.6
2410,2014-08-25,502.9
2411,2014-08-24,509.7
2412,2014-08-23,497.7
2413,2014-08-22,516.1
2414,2014-08-21,517.9
2415,2014-08-20,516.8
2416,2014-08-19,485.1
2417,2014-08-18,462.2
2418,2014-08-17,485.5
2419,2014-08-16,522.0
2420,2014-08-15,496.5
2421,2014-08-14,504.8
2422,2014-08-13,542.1
2423,2014-08-12,567.7
2424,2014-08-11,575.9
2425,2014-08-10,592.1
2426,2014-08-09,589.5
2427,2014-08-08,595.8
2428,2014-08-07,592.8
2429,2014-08-06,589.8
2430,2014-08-05,588.8
2431,2014-08-04,592.8
2432,2014-08-03,588.9
2433,2014-08-02,591.7
2434,2014-08-01,598.8
2435,2014-07-31,589.5
2436,2014-07-30,564.6
2437,2014-07-29,585.8
2438,2014-07-28,587.9
2439,2014-07-27,595.0
2440,2014-07-26,596.0
2441,2014-07-25,600.5
2442,2014-07-24,601.9
2443,2014-07-23,621.7
2444,2014-07-22,622.5
2445,2014-07-21,625.1
2446,2014-07-20,621.0
2447,2014-07-19,627.0
2448,2014-07-18,627.5
2449,2014-07-17,626.6
2450,2014-07-16,614.8
2451,2014-07-15,619.6
2452,2014-07-14,618.3
2453,2014-07-13,628.0
2454,2014-07-12,635.9
2455,2014-07-11,632.9
2456,2014-07-10,618.4
2457,2014-07-09,623.0
2458,2014-07-08,615.3
2459,2014-07-07,613.6
2460,2014-07-06,626.7
2461,2014-07-05,623.0
2462,2014-07-04,624.0
2463,2014-07-03,638.0
2464,2014-07-02,645.7
2465,2014-07-01,643.2
2466,2014-06-30,635.1
2467,2014-06-29,601.1
2468,2014-06-28,597.6
2469,2014-06-27,602.2
2470,2014-06-26,582.7
2471,2014-06-25,568.5
2472,2014-06-24,588.8
2473,2014-06-23,591.2
2474,2014-06-22,603.6
2475,2014-06-21,597.0
2476,2014-06-20,590.8
2477,2014-06-19,600.2
2478,2014-06-18,606.2
2479,2014-06-17,605.1
2480,2014-06-16,599.1
2481,2014-06-15,582.3
2482,2014-06-14,583.4
2483,2014-06-13,610.3
2484,2014-06-12,597.1
2485,2014-06-11,643.0
2486,2014-06-10,655.6
2487,2014-06-09,644.3
2488,2014-06-08,651.0
2489,2014-06-07,651.7
2490,2014-06-06,650.4
2491,2014-06-05,660.2
2492,2014-06-04,638.9
2493,2014-06-03,669.4
2494,2014-06-02,655.5
2495,2014-06-01,649.8
2496,2014-05-31,627.9
2497,2014-05-30,612.3
2498,2014-05-29,564.4
2499,2014-05-28,570.8
2500,2014-05-27,570.1
2501,2014-05-26,582.0
2502,2014-05-25,570.4
2503,2014-05-24,520.5
2504,2014-05-23,518.1
2505,2014-05-22,515.4
2506,2014-05-21,488.8
2507,2014-05-20,484.6
2508,2014-05-19,443.9
2509,2014-05-18,450.1
2510,2014-05-17,452.8
2511,2014-05-16,453.6
2512,2014-05-15,448.1
2513,2014-05-14,442.6
2514,2014-05-13,433.9
2515,2014-05-12,438.2
2516,2014-05-11,433.2
2517,2014-05-10,451.9
2518,2014-05-09,445.5
2519,2014-05-08,441.1
2520,2014-05-07,446.5
2521,2014-05-06,432.2
2522,2014-05-05,430.9
2523,2014-05-04,436.0
2524,2014-05-03,438.6
2525,2014-05-02,453.7
2526,2014-05-01,460.1
2527,2014-04-30,445.6
2528,2014-04-29,446.1
2529,2014-04-28,441.9
2530,2014-04-27,443.2
2531,2014-04-26,457.9
2532,2014-04-25,464.5
2533,2014-04-24,500.3
2534,2014-04-23,487.3
2535,2014-04-22,487.9
2536,2014-04-21,495.2
2537,2014-04-20,498.5
2538,2014-04-19,506.0
2539,2014-04-18,485.5
2540,2014-04-17,502.0
2541,2014-04-16,537.0
2542,2014-04-15,526.4
2543,2014-04-14,478.4
2544,2014-04-13,427.6
2545,2014-04-12,437.6
2546,2014-04-11,435.1
2547,2014-04-10,384.6
2548,2014-04-09,457.3
2549,2014-04-08,466.6
2550,2014-04-07,462.4
2551,2014-04-06,455.7
2552,2014-04-05,456.6
2553,2014-04-04,444.4
2554,2014-04-03,436.3
2555,2014-04-02,424.4
2556,2014-04-01,463.5
2557,2014-03-31,444.7
2558,2014-03-30,446.9
2559,2014-03-29,477.1
2560,2014-03-28,482.6
2561,2014-03-27,460.5
2562,2014-03-26,562.5
2563,2014-03-25,562.9
2564,2014-03-24,567.6
2565,2014-03-23,551.2
2566,2014-03-22,564.3
2567,2014-03-21,549.6
2568,2014-03-20,566.0
2569,2014-03-19,595.0
2570,2014-03-18,598.9
2571,2014-03-17,606.4
2572,2014-03-16,619.1
2573,2014-03-15,624.0
2574,2014-03-14,614.0
2575,2014-03-13,625.0
2576,2014-03-12,619.4
2577,2014-03-11,608.7
2578,2014-03-10,613.0
2579,2014-03-09,627.0
2580,2014-03-08,609.2
2581,2014-03-07,616.7
2582,2014-03-06,648.3
2583,2014-03-05,658.3
2584,2014-03-04,661.8
2585,2014-03-03,662.2
2586,2014-03-02,544.6
2587,2014-03-01,557.4
2588,2014-02-28,573.9
2589,2014-02-27,596.5
2590,2014-02-26,593.1
2591,2014-02-25,135.8
2592,2014-02-24,174.0
2593,2014-02-23,310.2
2594,2014-02-22,255.6
2595,2014-02-21,111.6
2596,2014-02-20,111.9
2597,2014-02-19,261.5
2598,2014-02-18,294.0
2599,2014-02-17,272.3
2600,2014-02-16,299.8
2601,2014-02-15,371.1
2602,2014-02-14,427.7
2603,2014-02-13,451.4
2604,2014-02-12,531.1
2605,2014-02-11,579.0
2606,2014-02-10,582.6
2607,2014-02-09,659.6
2608,2014-02-08,648.8
2609,2014-02-07,695.7
2610,2014-02-06,828.9
2611,2014-02-05,904.5
2612,2014-02-04,926.6
2613,2014-02-03,931.7
2614,2014-02-02,953.3
2615,2014-02-01,940.4
2616,2014-01-31,938.8
2617,2014-01-30,941.4
2618,2014-01-29,925.7
2619,2014-01-28,932.7
2620,2014-01-27,943.5
2621,2014-01-26,1007.0
2622,2014-01-25,961.0
2623,2014-01-24,916.5
2624,2014-01-23,944.2
2625,2014-01-22,951.0
2626,2014-01-21,962.2
2627,2014-01-20,956.0
2628,2014-01-19,954.8
2629,2014-01-18,905.7
2630,2014-01-17,894.2
2631,2014-01-16,913.5
2632,2014-01-15,941.2
2633,2014-01-14,919.3
2634,2014-01-13,922.9
2635,2014-01-12,939.8
2636,2014-01-11,1005.3
2637,2014-01-10,957.8
2638,2014-01-09,937.0
2639,2014-01-08,938.8
2640,2014-01-07,879.9
2641,2014-01-06,1012.7
2642,2014-01-05,1014.7
2643,2014-01-04,924.7
2644,2014-01-03,884.3
2645,2014-01-02,856.9
2646,2014-01-01,815.9
2647,2013-12-31,805.9
2648,2013-12-30,804.8
2649,2013-12-29,785.0
2650,2013-12-28,762.0
2651,2013-12-27,803.0
2652,2013-12-26,802.0
2653,2013-12-25,707.3
2654,2013-12-24,702.8
2655,2013-12-23,713.2
2656,2013-12-22,639.5
2657,2013-12-21,640.5
2658,2013-12-20,650.0
2659,2013-12-19,732.0
2660,2013-12-18,541.0
2661,2013-12-17,715.0
2662,2013-12-16,759.9
2663,2013-12-15,919.9
2664,2013-12-14,908.9
2665,2013-12-13,936.8
2666,2013-12-12,900.0
2667,2013-12-11,919.9
2668,2013-12-10,1033.7
2669,2013-12-09,919.0
2670,2013-12-08,804.0
2671,2013-12-07,697.0
2672,2013-12-06,845.0
2673,2013-12-05,1106.3
2674,2013-12-04,1237.6
2675,2013-12-03,1154.9
2676,2013-12-02,1096.6
2677,2013-12-01,1004.4
2678,2013-11-30,1205.7
2679,2013-11-29,1206.9
2680,2013-11-28,1101.4
2681,2013-11-27,1079.9
2682,2013-11-26,970.0
2683,2013-11-25,830.0
2684,2013-11-24,795.0
2685,2013-11-23,832.5
2686,2013-11-22,802.0
2687,2013-11-21,764.9
2688,2013-11-20,638.0
2689,2013-11-19,645.7
2690,2013-11-18,785.4
2691,2013-11-17,528.3
2692,2013-11-16,462.0
2693,2013-11-15,433.9
2694,2013-11-14,433.4
2695,2013-11-13,434.9
2696,2013-11-12,380.0
2697,2013-11-11,363.0
2698,2013-11-10,336.3
2699,2013-11-09,367.8
2700,2013-11-08,355.0
2701,2013-11-07,309.6
2702,2013-11-06,264.1
2703,2013-11-05,251.3
2704,2013-11-04,238.2
2705,2013-11-03,224.0
2706,2013-11-02,211.7
2707,2013-11-01,213.4
2708,2013-10-31,211.2
2709,2013-10-30,208.0
2710,2013-10-29,216.0
2711,2013-10-28,206.9
2712,2013-10-27,206.9
2713,2013-10-26,188.6
2714,2013-10-25,197.9
2715,2013-10-24,207.0
2716,2013-10-23,228.0
2717,2013-10-22,203.0
2718,2013-10-21,192.8
2719,2013-10-20,186.1
2720,2013-10-19,183.1
2721,2013-10-18,168.3
2722,2013-10-17,157.6
2723,2013-10-16,152.8
2724,2013-10-15,158.1
2725,2013-10-14,151.4
2726,2013-10-13,147.5
2727,2013-10-12,142.9
2728,2013-10-11,140.1
2729,2013-10-10,140.4
2730,2013-10-09,139.5
2731,2013-10-08,136.5
2732,2013-10-07,135.8
2733,2013-10-06,137.8
2734,2013-10-05,136.7
2735,2013-10-04,136.8
2736,2013-10-03,131.0
2737,2013-10-02,123.0
2738,2013-10-01,140.3
2739,2013-09-30,141.9
2740,2013-09-29,143.9
2741,2013-09-28,142.5
2742,2013-09-27,138.9
2743,2013-09-26,137.1
2744,2013-09-25,135.0
2745,2013-09-24,134.8
2746,2013-09-23,133.4
2747,2013-09-22,134.0
2748,2013-09-21,134.4
2749,2013-09-20,133.8
2750,2013-09-19,135.1
2751,2013-09-18,140.4
2752,2013-09-17,139.1
2753,2013-09-16,139.4
2754,2013-09-15,138.3
2755,2013-09-14,136.7
2756,2013-09-13,140.7
2757,2013-09-12,139.4
2758,2013-09-11,142.1
2759,2013-09-10,132.6
2760,2013-09-09,133.1
2761,2013-09-08,126.3
2762,2013-09-07,129.0
2763,2013-09-06,121.9
2764,2013-09-05,130.2
2765,2013-09-04,132.5
2766,2013-09-03,144.0
2767,2013-09-02,144.0
2768,2013-09-01,146.0
2769,2013-08-31,141.0
2770,2013-08-30,138.0
2771,2013-08-29,129.3
2772,2013-08-28,128.8
2773,2013-08-27,131.3
2774,2013-08-26,120.1
2775,2013-08-25,122.1
2776,2013-08-24,119.6
2777,2013-08-23,118.5
2778,2013-08-22,122.0
2779,2013-08-21,123.3
2780,2013-08-20,121.2
2781,2013-08-19,118.5
2782,2013-08-18,113.4
2783,2013-08-17,112.8
2784,2013-08-16,109.0
2785,2013-08-15,110.0
2786,2013-08-14,112.6
2787,2013-08-13,109.6
2788,2013-08-12,106.8
2789,2013-08-11,105.0
2790,2013-08-10,103.0
2791,2013-08-09,102.8
2792,2013-08-08,103.1
2793,2013-08-07,106.0
2794,2013-08-06,106.6
2795,2013-08-05,106.7
2796,2013-08-04,105.1
2797,2013-08-03,104.9
2798,2013-08-02,104.5
2799,2013-08-01,104.0
2800,2013-07-31,106.2
2801,2013-07-30,108.0
2802,2013-07-29,101.5
2803,2013-07-28,98.8
2804,2013-07-27,94.4
2805,2013-07-26,96.0
2806,2013-07-25,96.9
2807,2013-07-24,95.1
2808,2013-07-23,95.6
2809,2013-07-22,91.6
2810,2013-07-21,92.0
2811,2013-07-20,89.8
2812,2013-07-19,92.0
2813,2013-07-18,90.1
2814,2013-07-17,98.5
2815,2013-07-16,97.1
2816,2013-07-15,98.9
2817,2013-07-14,94.4
2818,2013-07-13,98.3
2819,2013-07-12,94.0
2820,2013-07-11,89.0
2821,2013-07-10,88.0
2822,2013-07-09,76.7
2823,2013-07-08,76.0
2824,2013-07-07,76.5
2825,2013-07-06,69.7
2826,2013-07-05,68.5
2827,2013-07-04,80.0
2828,2013-07-03,78.9
2829,2013-07-02,90.4
2830,2013-07-01,88.1
2831,2013-06-30,97.5
2832,2013-06-29,95.0
2833,2013-06-28,94.7
2834,2013-06-27,101.7
2835,2013-06-26,104.0
2836,2013-06-25,103.3
2837,2013-06-24,102.1
2838,2013-06-23,107.9
2839,2013-06-22,108.2
2840,2013-06-21,109.5
2841,2013-06-20,111.3
2842,2013-06-19,108.3
2843,2013-06-18,107.3
2844,2013-06-17,101.9
2845,2013-06-16,99.9
2846,2013-06-15,99.8
2847,2013-06-14,100.0
2848,2013-06-13,103.9
2849,2013-06-12,108.8
2850,2013-06-11,109.0
2851,2013-06-10,106.3
2852,2013-06-09,100.4
2853,2013-06-08,107.9
2854,2013-06-07,111.0
2855,2013-06-06,119.0
2856,2013-06-05,121.9
2857,2013-06-04,121.4
2858,2013-06-03,120.7
2859,2013-06-02,122.5
2860,2013-06-01,129.3
2861,2013-05-31,128.8
2862,2013-05-30,128.8
2863,2013-05-29,132.3
2864,2013-05-28,129.0
2865,2013-05-27,129.8
2866,2013-05-26,133.5
2867,2013-05-25,132.0
2868,2013-05-24,133.1
2869,2013-05-23,126.3
2870,2013-05-22,123.8
2871,2013-05-21,122.9
2872,2013-05-20,122.0
2873,2013-05-19,122.5
2874,2013-05-18,123.2
2875,2013-05-17,123.5
2876,2013-05-16,118.2
2877,2013-05-15,114.2
2878,2013-05-14,111.4
2879,2013-05-13,118.0
2880,2013-05-12,114.8
2881,2013-05-11,115.6
2882,2013-05-10,117.7
2883,2013-05-09,112.8
2884,2013-05-08,113.2
2885,2013-05-07,109.6
2886,2013-05-06,112.3
2887,2013-05-05,116.0
2888,2013-05-04,112.9
2889,2013-05-03,98.1
2890,2013-05-02,106.3
2891,2013-05-01,116.4
2892,2013-04-30,139.2
2893,2013-04-29,144.0
2894,2013-04-28,134.4
2895,2013-04-27,128.0
2896,2013-04-26,136.9
2897,2013-04-25,141.7
2898,2013-04-24,154.2
2899,2013-04-23,143.5
2900,2013-04-22,127.4
2901,2013-04-21,119.2
2902,2013-04-20,126.6
2903,2013-04-19,118.5
2904,2013-04-18,109.0
2905,2013-04-17,93.1
2906,2013-04-16,68.4
2907,2013-04-15,82.4
2908,2013-04-14,90.0
2909,2013-04-13,93.0
2910,2013-04-12,117.0
2911,2013-04-11,124.9
2912,2013-04-10,165.0
2913,2013-04-09,230.0
2914,2013-04-08,187.5
2915,2013-04-07,162.3
2916,2013-04-06,142.6
2917,2013-04-05,142.3
2918,2013-04-04,132.1
2919,2013-04-03,135.0
2920,2013-04-02,118.0
2921,2013-04-01,104.0
2922,2013-03-31,93.0
2923,2013-03-30,92.2
2924,2013-03-29,90.5
2925,2013-03-28,86.2
2926,2013-03-27,88.9
2927,2013-03-26,78.5
2928,2013-03-25,73.6
2929,2013-03-24,71.5
2930,2013-03-23,64.3
2931,2013-03-22,69.9
2932,2013-03-21,70.8
2933,2013-03-20,64.5
2934,2013-03-19,59.1
2935,2013-03-18,51.6
2936,2013-03-17,47.4
2937,2013-03-16,47.0
2938,2013-03-15,47.0
2939,2013-03-14,47.2
2940,2013-03-13,46.9
2941,2013-03-12,44.3
2942,2013-03-11,48.4
2943,2013-03-10,46.0
2944,2013-03-09,46.8
2945,2013-03-08,44.2
2946,2013-03-07,42.0
2947,2013-03-06,41.0
2948,2013-03-05,40.3
2949,2013-03-04,36.2
2950,2013-03-03,34.5
2951,2013-03-02,34.3
2952,2013-03-01,34.5
2953,2013-02-28,33.4
2954,2013-02-27,30.9
2955,2013-02-26,31.1
2956,2013-02-25,30.4
2957,2013-02-24,29.9
2958,2013-02-23,29.8
2959,2013-02-22,30.3
2960,2013-02-21,29.8
2961,2013-02-20,29.6
2962,2013-02-19,29.4
2963,2013-02-18,27.0
2964,2013-02-17,26.8
2965,2013-02-16,27.2
2966,2013-02-15,27.1
2967,2013-02-14,27.2
2968,2013-02-13,24.2
2969,2013-02-12,25.2
2970,2013-02-11,24.6
2971,2013-02-10,24.0
2972,2013-02-09,23.6
2973,2013-02-08,22.7
2974,2013-02-07,22.1
2975,2013-02-06,21.2
2976,2013-02-05,20.6
2977,2013-02-04,20.4
2978,2013-02-03,20.6
2979,2013-02-02,19.6
2980,2013-02-01,20.5
2981,2013-01-31,20.4
2982,2013-01-30,19.7
2983,2013-01-29,19.5
2984,2013-01-28,18.7
2985,2013-01-27,17.8
2986,2013-01-26,17.9
2987,2013-01-25,17.4
2988,2013-01-24,16.9
2989,2013-01-23,17.5
2990,2013-01-22,17.3
2991,2013-01-21,16.8
2992,2013-01-20,15.7
2993,2013-01-19,15.6
2994,2013-01-18,15.7
2995,2013-01-17,15.5
2996,2013-01-16,14.7
2997,2013-01-15,14.3
2998,2013-01-14,14.3
2999,2013-01-13,14.1
3000,2013-01-12,14.2
3001,2013-01-11,14.1
3002,2013-01-10,14.1
3003,2013-01-09,13.8
3004,2013-01-08,13.7
3005,2013-01-07,13.6
3006,2013-01-06,13.4
3007,2013-01-05,13.4
3008,2013-01-04,13.5
3009,2013-01-03,13.4
3010,2013-01-02,13.3
3011,2013-01-01,13.3
3012,2012-12-31,13.5
3013,2012-12-30,13.4
3014,2012-12-29,13.4
3015,2012-12-28,13.4
3016,2012-12-27,13.4
3017,2012-12-26,13.5
3018,2012-12-25,13.4
3019,2012-12-24,13.4
3020,2012-12-23,13.3
3021,2012-12-22,13.4
3022,2012-12-21,13.5
3023,2012-12-20,13.5
3024,2012-12-19,13.6
3025,2012-12-18,13.3
3026,2012-12-17,13.3
3027,2012-12-16,13.3
3028,2012-12-15,13.5
3029,2012-12-14,13.6
3030,2012-12-13,13.7
3031,2012-12-12,13.7
3032,2012-12-11,13.6
3033,2012-12-10,13.4
3034,2012-12-09,13.4
3035,2012-12-08,13.4
3036,2012-12-07,13.5
3037,2012-12-06,13.3
3038,2012-12-05,13.4
3039,2012-12-04,13.4
3040,2012-12-03,12.7
3041,2012-12-02,12.5
3042,2012-12-01,12.6
3043,2012-11-30,12.6
3044,2012-11-29,12.4
3045,2012-11-28,12.4
3046,2012-11-27,12.2
3047,2012-11-26,12.3
3048,2012-11-25,12.5
3049,2012-11-24,12.4
3050,2012-11-23,12.4
3051,2012-11-22,12.4
3052,2012-11-21,11.8
3053,2012-11-20,11.7
3054,2012-11-19,11.8
3055,2012-11-18,11.6
3056,2012-11-17,11.8
3057,2012-11-16,11.8
3058,2012-11-15,11.2
3059,2012-11-14,10.9
3060,2012-11-13,10.9
3061,2012-11-12,11.0
3062,2012-11-11,10.9
3063,2012-11-10,10.9
3064,2012-11-09,10.8
3065,2012-11-08,10.9
3066,2012-11-07,10.9
3067,2012-11-06,10.9
3068,2012-11-05,10.8
3069,2012-11-04,10.8
3070,2012-11-03,10.6
3071,2012-11-02,10.5
3072,2012-11-01,10.6
3073,2012-10-31,11.2
3074,2012-10-30,10.9
3075,2012-10-29,10.6
3076,2012-10-28,10.7
3077,2012-10-27,10.3
3078,2012-10-26,10.2
3079,2012-10-25,10.9
3080,2012-10-24,11.6
3081,2012-10-23,11.6
3082,2012-10-22,11.7
3083,2012-10-21,11.6
3084,2012-10-20,11.7
3085,2012-10-19,11.7
3086,2012-10-18,11.9
3087,2012-10-17,11.8
3088,2012-10-16,11.9
3089,2012-10-15,11.8
3090,2012-10-14,11.7
3091,2012-10-13,11.9
3092,2012-10-12,12.0
3093,2012-10-11,12.0
3094,2012-10-10,12.1
3095,2012-10-09,11.9
3096,2012-10-08,11.8
3097,2012-10-07,11.8
3098,2012-10-06,12.5
3099,2012-10-05,12.7
3100,2012-10-04,12.9
3101,2012-10-03,12.9
3102,2012-10-02,12.8
3103,2012-10-01,12.4
3104,2012-09-30,12.4
3105,2012-09-29,12.4
3106,2012-09-28,12.4
3107,2012-09-27,12.3
3108,2012-09-26,12.3
3109,2012-09-25,12.2
3110,2012-09-24,12.1
3111,2012-09-23,12.2
3112,2012-09-22,12.2
3113,2012-09-21,12.4
3114,2012-09-20,12.3
3115,2012-09-19,12.6
3116,2012-09-18,12.3
3117,2012-09-17,11.9
3118,2012-09-16,11.9
3119,2012-09-15,11.8
3120,2012-09-14,11.7
3121,2012-09-13,11.4
3122,2012-09-12,11.4
3123,2012-09-11,11.3
3124,2012-09-10,11.2
3125,2012-09-09,11.0
3126,2012-09-08,11.0
3127,2012-09-07,11.0
3128,2012-09-06,11.2
3129,2012-09-05,11.0
3130,2012-09-04,10.4
3131,2012-09-03,10.5
3132,2012-09-02,10.2
3133,2012-09-01,10.0
3134,2012-08-31,10.2
3135,2012-08-30,10.8
3136,2012-08-29,10.9
3137,2012-08-28,10.9
3138,2012-08-27,10.9
3139,2012-08-26,10.6
3140,2012-08-25,10.5
3141,2012-08-24,10.6
3142,2012-08-23,10.1
3143,2012-08-22,9.8
3144,2012-08-21,9.9
3145,2012-08-20,10.1
3146,2012-08-19,8.0
3147,2012-08-18,11.6
3148,2012-08-17,11.6
3149,2012-08-16,13.5
3150,2012-08-15,13.3
3151,2012-08-14,12.2
3152,2012-08-13,12.0
3153,2012-08-12,11.6
3154,2012-08-11,11.5
3155,2012-08-10,11.4
3156,2012-08-09,11.1
3157,2012-08-08,11.1
3158,2012-08-07,11.1
3159,2012-08-06,10.9
3160,2012-08-05,10.9
3161,2012-08-04,11.0
3162,2012-08-03,11.0
3163,2012-08-02,10.5
3164,2012-08-01,9.6
3165,2012-07-31,9.4
3166,2012-07-30,9.1
3167,2012-07-29,8.7
3168,2012-07-28,8.9
3169,2012-07-27,8.9
3170,2012-07-26,8.9
3171,2012-07-25,8.8
3172,2012-07-24,8.6
3173,2012-07-23,8.4
3174,2012-07-22,8.4
3175,2012-07-21,8.9
3176,2012-07-20,8.5
3177,2012-07-19,8.9
3178,2012-07-18,9.1
3179,2012-07-17,8.8
3180,2012-07-16,8.5
3181,2012-07-15,7.6
3182,2012-07-14,7.5
3183,2012-07-13,7.7
3184,2012-07-12,7.8
3185,2012-07-11,7.2
3186,2012-07-10,7.2
3187,2012-07-09,7.0
3188,2012-07-08,6.8
3189,2012-07-07,6.8
3190,2012-07-06,6.7
3191,2012-07-05,6.7
3192,2012-07-04,6.5
3193,2012-07-03,6.4
3194,2012-07-02,6.8
3195,2012-07-01,6.6
3196,2012-06-30,6.7
3197,2012-06-29,6.7
3198,2012-06-28,6.6
3199,2012-06-27,6.7
3200,2012-06-26,6.4
3201,2012-06-25,6.3
3202,2012-06-24,6.3
3203,2012-06-23,6.4
3204,2012-06-22,6.6
3205,2012-06-21,6.7
3206,2012-06-20,6.7
3207,2012-06-19,6.5
3208,2012-06-18,6.3
3209,2012-06-17,6.2
3210,2012-06-16,6.4
3211,2012-06-15,6.5
3212,2012-06-14,5.9
3213,2012-06-13,5.9
3214,2012-06-12,5.7
3215,2012-06-11,5.6
3216,2012-06-10,5.5
3217,2012-06-09,5.6
3218,2012-06-08,5.6
3219,2012-06-07,5.6
3220,2012-06-06,5.5
3221,2012-06-05,5.4
3222,2012-06-04,5.3
3223,2012-06-03,5.2
3224,2012-06-02,5.3
3225,2012-06-01,5.3
3226,2012-05-31,5.2
3227,2012-05-30,5.1
3228,2012-05-29,5.2
3229,2012-05-28,5.1
3230,2012-05-27,5.1
3231,2012-05-26,5.1
3232,2012-05-25,5.2
3233,2012-05-24,5.1
3234,2012-05-23,5.1
3235,2012-05-22,5.1
3236,2012-05-21,5.1
3237,2012-05-20,5.1
3238,2012-05-19,5.1
3239,2012-05-18,5.1
3240,2012-05-17,5.1
3241,2012-05-16,5.1
3242,2012-05-15,5.0
3243,2012-05-14,5.0
3244,2012-05-13,4.9
3245,2012-05-12,4.9
3246,2012-05-11,5.0
3247,2012-05-10,4.8
3248,2012-05-09,5.0
3249,2012-05-08,5.1
3250,2012-05-07,5.1
3251,2012-05-06,5.1
3252,2012-05-05,5.1
3253,2012-05-04,5.1
3254,2012-05-03,5.1
3255,2012-05-02,5.1
3256,2012-05-01,5.0
3257,2012-04-30,4.9
3258,2012-04-29,4.9
3259,2012-04-28,5.0
3260,2012-04-27,5.1
3261,2012-04-26,5.1
3262,2012-04-25,5.1
3263,2012-04-24,5.1
3264,2012-04-23,5.0
3265,2012-04-22,5.2
3266,2012-04-21,5.3
3267,2012-04-20,5.3
3268,2012-04-19,5.1
3269,2012-04-18,5.1
3270,2012-04-17,5.0
3271,2012-04-16,4.9
3272,2012-04-15,5.0
3273,2012-04-14,5.0
3274,2012-04-13,4.9
3275,2012-04-12,4.9
3276,2012-04-11,4.9
3277,2012-04-10,4.8
3278,2012-04-09,4.9
3279,2012-04-08,4.8
3280,2012-04-07,4.7
3281,2012-04-06,4.9
3282,2012-04-05,4.9
3283,2012-04-04,4.9
3284,2012-04-03,4.9
3285,2012-04-02,5.0
3286,2012-04-01,4.8
3287,2012-03-31,4.9
3288,2012-03-30,4.9
3289,2012-03-29,4.8
3290,2012-03-28,4.8
3291,2012-03-27,4.8
3292,2012-03-26,4.6
3293,2012-03-25,4.6
3294,2012-03-24,4.7
3295,2012-03-23,4.7
3296,2012-03-22,4.7
3297,2012-03-21,4.8
3298,2012-03-20,4.8
3299,2012-03-19,4.7
3300,2012-03-18,5.3
3301,2012-03-17,5.2
3302,2012-03-16,5.3
3303,2012-03-15,5.3
3304,2012-03-14,5.4
3305,2012-03-13,5.3
3306,2012-03-12,4.9
3307,2012-03-11,4.9
3308,2012-03-10,4.8
3309,2012-03-09,4.9
3310,2012-03-08,4.9
3311,2012-03-07,4.9
3312,2012-03-06,5.0
3313,2012-03-05,5.0
3314,2012-03-04,4.8
3315,2012-03-03,4.6
3316,2012-03-02,4.7
3317,2012-03-01,4.9
3318,2012-02-29,4.9
3319,2012-02-28,4.9
3320,2012-02-27,5.0
3321,2012-02-26,4.9
3322,2012-02-25,4.8
3323,2012-02-24,5.0
3324,2012-02-23,5.0
3325,2012-02-22,4.4
3326,2012-02-21,4.3
3327,2012-02-20,4.4
3328,2012-02-19,4.4
3329,2012-02-18,4.2
3330,2012-02-17,4.4
3331,2012-02-16,4.3
3332,2012-02-15,4.3
3333,2012-02-14,4.5
3334,2012-02-13,5.3
3335,2012-02-12,5.5
3336,2012-02-11,5.6
3337,2012-02-10,5.9
3338,2012-02-09,5.8
3339,2012-02-08,5.6
3340,2012-02-07,5.7
3341,2012-02-06,5.4
3342,2012-02-05,5.7
3343,2012-02-04,5.9
3344,2012-02-03,6.0
3345,2012-02-02,6.1
3346,2012-02-01,6.1
3347,2012-01-31,5.5
3348,2012-01-30,5.5
3349,2012-01-29,5.4
3350,2012-01-28,5.6
3351,2012-01-27,5.3
3352,2012-01-26,5.3
3353,2012-01-25,5.8
3354,2012-01-24,6.3
3355,2012-01-23,6.4
3356,2012-01-22,6.3
3357,2012-01-21,6.2
3358,2012-01-20,6.5
3359,2012-01-19,6.4
3360,2012-01-18,5.9
3361,2012-01-17,5.6
3362,2012-01-16,6.7
3363,2012-01-15,7.0
3364,2012-01-14,6.8
3365,2012-01-13,6.4
3366,2012-01-12,6.8
3367,2012-01-11,6.9
3368,2012-01-10,6.4
3369,2012-01-09,6.3
3370,2012-01-08,7.1
3371,2012-01-07,6.8
3372,2012-01-06,6.7
3373,2012-01-05,6.9
3374,2012-01-04,5.6
3375,2012-01-03,4.9
3376,2012-01-02,5.2
3377,2012-01-01,5.3
3378,2011-12-31,4.7
3379,2011-12-30,4.3
3380,2011-12-29,4.2
3381,2011-12-28,4.2
3382,2011-12-27,4.1
3383,2011-12-26,4.0
3384,2011-12-25,4.2
3385,2011-12-24,3.9
3386,2011-12-23,4.0
3387,2011-12-22,3.9
3388,2011-12-21,3.9
3389,2011-12-20,4.0
3390,2011-12-19,3.5
3391,2011-12-18,3.2
3392,2011-12-17,3.2
3393,2011-12-16,3.2
3394,2011-12-15,3.2
3395,2011-12-14,3.2
3396,2011-12-13,3.3
3397,2011-12-12,3.1
3398,2011-12-11,3.3
3399,2011-12-10,3.0
3400,2011-12-09,3.0
3401,2011-12-08,3.0
3402,2011-12-07,3.0
3403,2011-12-06,3.0
3404,2011-12-05,2.9
3405,2011-12-04,2.8
3406,2011-12-03,2.8
3407,2011-12-02,3.1
3408,2011-12-01,3.1
3409,2011-11-30,3.0
3410,2011-11-29,2.8
3411,2011-11-28,2.5
3412,2011-11-27,2.5
3413,2011-11-26,2.5
3414,2011-11-25,2.5
3415,2011-11-24,2.4
3416,2011-11-23,2.3
3417,2011-11-22,2.3
3418,2011-11-21,2.3
3419,2011-11-20,2.2
3420,2011-11-19,2.2
3421,2011-11-18,2.0
3422,2011-11-17,2.3
3423,2011-11-16,2.6
3424,2011-11-15,2.3
3425,2011-11-14,2.2
3426,2011-11-13,3.0
3427,2011-11-12,3.0
3428,2011-11-11,3.1
3429,2011-11-10,2.8
3430,2011-11-09,3.0
3431,2011-11-08,3.0
3432,2011-11-07,3.0
3433,2011-11-06,3.0
3434,2011-11-05,3.0
3435,2011-11-04,3.1
3436,2011-11-03,3.2
3437,2011-11-02,3.3
3438,2011-11-01,3.2
3439,2011-10-31,3.3
3440,2011-10-30,3.3
3441,2011-10-29,3.6
3442,2011-10-28,3.2
3443,2011-10-27,3.0
3444,2011-10-26,2.8
3445,2011-10-25,2.8
3446,2011-10-24,2.5
3447,2011-10-23,3.2
3448,2011-10-22,3.2
3449,2011-10-21,2.6
3450,2011-10-20,2.3
3451,2011-10-19,2.3
3452,2011-10-18,2.4
3453,2011-10-17,2.6
3454,2011-10-16,3.6
3455,2011-10-15,3.8
3456,2011-10-14,4.0
3457,2011-10-13,4.1
3458,2011-10-12,4.2
3459,2011-10-11,3.9
3460,2011-10-10,4.1
3461,2011-10-09,4.1
3462,2011-10-08,4.0
3463,2011-10-07,4.3
3464,2011-10-06,4.7
3465,2011-10-05,4.9
3466,2011-10-04,5.0
3467,2011-10-03,5.0
3468,2011-10-02,5.0
3469,2011-10-01,5.0
3470,2011-09-30,5.1
3471,2011-09-29,4.8
3472,2011-09-28,4.8
3473,2011-09-27,4.9
3474,2011-09-26,4.9
3475,2011-09-25,5.3
3476,2011-09-24,5.5
3477,2011-09-23,5.6
3478,2011-09-22,5.4
3479,2011-09-21,5.6
3480,2011-09-20,6.1
3481,2011-09-19,5.5
3482,2011-09-18,5.2
3483,2011-09-17,4.8
3484,2011-09-16,4.8
3485,2011-09-15,4.8
3486,2011-09-14,5.6
3487,2011-09-13,5.8
3488,2011-09-12,6.1
3489,2011-09-11,5.9
3490,2011-09-10,4.8
3491,2011-09-09,5.0
3492,2011-09-08,6.5
3493,2011-09-07,7.2
3494,2011-09-06,6.9
3495,2011-09-05,7.6
3496,2011-09-04,8.2
3497,2011-09-03,8.5
3498,2011-09-02,8.6
3499,2011-09-01,8.2
3500,2011-08-31,8.2
3501,2011-08-30,8.8
3502,2011-08-29,9.0
3503,2011-08-28,9.1
3504,2011-08-27,8.6
3505,2011-08-26,8.2
3506,2011-08-25,9.7
3507,2011-08-24,10.9
3508,2011-08-23,10.9
3509,2011-08-22,10.9
3510,2011-08-21,11.3
3511,2011-08-20,11.4
3512,2011-08-19,11.6
3513,2011-08-18,10.8
3514,2011-08-17,10.9
3515,2011-08-16,11.0
3516,2011-08-15,11.1
3517,2011-08-14,10.8
3518,2011-08-13,10.1
3519,2011-08-12,9.5
3520,2011-08-11,9.5
3521,2011-08-10,10.0
3522,2011-08-09,10.0
3523,2011-08-08,7.8
3524,2011-08-07,7.9
3525,2011-08-06,6.6
3526,2011-08-05,9.8
3527,2011-08-04,10.8
3528,2011-08-03,9.3
3529,2011-08-02,12.1
3530,2011-08-01,13.1
3531,2011-07-31,13.4
3532,2011-07-30,13.5
3533,2011-07-29,13.5
3534,2011-07-28,13.5
3535,2011-07-27,13.9
3536,2011-07-26,13.9
3537,2011-07-25,14.1
3538,2011-07-24,14.0
3539,2011-07-23,13.7
3540,2011-07-22,13.7
3541,2011-07-21,13.6
3542,2011-07-20,13.7
3543,2011-07-19,13.9
3544,2011-07-18,13.5
3545,2011-07-17,13.2
3546,2011-07-16,13.7
3547,2011-07-15,13.8
3548,2011-07-14,14.0
3549,2011-07-13,13.9
3550,2011-07-12,14.0
3551,2011-07-11,14.2
3552,2011-07-10,14.9
3553,2011-07-09,14.4
3554,2011-07-08,14.3
3555,2011-07-07,14.8
3556,2011-07-06,14.8
3557,2011-07-05,12.9
3558,2011-07-04,13.9
3559,2011-07-03,15.4
3560,2011-07-02,15.4
3561,2011-07-01,15.4
3562,2011-06-30,16.1
3563,2011-06-29,16.9
3564,2011-06-28,17.0
3565,2011-06-27,16.8
3566,2011-06-26,16.5
3567,2011-06-25,17.5
3568,2011-06-24,17.5
3569,2011-06-23,17.5
3570,2011-06-22,17.5
3571,2011-06-21,17.5
3572,2011-06-20,17.5
3573,2011-06-19,17.5
3574,2011-06-18,16.9
3575,2011-06-17,15.7
3576,2011-06-16,17.0
3577,2011-06-15,19.5
3578,2011-06-14,19.3
3579,2011-06-13,19.8
3580,2011-06-12,18.5
3581,2011-06-11,14.6
3582,2011-06-10,24.0
3583,2011-06-09,28.9
3584,2011-06-08,29.6
3585,2011-06-07,23.9
3586,2011-06-06,18.5
3587,2011-06-05,16.7
3588,2011-06-04,18.9
3589,2011-06-03,14.3
3590,2011-06-02,10.6
3591,2011-06-01,9.6
3592,2011-05-31,8.7
3593,2011-05-30,8.8
3594,2011-05-29,8.4
3595,2011-05-28,8.3
3596,2011-05-27,8.5
3597,2011-05-26,8.8
3598,2011-05-25,8.4
3599,2011-05-24,7.4
3600,2011-05-23,7.2
3601,2011-05-22,6.7
3602,2011-05-21,6.1
3603,2011-05-20,5.6
3604,2011-05-19,6.8
3605,2011-05-18,6.9
3606,2011-05-17,7.2
3607,2011-05-16,8.0
3608,2011-05-15,7.0
3609,2011-05-14,7.2
3610,2011-05-13,8.2
3611,2011-05-12,6.3
3612,2011-05-11,5.5
3613,2011-05-10,5.8
3614,2011-05-09,3.8
3615,2011-05-08,3.9
3616,2011-05-07,3.6
3617,2011-05-06,3.5
3618,2011-05-05,3.3
3619,2011-05-04,3.4
3620,2011-05-03,3.4
3621,2011-05-02,3.2
3622,2011-05-01,3.0
3623,2011-04-30,3.5
3624,2011-04-29,2.9
3625,2011-04-28,2.2
3626,2011-04-27,1.9
3627,2011-04-26,1.8
3628,2011-04-25,1.6
3629,2011-04-24,1.6
3630,2011-04-23,1.7
3631,2011-04-22,1.4
3632,2011-04-21,1.2
3633,2011-04-20,1.1
3634,2011-04-19,1.2
3635,2011-04-18,1.2
3636,2011-04-17,1.1
3637,2011-04-16,1.0
3638,2011-04-15,1.0
3639,2011-04-14,1.0
3640,2011-04-13,0.9
3641,2011-04-12,0.9
3642,2011-04-11,0.8
3643,2011-04-10,0.7
3644,2011-04-09,0.7
3645,2011-04-08,0.8
3646,2011-04-07,0.8
3647,2011-04-06,0.7
3648,2011-04-05,0.7
3649,2011-04-04,0.7
3650,2011-04-03,0.8
3651,2011-04-02,0.8
3652,2011-04-01,0.8
3653,2011-03-31,0.8
3654,2011-03-30,0.8
3655,2011-03-29,0.8
3656,2011-03-28,0.8
3657,2011-03-27,0.8
3658,2011-03-26,0.9
3659,2011-03-25,0.9
3660,2011-03-24,0.9
3661,2011-03-23,0.8
3662,2011-03-22,0.8
3663,2011-03-21,0.8
3664,2011-03-20,0.7
3665,2011-03-19,0.8
3666,2011-03-18,0.8
3667,2011-03-17,0.8
3668,2011-03-16,0.9
3669,2011-03-15,0.9
3670,2011-03-14,0.9
3671,2011-03-13,0.9
3672,2011-03-12,0.9
3673,2011-03-11,0.9
3674,2011-03-10,0.9
3675,2011-03-09,0.9
3676,2011-03-08,0.9
3677,2011-03-07,0.9
3678,2011-03-06,0.9
3679,2011-03-05,0.9
3680,2011-03-04,0.9
3681,2011-03-03,0.9
3682,2011-03-02,0.9
3683,2011-03-01,0.9
3684,2011-02-28,0.9
3685,2011-02-27,0.9
3686,2011-02-26,1.0
3687,2011-02-25,0.9
3688,2011-02-24,1.0
3689,2011-02-23,0.9
3690,2011-02-22,0.9
3691,2011-02-21,0.8
3692,2011-02-20,0.9
3693,2011-02-19,0.9
3694,2011-02-18,0.9
3695,2011-02-17,1.0
3696,2011-02-16,1.0
3697,2011-02-15,1.0
3698,2011-02-14,1.1
3699,2011-02-13,1.0
3700,2011-02-12,1.1
3701,2011-02-11,1.1
3702,2011-02-10,1.0
3703,2011-02-09,1.1
3704,2011-02-08,0.9
3705,2011-02-07,0.9
3706,2011-02-06,0.9
3707,2011-02-05,0.9
3708,2011-02-04,0.8
3709,2011-02-03,0.7
3710,2011-02-02,0.7
3711,2011-02-01,0.7
3712,2011-01-31,0.5
3713,2011-01-30,0.5
3714,2011-01-29,0.4
3715,2011-01-28,0.4
3716,2011-01-27,0.4
3717,2011-01-26,0.4
3718,2011-01-25,0.4
3719,2011-01-24,0.4
3720,2011-01-23,0.4
3721,2011-01-22,0.4
3722,2011-01-21,0.4
3723,2011-01-20,0.4
3724,2011-01-19,0.3
3725,2011-01-18,0.3
3726,2011-01-17,0.3
3727,2011-01-16,0.4
3728,2011-01-15,0.4
3729,2011-01-14,0.4
3730,2011-01-13,0.3
3731,2011-01-12,0.3
3732,2011-01-11,0.3
3733,2011-01-10,0.3
3734,2011-01-09,0.3
3735,2011-01-08,0.3
3736,2011-01-07,0.3
3737,2011-01-06,0.3
3738,2011-01-05,0.3
3739,2011-01-04,0.3
3740,2011-01-03,0.3
3741,2011-01-02,0.3
3742,2011-01-01,0.3
3743,2010-12-31,0.3
3744,2010-12-30,0.3
3745,2010-12-29,0.3
3746,2010-12-28,0.3
3747,2010-12-27,0.3
3748,2010-12-26,0.3
3749,2010-12-25,0.2
3750,2010-12-24,0.2
3751,2010-12-23,0.3
3752,2010-12-22,0.3
3753,2010-12-21,0.2
3754,2010-12-20,0.3
3755,2010-12-19,0.2
3756,2010-12-18,0.2
3757,2010-12-17,0.2
3758,2010-12-16,0.3
3759,2010-12-15,0.2
3760,2010-12-14,0.2
3761,2010-12-13,0.2
3762,2010-12-12,0.2
3763,2010-12-11,0.2
3764,2010-12-10,0.2
3765,2010-12-09,0.2
3766,2010-12-08,0.2
3767,2010-12-07,0.2
3768,2010-12-06,0.2
3769,2010-12-05,0.2
3770,2010-12-04,0.2
3771,2010-12-03,0.3
3772,2010-12-02,0.3
3773,2010-12-01,0.2
3774,2010-11-30,0.2
3775,2010-11-29,0.2
3776,2010-11-28,0.3
3777,2010-11-27,0.3
3778,2010-11-26,0.3
3779,2010-11-25,0.3
3780,2010-11-24,0.3
3781,2010-11-23,0.3
3782,2010-11-22,0.3
3783,2010-11-21,0.3
3784,2010-11-20,0.3
3785,2010-11-19,0.3
3786,2010-11-18,0.3
3787,2010-11-17,0.2
3788,2010-11-16,0.2
3789,2010-11-15,0.3
3790,2010-11-14,0.3
3791,2010-11-13,0.3
3792,2010-11-12,0.3
3793,2010-11-11,0.2
3794,2010-11-10,0.2
3795,2010-11-09,0.2
3796,2010-11-08,0.2
3797,2010-11-07,0.3
3798,2010-11-06,0.4
3799,2010-11-05,0.3
3800,2010-11-04,0.2
3801,2010-11-03,0.2
3802,2010-11-02,0.2
3803,2010-11-01,0.2
3804,2010-10-31,0.2
3805,2010-10-30,0.2
3806,2010-10-29,0.2
3807,2010-10-28,0.2
3808,2010-10-27,0.2
3809,2010-10-26,0.2
3810,2010-10-25,0.1
3811,2010-10-24,0.1
3812,2010-10-23,0.1
3813,2010-10-22,0.1
3814,2010-10-21,0.1
3815,2010-10-20,0.1
3816,2010-10-19,0.1
3817,2010-10-18,0.1
3818,2010-10-17,0.1
3819,2010-10-16,0.1
3820,2010-10-15,0.1
3821,2010-10-14,0.1
3822,2010-10-13,0.1
3823,2010-10-12,0.1
3824,2010-10-11,0.1
3825,2010-10-10,0.1
3826,2010-10-09,0.1
3827,2010-10-08,0.1
3828,2010-10-07,0.1
3829,2010-10-06,0.1
3830,2010-10-05,0.1
3831,2010-10-04,0.1
3832,2010-10-03,0.1
3833,2010-10-02,0.1
3834,2010-10-01,0.1
3835,2010-09-30,0.1
3836,2010-09-29,0.1
3837,2010-09-28,0.1
3838,2010-09-27,0.1
3839,2010-09-26,0.1
3840,2010-09-25,0.1
3841,2010-09-24,0.1
3842,2010-09-23,0.1
3843,2010-09-22,0.1
3844,2010-09-21,0.1
3845,2010-09-20,0.1
3846,2010-09-19,0.1
3847,2010-09-18,0.1
3848,2010-09-17,0.1
3849,2010-09-16,0.1
3850,2010-09-15,0.1
3851,2010-09-14,0.1
3852,2010-09-13,0.1
3853,2010-09-12,0.1
3854,2010-09-11,0.1
3855,2010-09-10,0.1
3856,2010-09-09,0.1
3857,2010-09-08,0.1
3858,2010-09-07,0.1
3859,2010-09-06,0.1
3860,2010-09-05,0.1
3861,2010-09-04,0.1
3862,2010-09-03,0.1
3863,2010-09-02,0.1
3864,2010-09-01,0.1
3865,2010-08-31,0.1
3866,2010-08-30,0.1
3867,2010-08-29,0.1
3868,2010-08-28,0.1
3869,2010-08-27,0.1
3870,2010-08-26,0.1
3871,2010-08-25,0.1
3872,2010-08-24,0.1
3873,2010-08-23,0.1
3874,2010-08-22,0.1
3875,2010-08-21,0.1
3876,2010-08-20,0.1
3877,2010-08-19,0.1
3878,2010-08-18,0.1
3879,2010-08-17,0.1
3880,2010-08-16,0.1
3881,2010-08-15,0.1
3882,2010-08-14,0.1
3883,2010-08-13,0.1
3884,2010-08-12,0.1
3885,2010-08-11,0.1
3886,2010-08-10,0.1
3887,2010-08-09,0.1
3888,2010-08-08,0.1
3889,2010-08-07,0.1
3890,2010-08-06,0.1
3891,2010-08-05,0.1
3892,2010-08-04,0.1
3893,2010-08-03,0.1
3894,2010-08-02,0.1
3895,2010-08-01,0.1
3896,2010-07-31,0.1
3897,2010-07-30,0.1
3898,2010-07-29,0.1
3899,2010-07-28,0.1
3900,2010-07-27,0.1
3901,2010-07-26,0.1
3902,2010-07-25,0.1
3903,2010-07-24,0.1
3904,2010-07-23,0.1
3905,2010-07-22,0.1
3906,2010-07-21,0.1
3907,2010-07-20,0.1
3908,2010-07-19,0.1
3909,2010-07-18,0.1
