,date,bloomberg price
35,2009-03-26,112.91
36,2009-03-27,110.18
37,2009-03-30,107.16
38,2009-03-31,109.78
39,2009-04-01,108.69
40,2009-04-02,112.3
41,2009-04-03,113.68
42,2009-04-06,111.81
43,2009-04-07,110.7
44,2009-04-08,111.37
45,2009-04-09,113.12
46,2009-04-13,113.16
47,2009-04-14,113.35
48,2009-04-15,113.76
49,2009-04-16,113.27
50,2009-04-17,113.58
51,2009-04-20,109.63
52,2009-04-21,109.78
53,2009-04-22,110.0
54,2009-04-23,109.73
55,2009-04-24,111.03
56,2009-04-27,108.6
57,2009-04-28,107.49
58,2009-04-29,109.87
59,2009-04-30,110.57
60,2009-05-01,114.13
61,2009-05-04,115.74
62,2009-05-05,115.26
63,2009-05-06,118.48
64,2009-05-07,119.34
65,2009-05-08,120.83
66,2009-05-11,120.35
67,2009-05-12,121.21
68,2009-05-13,119.71
69,2009-05-14,120.2
70,2009-05-15,117.7
71,2009-05-18,119.85
72,2009-05-19,119.87
73,2009-05-20,121.32
74,2009-05-21,119.5
75,2009-05-22,120.65
76,2009-05-26,121.34
77,2009-05-27,121.45
78,2009-05-28,123.12
79,2009-05-29,124.93
80,2009-06-01,129.15
81,2009-06-02,128.49
82,2009-06-03,124.2
83,2009-06-04,128.0
84,2009-06-05,127.06
85,2009-06-08,125.79
86,2009-06-09,128.24
87,2009-06-10,128.3
88,2009-06-11,131.12
89,2009-06-12,128.89
90,2009-06-15,126.03
91,2009-06-16,125.69
92,2009-06-17,126.46
93,2009-06-18,126.26
94,2009-06-19,124.73
95,2009-06-22,120.96
96,2009-06-23,122.81
97,2009-06-24,123.34
98,2009-06-25,124.84
99,2009-06-26,123.92
100,2009-06-29,124.82
101,2009-06-30,122.54
102,2009-07-01,123.6
103,2009-07-02,121.02
104,2009-07-06,118.11
105,2009-07-07,116.25
106,2009-07-08,113.24
107,2009-07-09,114.8
108,2009-07-10,113.99
109,2009-07-13,114.08
110,2009-07-14,115.6
111,2009-07-15,117.49
112,2009-07-16,118.36
113,2009-07-17,120.29
114,2009-07-20,121.62
115,2009-07-21,120.88
116,2009-07-22,121.62
117,2009-07-23,123.12
118,2009-07-24,123.32
119,2009-07-27,123.71
120,2009-07-28,122.51
121,2009-07-29,119.48
122,2009-07-30,124.16
123,2009-07-31,126.48
124,2009-08-03,131.25
125,2009-08-04,131.77
126,2009-08-05,132.92
127,2009-08-06,130.4
128,2009-08-07,130.24
129,2009-08-10,129.79
130,2009-08-11,128.84
131,2009-08-12,130.28
132,2009-08-13,130.96
133,2009-08-14,127.51
134,2009-08-17,125.17
135,2009-08-18,126.09
136,2009-08-19,127.26
137,2009-08-20,125.96
138,2009-08-21,127.59
139,2009-08-24,128.75
140,2009-08-25,126.92
141,2009-08-26,126.52
142,2009-08-27,126.73
143,2009-08-28,127.84
144,2009-08-31,125.72
145,2009-09-01,123.49
146,2009-09-02,123.59
147,2009-09-03,123.6
148,2009-09-04,122.93
149,2009-09-08,125.45
150,2009-09-09,125.36
151,2009-09-10,125.86
152,2009-09-11,123.79
153,2009-09-14,124.1
154,2009-09-15,126.58
155,2009-09-16,129.54
156,2009-09-17,128.95
157,2009-09-18,127.51
158,2009-09-21,125.2
159,2009-09-22,127.36
160,2009-09-23,126.13
161,2009-09-24,123.68
162,2009-09-25,123.37
163,2009-09-28,123.8
164,2009-09-29,124.12
165,2009-09-30,127.68
166,2009-10-01,125.45
167,2009-10-02,124.17
168,2009-10-05,125.55
169,2009-10-06,127.5
170,2009-10-07,127.16
171,2009-10-08,130.47
172,2009-10-09,129.18
173,2009-10-12,131.82
174,2009-10-13,131.4
175,2009-10-14,132.08
176,2009-10-15,133.32
177,2009-10-16,134.32
178,2009-10-19,136.57
179,2009-10-20,135.84
180,2009-10-21,138.91
181,2009-10-22,137.94
182,2009-10-23,137.32
183,2009-10-26,135.14
184,2009-10-27,134.87
185,2009-10-28,131.68
186,2009-10-29,134.77
187,2009-10-30,131.86
188,2009-11-02,133.16
189,2009-11-03,134.6
190,2009-11-04,134.88
191,2009-11-05,133.72
192,2009-11-06,131.42
193,2009-11-09,133.54
194,2009-11-10,132.67
195,2009-11-11,133.41
196,2009-11-12,131.47
197,2009-11-13,131.68
198,2009-11-16,136.08
199,2009-11-17,136.42
200,2009-11-18,136.11
201,2009-11-19,134.71
202,2009-11-20,134.9
203,2009-11-23,135.27
204,2009-11-24,133.96
205,2009-11-25,137.24
206,2009-11-27,135.32
207,2009-11-30,136.49
208,2009-12-01,137.57
209,2009-12-02,136.64
210,2009-12-03,136.13
211,2009-12-04,134.79
212,2009-12-07,134.75
213,2009-12-08,133.73
214,2009-12-09,131.59
215,2009-12-10,132.41
216,2009-12-11,133.15
217,2009-12-14,134.45
218,2009-12-15,134.72
219,2009-12-16,136.73
220,2009-12-17,135.07
221,2009-12-18,135.49
222,2009-12-21,134.94
223,2009-12-22,134.85
224,2009-12-23,137.3
225,2009-12-24,138.03
226,2009-12-28,140.05
227,2009-12-29,139.64
228,2009-12-30,139.47
229,2009-12-31,139.19
230,2010-01-04,142.3
231,2010-01-05,142.11
232,2010-01-06,145.03
233,2010-01-07,142.85
234,2010-01-08,142.41
235,2010-01-11,142.01
236,2010-01-12,139.17
237,2010-01-13,139.99
238,2010-01-14,139.46
239,2010-01-15,138.09
240,2010-01-19,138.48
241,2010-01-20,136.32
242,2010-01-21,135.62
243,2010-01-22,134.9
244,2010-01-25,135.11
245,2010-01-26,133.61
246,2010-01-27,131.08
247,2010-01-28,129.57
248,2010-01-29,129.71
249,2010-02-01,130.66
250,2010-02-02,133.0
251,2010-02-03,131.18
252,2010-02-04,128.34
253,2010-02-05,126.56
254,2010-02-08,127.98
255,2010-02-09,129.33
256,2010-02-10,129.89
257,2010-02-11,131.68
258,2010-02-12,131.0
259,2010-02-16,134.33
260,2010-02-17,133.93
261,2010-02-18,134.2
262,2010-02-19,133.84
263,2010-02-22,134.37
264,2010-02-23,132.26
265,2010-02-24,133.35
266,2010-02-25,131.64
267,2010-02-26,133.83
268,2010-03-01,132.96
269,2010-03-02,134.39
270,2010-03-03,135.85
271,2010-03-04,133.94
272,2010-03-05,134.68
273,2010-03-08,134.52
274,2010-03-09,133.93
275,2010-03-10,133.61
276,2010-03-11,132.69
277,2010-03-12,132.44
278,2010-03-15,131.36
279,2010-03-16,132.9
280,2010-03-17,134.2
281,2010-03-18,133.56
282,2010-03-19,132.38
283,2010-03-22,132.07
284,2010-03-23,131.79
285,2010-03-24,130.59
286,2010-03-25,129.8
287,2010-03-26,129.7
288,2010-03-29,132.22
289,2010-03-30,132.67
290,2010-03-31,132.15
291,2010-04-01,133.86
292,2010-04-05,135.44
293,2010-04-06,135.1
294,2010-04-07,135.09
295,2010-04-08,133.95
296,2010-04-09,134.73
297,2010-04-12,134.65
298,2010-04-13,135.32
299,2010-04-14,136.56
300,2010-04-15,136.75
301,2010-04-16,135.13
302,2010-04-19,133.24
303,2010-04-20,134.49
304,2010-04-21,134.99
305,2010-04-22,135.38
306,2010-04-23,136.05
307,2010-04-26,135.76
308,2010-04-27,133.36
309,2010-04-28,133.9
310,2010-04-29,133.5
311,2010-04-30,134.7
312,2010-05-03,135.05
313,2010-05-04,132.08
314,2010-05-05,130.18
315,2010-05-06,128.31
316,2010-05-07,128.66
317,2010-05-10,130.23
318,2010-05-11,130.3
319,2010-05-12,131.2
320,2010-05-13,130.97
321,2010-05-14,127.84
322,2010-05-17,125.1
323,2010-05-18,125.77
324,2010-05-19,124.07
325,2010-05-20,123.01
326,2010-05-21,123.35
327,2010-05-24,124.1
328,2010-05-25,122.39
329,2010-05-26,124.34
330,2010-05-27,126.65
331,2010-05-28,125.36
332,2010-06-01,123.96
333,2010-06-02,123.95
334,2010-06-03,124.64
335,2010-06-04,122.02
336,2010-06-07,122.3
337,2010-06-08,122.82
338,2010-06-09,123.64
339,2010-06-10,124.18
340,2010-06-11,125.06
341,2010-06-14,127.16
342,2010-06-15,128.79
343,2010-06-16,128.78
344,2010-06-17,128.82
345,2010-06-18,128.45
346,2010-06-21,128.4
347,2010-06-22,127.82
348,2010-06-23,126.58
349,2010-06-24,127.11
350,2010-06-25,128.75
351,2010-06-28,127.61
352,2010-06-29,124.23
353,2010-06-30,125.75
354,2010-07-01,124.71
355,2010-07-02,123.99
356,2010-07-06,123.98
357,2010-07-07,125.86
358,2010-07-08,126.35
359,2010-07-09,126.94
360,2010-07-12,125.77
361,2010-07-13,127.12
362,2010-07-14,127.27
363,2010-07-15,128.92
364,2010-07-16,127.56
365,2010-07-19,127.04
366,2010-07-20,127.52
367,2010-07-21,127.94
368,2010-07-22,130.29
369,2010-07-23,129.9
370,2010-07-26,129.77
371,2010-07-27,128.79
372,2010-07-28,129.93
373,2010-07-29,131.82
374,2010-07-30,134.25
375,2010-08-02,135.6
376,2010-08-03,135.32
377,2010-08-04,137.01
378,2010-08-05,136.85
379,2010-08-06,135.32
380,2010-08-09,134.99
381,2010-08-10,133.64
382,2010-08-11,132.3
383,2010-08-12,132.79
384,2010-08-13,132.76
385,2010-08-16,132.04
386,2010-08-17,133.0
387,2010-08-18,132.92
388,2010-08-19,133.21
389,2010-08-20,131.39
390,2010-08-23,130.99
391,2010-08-24,129.34
392,2010-08-25,128.78
393,2010-08-26,130.15
394,2010-08-27,131.58
395,2010-08-30,132.16
396,2010-08-31,130.81
397,2010-09-01,132.46
398,2010-09-02,133.56
399,2010-09-03,134.99
400,2010-09-07,135.41
401,2010-09-08,135.43
402,2010-09-09,135.05
403,2010-09-10,135.62
404,2010-09-13,136.85
405,2010-09-14,137.96
406,2010-09-15,137.61
407,2010-09-16,137.45
408,2010-09-17,138.42
409,2010-09-20,138.2
410,2010-09-21,137.25
411,2010-09-22,138.03
412,2010-09-23,138.55
413,2010-09-24,140.23
414,2010-09-27,139.81
415,2010-09-28,139.68
416,2010-09-29,140.19
417,2010-09-30,140.29
418,2010-10-01,139.14
419,2010-10-04,138.47
420,2010-10-05,140.98
421,2010-10-06,141.43
422,2010-10-07,139.89
423,2010-10-08,144.39
424,2010-10-11,145.11
425,2010-10-12,146.03
426,2010-10-13,146.85
427,2010-10-14,146.92
428,2010-10-15,145.67
429,2010-10-18,146.21
430,2010-10-19,143.47
431,2010-10-20,146.3
432,2010-10-21,144.47
433,2010-10-22,144.84
434,2010-10-25,146.26
435,2010-10-26,147.08
436,2010-10-27,146.02
437,2010-10-28,146.86
438,2010-10-29,147.27
439,2010-11-01,147.28
440,2010-11-02,148.4
441,2010-11-03,148.16
442,2010-11-04,152.16
443,2010-11-05,153.21
444,2010-11-08,153.8
445,2010-11-09,155.87
446,2010-11-10,154.19
447,2010-11-11,153.74
448,2010-11-12,147.8
449,2010-11-15,148.86
450,2010-11-16,143.15
451,2010-11-17,143.12
452,2010-11-18,146.56
453,2010-11-19,145.1
454,2010-11-22,145.0
455,2010-11-23,145.13
456,2010-11-24,147.09
457,2010-11-26,146.34
458,2010-11-29,146.72
459,2010-11-30,146.73
460,2010-12-01,150.72
461,2010-12-02,151.82
462,2010-12-03,153.81
463,2010-12-06,154.21
464,2010-12-07,153.57
465,2010-12-08,154.21
466,2010-12-09,153.86
467,2010-12-10,153.42
468,2010-12-13,155.99
469,2010-12-14,155.47
470,2010-12-15,154.61
471,2010-12-16,153.51
472,2010-12-17,155.19
473,2010-12-20,156.97
474,2010-12-21,157.85
475,2010-12-22,158.68
476,2010-12-23,158.89
477,2010-12-27,159.06
478,2010-12-28,160.58
479,2010-12-29,160.65
480,2010-12-30,159.69
481,2010-12-31,162.39
482,2011-01-03,162.44
483,2011-01-04,160.01
484,2011-01-05,160.73
485,2011-01-06,158.91
486,2011-01-07,157.86
487,2011-01-10,158.71
488,2011-01-11,160.37
489,2011-01-12,162.61
490,2011-01-13,161.88
491,2011-01-14,161.67
492,2011-01-18,162.08
493,2011-01-19,161.83
494,2011-01-20,160.97
495,2011-01-21,161.91
496,2011-01-24,160.88
497,2011-01-25,158.12
498,2011-01-26,160.48
499,2011-01-27,159.46
500,2011-01-28,161.29
501,2011-01-31,164.0
502,2011-02-01,164.58
503,2011-02-02,165.34
504,2011-02-03,164.25
505,2011-02-04,163.98
506,2011-02-07,162.76
507,2011-02-08,162.88
508,2011-02-09,163.8
509,2011-02-10,163.26
510,2011-02-11,162.46
511,2011-02-14,162.98
512,2011-02-15,161.64
513,2011-02-16,161.72
514,2011-02-17,163.05
515,2011-02-18,162.98
516,2011-02-22,161.87
517,2011-02-23,163.47
518,2011-02-24,162.35
519,2011-02-25,165.34
520,2011-02-28,166.14
521,2011-03-01,166.98
522,2011-03-02,167.88
523,2011-03-03,168.26
524,2011-03-04,169.28
525,2011-03-07,168.45
526,2011-03-08,167.41
527,2011-03-09,166.72
528,2011-03-10,164.4
529,2011-03-11,163.35
530,2011-03-14,163.14
531,2011-03-15,157.58
532,2011-03-16,157.78
533,2011-03-17,162.88
534,2011-03-18,164.81
535,2011-03-21,165.73
536,2011-03-22,166.8
537,2011-03-23,167.58
538,2011-03-24,168.34
539,2011-03-25,168.74
540,2011-03-28,166.62
541,2011-03-29,166.55
542,2011-03-30,166.58
543,2011-03-31,169.56
544,2011-04-01,170.02
545,2011-04-04,170.85
546,2011-04-05,171.25
547,2011-04-06,171.44
548,2011-04-07,171.4
549,2011-04-08,173.88
550,2011-04-11,172.86
551,2011-04-12,169.24
552,2011-04-13,169.4
553,2011-04-14,169.9
554,2011-04-15,170.67
555,2011-04-18,169.82
556,2011-04-19,170.8
557,2011-04-20,172.71
558,2011-04-21,174.22
559,2011-04-25,174.52
560,2011-04-26,173.7
561,2011-04-27,173.1
562,2011-04-28,173.02
563,2011-04-29,175.42
564,2011-05-02,174.19
565,2011-05-03,172.19
566,2011-05-04,168.91
567,2011-05-05,161.02
568,2011-05-06,159.5
569,2011-05-09,162.57
570,2011-05-10,164.6
571,2011-05-11,159.66
572,2011-05-12,159.87
573,2011-05-13,159.84
574,2011-05-16,159.22
575,2011-05-17,158.91
576,2011-05-18,162.88
577,2011-05-19,160.86
578,2011-05-20,162.35
579,2011-05-23,160.76
580,2011-05-24,161.49
581,2011-05-25,163.81
582,2011-05-26,163.49
583,2011-05-27,165.35
584,2011-05-31,166.54
585,2011-06-01,164.98
586,2011-06-02,165.68
587,2011-06-03,165.89
588,2011-06-06,164.69
589,2011-06-07,165.26
590,2011-06-08,166.23
591,2011-06-09,166.74
592,2011-06-10,165.6
593,2011-06-13,163.68
594,2011-06-14,164.25
595,2011-06-15,161.32
596,2011-06-16,159.89
597,2011-06-17,159.0
598,2011-06-20,158.92
599,2011-06-21,160.11
600,2011-06-22,159.57
601,2011-06-23,155.97
602,2011-06-24,155.51
603,2011-06-27,154.66
604,2011-06-28,157.21
605,2011-06-29,159.03
606,2011-06-30,158.13
607,2011-07-01,156.87
608,2011-07-05,159.43
609,2011-07-06,158.73
610,2011-07-07,161.09
611,2011-07-08,160.83
612,2011-07-11,160.0
613,2011-07-12,161.97
614,2011-07-13,164.66
615,2011-07-14,163.37
616,2011-07-15,164.54
617,2011-07-18,164.04
618,2011-07-19,165.02
619,2011-07-20,164.53
620,2011-07-21,163.56
621,2011-07-22,165.28
622,2011-07-25,164.6
623,2011-07-26,165.83
624,2011-07-27,165.03
625,2011-07-28,164.05
626,2011-07-29,162.81
627,2011-08-01,162.48
628,2011-08-02,163.45
629,2011-08-03,161.8
630,2011-08-04,157.29
631,2011-08-05,156.15
632,2011-08-08,153.06
633,2011-08-09,152.83
634,2011-08-10,154.78
635,2011-08-11,157.29
636,2011-08-12,157.03
637,2011-08-15,158.39
638,2011-08-16,158.38
639,2011-08-17,159.7
640,2011-08-18,157.09
641,2011-08-19,159.0
642,2011-08-22,159.88
643,2011-08-23,160.69
644,2011-08-24,158.37
645,2011-08-25,159.28
646,2011-08-26,161.14
647,2011-08-29,161.41
648,2011-08-30,163.43
649,2011-08-31,164.43
650,2011-09-01,162.91
651,2011-09-02,162.51
652,2011-09-06,161.22
653,2011-09-07,162.27
654,2011-09-08,162.75
655,2011-09-09,160.6
656,2011-09-12,159.73
657,2011-09-13,160.19
658,2011-09-14,159.68
659,2011-09-15,158.28
660,2011-09-16,157.48
661,2011-09-19,154.71
662,2011-09-20,155.25
663,2011-09-21,154.0
664,2011-09-22,147.21
665,2011-09-23,143.09
666,2011-09-26,143.26
667,2011-09-27,147.08
668,2011-09-28,143.23
669,2011-09-29,143.96
670,2011-09-30,140.2
671,2011-10-03,140.3
672,2011-10-04,138.35
673,2011-10-05,140.4
674,2011-10-06,142.79
675,2011-10-07,141.81
676,2011-10-10,144.32
677,2011-10-11,145.9
678,2011-10-12,146.07
679,2011-10-13,145.57
680,2011-10-14,148.21
681,2011-10-17,147.16
682,2011-10-18,146.89
683,2011-10-19,144.93
684,2011-10-20,143.45
685,2011-10-21,144.95
686,2011-10-24,147.81
687,2011-10-25,148.72
688,2011-10-26,147.23
689,2011-10-27,150.86
690,2011-10-28,150.87
691,2011-10-31,149.48
692,2011-11-01,147.23
693,2011-11-02,147.56
694,2011-11-03,149.52
695,2011-11-04,149.48
696,2011-11-07,149.68
697,2011-11-08,150.71
698,2011-11-09,148.68
699,2011-11-10,148.15
700,2011-11-11,148.93
701,2011-11-14,147.89
702,2011-11-15,148.94
703,2011-11-16,149.19
704,2011-11-17,145.47
705,2011-11-18,144.9
706,2011-11-21,143.08
707,2011-11-22,144.34
708,2011-11-23,142.43
709,2011-11-25,141.74
710,2011-11-28,143.02
711,2011-11-29,144.41
712,2011-11-30,146.16
713,2011-12-01,145.9
714,2011-12-02,146.29
715,2011-12-05,145.51
716,2011-12-06,145.84
717,2011-12-07,144.61
718,2011-12-08,143.48
719,2011-12-09,142.98
720,2011-12-12,140.77
721,2011-12-13,141.64
722,2011-12-14,136.53
723,2011-12-15,136.26
724,2011-12-16,137.01
725,2011-12-19,137.26
726,2011-12-20,139.57
727,2011-12-21,140.38
728,2011-12-22,141.09
729,2011-12-23,141.2
730,2011-12-27,142.13
731,2011-12-28,140.69
732,2011-12-29,139.98
733,2011-12-30,140.68
734,2012-01-03,144.16
735,2012-01-04,144.49
736,2012-01-05,142.34
737,2012-01-06,142.55
738,2012-01-09,143.08
739,2012-01-10,144.21
740,2012-01-11,143.17
741,2012-01-12,141.61
742,2012-01-13,140.51
743,2012-01-17,141.48
744,2012-01-18,141.15
745,2012-01-19,141.59
746,2012-01-20,141.24
747,2012-01-23,143.53
748,2012-01-24,143.99
749,2012-01-25,145.6
750,2012-01-26,146.25
751,2012-01-27,146.62
752,2012-01-30,145.05
753,2012-01-31,144.16
754,2012-02-01,144.32
755,2012-02-02,144.45
756,2012-02-03,145.54
757,2012-02-06,145.84
758,2012-02-07,146.04
759,2012-02-08,145.89
760,2012-02-09,146.55
761,2012-02-10,144.89
762,2012-02-13,145.28
763,2012-02-14,144.92
764,2012-02-15,144.7
765,2012-02-16,145.21
766,2012-02-17,145.76
767,2012-02-21,147.72
768,2012-02-22,148.29
769,2012-02-23,148.59
770,2012-02-24,149.35
771,2012-02-27,149.05
772,2012-02-28,148.72
773,2012-02-29,148.04
774,2012-03-01,148.56
775,2012-03-02,147.69
776,2012-03-05,146.39
777,2012-03-06,143.96
778,2012-03-07,143.7
779,2012-03-08,144.22
780,2012-03-09,145.4
781,2012-03-12,144.88
782,2012-03-13,145.98
783,2012-03-14,144.63
784,2012-03-15,145.58
785,2012-03-16,146.23
786,2012-03-19,146.48
787,2012-03-20,144.33
788,2012-03-21,144.36
789,2012-03-22,142.94
790,2012-03-23,144.06
791,2012-03-26,144.47
792,2012-03-27,144.0
793,2012-03-28,142.23
794,2012-03-29,139.94
795,2012-03-30,141.9
796,2012-04-02,143.77
797,2012-04-03,143.6
798,2012-04-04,140.85
799,2012-04-05,141.66
800,2012-04-09,141.16
801,2012-04-10,139.38
802,2012-04-11,139.63
803,2012-04-12,141.35
804,2012-04-13,139.46
805,2012-04-16,138.24
806,2012-04-17,138.46
807,2012-04-18,137.17
808,2012-04-19,137.52
809,2012-04-20,138.2
810,2012-04-23,137.91
811,2012-04-24,138.14
812,2012-04-25,138.8
813,2012-04-26,139.56
814,2012-04-27,140.63
815,2012-04-30,141.29
816,2012-05-01,141.53
817,2012-05-02,139.21
818,2012-05-03,138.38
819,2012-05-04,137.14
820,2012-05-07,137.31
821,2012-05-08,136.27
822,2012-05-09,135.91
823,2012-05-10,136.01
824,2012-05-11,134.75
825,2012-05-14,133.12
826,2012-05-15,133.88
827,2012-05-16,134.32
828,2012-05-17,135.05
829,2012-05-18,136.0
830,2012-05-21,135.72
831,2012-05-22,134.45
832,2012-05-23,132.36
833,2012-05-24,132.39
834,2012-05-25,132.61
835,2012-05-29,131.13
836,2012-05-30,129.42
837,2012-05-31,128.38
838,2012-06-01,126.81
839,2012-06-04,127.55
840,2012-06-05,127.67
841,2012-06-06,129.44
842,2012-06-07,129.24
843,2012-06-08,128.8
844,2012-06-11,128.34
845,2012-06-12,128.19
846,2012-06-13,127.35
847,2012-06-14,128.83
848,2012-06-15,128.79
849,2012-06-18,130.13
850,2012-06-19,131.45
851,2012-06-20,130.41
852,2012-06-21,127.83
853,2012-06-22,128.27
854,2012-06-25,130.56
855,2012-06-26,131.24
856,2012-06-27,131.98
857,2012-06-28,130.5
858,2012-06-29,135.42
859,2012-07-02,135.67
860,2012-07-03,139.31
861,2012-07-05,140.09
862,2012-07-06,136.89
863,2012-07-09,139.64
864,2012-07-10,137.5
865,2012-07-11,138.38
866,2012-07-12,138.8
867,2012-07-13,140.34
868,2012-07-16,141.71
869,2012-07-17,141.45
870,2012-07-18,143.35
871,2012-07-19,145.84
872,2012-07-20,146.19
873,2012-07-23,143.68
874,2012-07-24,142.11
875,2012-07-25,142.93
876,2012-07-26,142.42
877,2012-07-27,143.48
878,2012-07-30,145.62
879,2012-07-31,144.17
880,2012-08-01,143.38
881,2012-08-02,140.74
882,2012-08-03,142.92
883,2012-08-06,143.02
884,2012-08-07,143.66
885,2012-08-08,143.99
886,2012-08-09,144.74
887,2012-08-10,143.2
888,2012-08-13,141.65
889,2012-08-14,141.84
890,2012-08-15,142.27
891,2012-08-16,142.72
892,2012-08-17,143.11
893,2012-08-20,144.09
894,2012-08-21,145.83
895,2012-08-22,146.12
896,2012-08-23,145.98
897,2012-08-24,145.36
898,2012-08-27,144.69
899,2012-08-28,144.41
900,2012-08-29,145.23
901,2012-08-30,145.04
902,2012-08-31,146.03
903,2012-09-04,146.57
904,2012-09-05,145.65
905,2012-09-06,145.99
906,2012-09-07,147.26
907,2012-09-10,147.84
908,2012-09-11,148.67
909,2012-09-12,149.49
910,2012-09-13,150.51
911,2012-09-14,152.01
912,2012-09-17,148.7
913,2012-09-18,147.42
914,2012-09-19,147.04
915,2012-09-20,146.3
916,2012-09-21,147.65
917,2012-09-24,146.33
918,2012-09-25,146.89
919,2012-09-26,145.55
920,2012-09-27,146.92
921,2012-09-28,148.51
922,2012-10-01,149.29
923,2012-10-02,148.98
924,2012-10-03,147.27
925,2012-10-04,148.82
926,2012-10-05,147.79
927,2012-10-08,147.01
928,2012-10-09,147.81
929,2012-10-10,147.1
930,2012-10-11,148.77
931,2012-10-12,146.92
932,2012-10-15,145.38
933,2012-10-16,145.65
934,2012-10-17,146.78
935,2012-10-18,147.64
936,2012-10-19,146.37
937,2012-10-22,145.13
938,2012-10-23,144.17
939,2012-10-24,143.79
940,2012-10-25,143.52
941,2012-10-26,143.0
942,2012-10-31,142.74
943,2012-11-01,143.08
944,2012-11-02,140.37
945,2012-11-05,140.23
946,2012-11-06,142.47
947,2012-11-07,140.99
948,2012-11-08,141.55
949,2012-11-09,140.79
950,2012-11-12,140.43
951,2012-11-13,140.96
952,2012-11-14,141.5
953,2012-11-15,140.64
954,2012-11-16,140.95
955,2012-11-19,142.7
956,2012-11-20,142.69
957,2012-11-21,143.11
958,2012-11-23,144.08
959,2012-11-26,143.31
960,2012-11-27,144.03
961,2012-11-28,143.2
962,2012-11-29,143.56
963,2012-11-30,142.8
964,2012-12-03,143.38
965,2012-12-04,142.1
966,2012-12-05,143.21
967,2012-12-06,142.46
968,2012-12-07,141.51
969,2012-12-10,141.17
970,2012-12-11,140.62
971,2012-12-12,140.9
972,2012-12-13,139.63
973,2012-12-14,140.54
974,2012-12-17,140.46
975,2012-12-18,140.33
976,2012-12-19,139.55
977,2012-12-20,138.91
978,2012-12-21,139.26
979,2012-12-24,138.66
980,2012-12-26,139.13
981,2012-12-27,139.12
982,2012-12-28,139.08
983,2012-12-31,139.07
984,2013-01-02,139.69
985,2013-01-03,138.68
986,2013-01-04,137.73
987,2013-01-07,137.96
988,2013-01-08,137.92
989,2013-01-09,137.3
990,2013-01-10,138.45
991,2013-01-11,138.55
992,2013-01-14,139.62
993,2013-01-15,139.92
994,2013-01-16,140.02
995,2013-01-17,140.85
996,2013-01-18,141.48
997,2013-01-22,141.89
998,2013-01-23,141.6
999,2013-01-24,141.06
1000,2013-01-25,140.65
1001,2013-01-28,140.53
1002,2013-01-29,140.98
1003,2013-01-30,142.96
1004,2013-01-31,142.4
1005,2013-02-01,142.89
1006,2013-02-04,142.43
1007,2013-02-05,142.86
1008,2013-02-06,142.42
1009,2013-02-07,141.18
1010,2013-02-08,141.21
1011,2013-02-11,140.51
1012,2013-02-12,140.26
1013,2013-02-13,140.49
1014,2013-02-14,139.61
1015,2013-02-15,139.2
1016,2013-02-19,139.24
1017,2013-02-20,138.41
1018,2013-02-21,136.83
1019,2013-02-22,136.69
1020,2013-02-25,137.12
1021,2013-02-26,137.08
1022,2013-02-27,136.59
1023,2013-02-28,136.57
1024,2013-03-01,135.77
1025,2013-03-04,135.95
1026,2013-03-05,136.5
1027,2013-03-06,135.47
1028,2013-03-07,136.77
1029,2013-03-08,137.25
1030,2013-03-11,137.41
1031,2013-03-12,137.76
1032,2013-03-13,137.29
1033,2013-03-14,138.23
1034,2013-03-15,138.37
1035,2013-03-18,137.52
1036,2013-03-19,137.38
1037,2013-03-20,138.14
1038,2013-03-21,138.0
1039,2013-03-22,138.01
1040,2013-03-25,137.79
1041,2013-03-26,138.5
1042,2013-03-27,139.33
1043,2013-03-28,137.48
1044,2013-04-01,136.36
1045,2013-04-02,135.52
1046,2013-04-03,133.93
1047,2013-04-04,133.64
1048,2013-04-05,134.08
1049,2013-04-08,134.49
1050,2013-04-09,135.3
1051,2013-04-10,135.03
1052,2013-04-11,135.02
1053,2013-04-12,133.86
1054,2013-04-15,129.94
1055,2013-04-16,131.11
1056,2013-04-17,130.32
1057,2013-04-18,131.61
1058,2013-04-19,131.51
1059,2013-04-22,130.96
1060,2013-04-23,130.09
1061,2013-04-24,130.61
1062,2013-04-25,132.62
1063,2013-04-26,131.92
1064,2013-04-29,134.38
1065,2013-04-30,133.63
1066,2013-05-01,131.33
1067,2013-05-02,131.6
1068,2013-05-03,133.12
1069,2013-05-06,132.7
1070,2013-05-07,132.03
1071,2013-05-08,132.94
1072,2013-05-09,133.38
1073,2013-05-10,131.94
1074,2013-05-13,132.2
1075,2013-05-14,131.92
1076,2013-05-15,131.3
1077,2013-05-16,130.9
1078,2013-05-17,131.7
1079,2013-05-20,132.5
1080,2013-05-21,132.39
1081,2013-05-22,132.31
1082,2013-05-23,132.56
1083,2013-05-24,131.98
1084,2013-05-28,132.42
1085,2013-05-29,131.85
1086,2013-05-30,131.31
1087,2013-05-31,130.63
1088,2013-06-03,131.82
1089,2013-06-04,132.13
1090,2013-06-05,132.18
1091,2013-06-06,131.75
1092,2013-06-07,131.3
1093,2013-06-10,130.59
1094,2013-06-11,129.95
1095,2013-06-12,130.11
1096,2013-06-13,130.08
1097,2013-06-14,130.37
1098,2013-06-17,130.76
1099,2013-06-18,130.9
1100,2013-06-19,131.97
1101,2013-06-20,128.06
1102,2013-06-21,127.28
1103,2013-06-24,126.42
1104,2013-06-25,126.41
1105,2013-06-26,125.74
1106,2013-06-27,125.33
1107,2013-06-28,124.47
1108,2013-07-01,125.39
1109,2013-07-02,125.98
1110,2013-07-03,126.8
1111,2013-07-05,125.54
1112,2013-07-08,126.93
1113,2013-07-09,127.27
1114,2013-07-10,128.3
1115,2013-07-11,128.61
1116,2013-07-12,128.45
1117,2013-07-15,128.37
1118,2013-07-16,129.06
1119,2013-07-17,128.42
1120,2013-07-18,129.49
1121,2013-07-19,129.66
1122,2013-07-22,129.86
1123,2013-07-23,129.68
1124,2013-07-24,128.5
1125,2013-07-25,127.78
1126,2013-07-26,126.62
1127,2013-07-29,126.17
1128,2013-07-30,125.27
1129,2013-07-31,126.16
1130,2013-08-01,126.26
1131,2013-08-02,125.68
1132,2013-08-05,125.02
1133,2013-08-06,124.28
1134,2013-08-07,123.73
1135,2013-08-08,125.02
1136,2013-08-09,125.57
1137,2013-08-12,127.24
1138,2013-08-13,127.06
1139,2013-08-14,128.0
1140,2013-08-15,129.53
1141,2013-08-16,129.61
1142,2013-08-19,130.2
1143,2013-08-20,129.49
1144,2013-08-21,129.07
1145,2013-08-22,129.0
1146,2013-08-23,130.18
1147,2013-08-26,131.45
1148,2013-08-27,132.27
1149,2013-08-28,132.37
1150,2013-08-29,131.62
1151,2013-08-30,130.44
1152,2013-09-03,131.65
1153,2013-09-04,130.29
1154,2013-09-05,129.77
1155,2013-09-06,130.77
1156,2013-09-09,130.34
1157,2013-09-10,129.29
1158,2013-09-11,129.43
1159,2013-09-12,129.91
1160,2013-09-13,129.32
1161,2013-09-16,128.89
1162,2013-09-17,128.02
1163,2013-09-18,128.92
1164,2013-09-19,130.0
1165,2013-09-20,128.29
1166,2013-09-23,127.59
1167,2013-09-24,126.85
1168,2013-09-25,127.45
1169,2013-09-26,127.81
1170,2013-09-27,128.01
1171,2013-09-30,127.11
1172,2013-10-01,126.28
1173,2013-10-02,127.23
1174,2013-10-03,126.91
1175,2013-10-04,127.26
1176,2013-10-07,128.11
1177,2013-10-08,128.52
1178,2013-10-09,127.4
1179,2013-10-10,128.17
1180,2013-10-11,127.78
1181,2013-10-14,128.32
1182,2013-10-15,127.76
1183,2013-10-16,128.26
1184,2013-10-17,128.19
1185,2013-10-18,128.69
1186,2013-10-21,128.12
1187,2013-10-22,128.11
1188,2013-10-23,127.11
1189,2013-10-24,127.19
1190,2013-10-25,127.51
1191,2013-10-28,126.91
1192,2013-10-29,126.49
1193,2013-10-30,126.64
1194,2013-10-31,125.23
1195,2013-11-01,123.87
1196,2013-11-04,123.2
1197,2013-11-05,122.79
1198,2013-11-06,123.0
1199,2013-11-07,122.69
1200,2013-11-08,123.26
1201,2013-11-11,123.53
1202,2013-11-12,123.11
1203,2013-11-13,122.83
1204,2013-11-14,123.23
1205,2013-11-15,123.21
1206,2013-11-18,122.42
1207,2013-11-19,122.0
1208,2013-11-20,122.43
1209,2013-11-21,123.29
1210,2013-11-22,123.81
1211,2013-11-25,123.89
1212,2013-11-26,123.83
1213,2013-11-27,123.55
1214,2013-11-29,124.22
1215,2013-12-02,123.89
1216,2013-12-03,124.21
1217,2013-12-04,125.05
1218,2013-12-05,125.22
1219,2013-12-06,125.38
1220,2013-12-09,125.98
1221,2013-12-10,126.52
1222,2013-12-11,127.06
1223,2013-12-12,126.33
1224,2013-12-13,126.11
1225,2013-12-16,126.34
1226,2013-12-17,126.04
1227,2013-12-18,126.03
1228,2013-12-19,126.73
1229,2013-12-20,127.59
1230,2013-12-23,127.34
1231,2013-12-24,127.48
1232,2013-12-26,127.48
1233,2013-12-27,127.61
1234,2013-12-30,127.14
1235,2013-12-31,125.75
1236,2014-01-02,125.4
1237,2014-01-03,124.91
1238,2014-01-06,125.06
1239,2014-01-07,124.87
1240,2014-01-08,123.68
1241,2014-01-09,122.33
1242,2014-01-10,123.64
1243,2014-01-13,124.52
1244,2014-01-14,124.8
1245,2014-01-15,124.91
1246,2014-01-16,125.15
1247,2014-01-17,125.16
1248,2014-01-21,124.95
1249,2014-01-22,125.77
1250,2014-01-23,125.97
1251,2014-01-24,127.0
1252,2014-01-27,125.51
1253,2014-01-28,126.38
1254,2014-01-29,127.59
1255,2014-01-30,126.33
1256,2014-01-31,126.12
1257,2014-02-03,126.4
1258,2014-02-04,128.34
1259,2014-02-05,128.07
1260,2014-02-06,128.08
1261,2014-02-07,128.48
1262,2014-02-10,127.91
1263,2014-02-11,128.85
1264,2014-02-12,129.33
1265,2014-02-13,130.09
1266,2014-02-14,130.66
1267,2014-02-18,132.84
1268,2014-02-19,133.71
1269,2014-02-20,133.35
1270,2014-02-21,133.69
1271,2014-02-24,133.89
1272,2014-02-25,133.96
1273,2014-02-26,133.48
1274,2014-02-27,133.33
1275,2014-02-28,133.98
1276,2014-03-03,135.34
1277,2014-03-04,135.98
1278,2014-03-05,135.65
1279,2014-03-06,136.76
1280,2014-03-07,136.14
1281,2014-03-10,135.37
1282,2014-03-11,135.18
1283,2014-03-12,135.03
1284,2014-03-13,134.58
1285,2014-03-14,134.9
1286,2014-03-17,134.12
1287,2014-03-18,134.75
1288,2014-03-19,134.89
1289,2014-03-20,133.27
1290,2014-03-21,132.94
1291,2014-03-24,133.08
1292,2014-03-25,133.66
1293,2014-03-26,133.44
1294,2014-03-27,134.6
1295,2014-03-28,134.75
1296,2014-03-31,134.52
1297,2014-04-01,133.69
1298,2014-04-02,133.4
1299,2014-04-03,134.28
1300,2014-04-04,134.75
1301,2014-04-07,134.61
1302,2014-04-08,136.04
1303,2014-04-09,136.47
1304,2014-04-10,136.98
1305,2014-04-11,136.4
1306,2014-04-14,137.37
1307,2014-04-15,136.82
1308,2014-04-16,137.06
1309,2014-04-17,137.68
1310,2014-04-21,136.91
1311,2014-04-22,137.4
1312,2014-04-23,137.62
1313,2014-04-24,138.15
1314,2014-04-25,138.05
1315,2014-04-28,137.81
1316,2014-04-29,138.67
1317,2014-04-30,137.8
1318,2014-05-01,136.28
1319,2014-05-02,136.68
1320,2014-05-05,136.82
1321,2014-05-06,137.2
1322,2014-05-07,136.58
1323,2014-05-08,136.28
1324,2014-05-09,135.76
1325,2014-05-12,136.05
1326,2014-05-13,136.3
1327,2014-05-14,136.61
1328,2014-05-15,135.79
1329,2014-05-16,135.23
1330,2014-05-19,135.72
1331,2014-05-20,135.6
1332,2014-05-21,135.64
1333,2014-05-22,135.6
1334,2014-05-23,135.71
1335,2014-05-27,134.79
1336,2014-05-28,134.79
1337,2014-05-29,134.74
1338,2014-05-30,133.83
1339,2014-06-02,133.98
1340,2014-06-03,133.59
1341,2014-06-04,133.29
1342,2014-06-05,133.29
1343,2014-06-06,133.71
1344,2014-06-09,133.8
1345,2014-06-10,133.29
1346,2014-06-11,132.84
1347,2014-06-12,134.28
1348,2014-06-13,134.77
1349,2014-06-16,134.71
1350,2014-06-17,134.66
1351,2014-06-18,134.87
1352,2014-06-19,136.27
1353,2014-06-20,136.55
1354,2014-06-23,136.15
1355,2014-06-24,136.34
1356,2014-06-25,136.63
1357,2014-06-26,136.36
1358,2014-06-27,135.89
1359,2014-06-30,134.63
1360,2014-07-01,134.23
1361,2014-07-02,134.29
1362,2014-07-03,134.22
1363,2014-07-07,132.66
1364,2014-07-08,132.36
1365,2014-07-09,131.55
1366,2014-07-10,131.14
1367,2014-07-11,130.19
1368,2014-07-14,130.17
1369,2014-07-15,129.48
1370,2014-07-16,129.77
1371,2014-07-17,129.98
1372,2014-07-18,129.29
1373,2014-07-21,129.37
1374,2014-07-22,128.81
1375,2014-07-23,129.16
1376,2014-07-24,129.05
1377,2014-07-25,129.3
1378,2014-07-28,129.34
1379,2014-07-29,128.63
1380,2014-07-30,128.45
1381,2014-07-31,127.91
1382,2014-08-01,127.09
1383,2014-08-04,127.91
1384,2014-08-05,127.23
1385,2014-08-06,128.22
1386,2014-08-07,127.73
1387,2014-08-08,127.33
1388,2014-08-11,127.68
1389,2014-08-12,126.87
1390,2014-08-13,126.27
1391,2014-08-14,125.65
1392,2014-08-15,125.71
1393,2014-08-18,125.13
1394,2014-08-19,124.98
1395,2014-08-20,125.27
1396,2014-08-21,125.49
1397,2014-08-22,125.42
1398,2014-08-25,125.4
1399,2014-08-26,125.89
1400,2014-08-27,126.01
1401,2014-08-28,126.33
1402,2014-08-29,126.57
1403,2014-09-02,125.3
1404,2014-09-03,125.17
1405,2014-09-04,124.67
1406,2014-09-05,124.85
1407,2014-09-08,124.24
1408,2014-09-09,123.48
1409,2014-09-10,122.64
1410,2014-09-11,121.63
1411,2014-09-12,121.3
1412,2014-09-15,121.36
1413,2014-09-16,122.26
1414,2014-09-17,122.04
1415,2014-09-18,120.48
1416,2014-09-19,119.49
1417,2014-09-22,118.63
1418,2014-09-23,118.6
1419,2014-09-24,119.53
1420,2014-09-25,119.08
1421,2014-09-26,119.18
1422,2014-09-29,120.42
1423,2014-09-30,118.69
1424,2014-10-01,118.56
1425,2014-10-02,118.22
1426,2014-10-03,118.02
1427,2014-10-06,119.58
1428,2014-10-07,119.86
1429,2014-10-08,118.8
1430,2014-10-09,118.83
1431,2014-10-10,118.2
1432,2014-10-13,119.04
1433,2014-10-14,118.4
1434,2014-10-15,117.0
1435,2014-10-16,117.55
1436,2014-10-17,117.45
1437,2014-10-20,116.61
1438,2014-10-21,117.47
1439,2014-10-22,116.65
1440,2014-10-23,117.24
1441,2014-10-24,116.58
1442,2014-10-27,116.83
1443,2014-10-28,117.76
1444,2014-10-29,119.08
1445,2014-10-30,117.95
1446,2014-10-31,117.74
1447,2014-11-03,117.72
1448,2014-11-04,116.48
1449,2014-11-05,116.3
1450,2014-11-06,116.99
1451,2014-11-07,117.68
1452,2014-11-10,116.54
1453,2014-11-11,117.56
1454,2014-11-12,117.32
1455,2014-11-13,115.94
1456,2014-11-14,116.88
1457,2014-11-17,117.48
1458,2014-11-18,116.78
1459,2014-11-19,117.1
1460,2014-11-20,117.92
1461,2014-11-21,118.11
1462,2014-11-24,117.22
1463,2014-11-25,117.69
1464,2014-11-26,117.49
1465,2014-11-28,112.95
1466,2014-12-01,114.8
1467,2014-12-02,112.51
1468,2014-12-03,112.16
1469,2014-12-04,112.2
1470,2014-12-05,112.2
1471,2014-12-08,110.67
1472,2014-12-09,111.99
1473,2014-12-10,110.88
1474,2014-12-11,110.68
1475,2014-12-12,110.77
1476,2014-12-15,109.78
1477,2014-12-16,108.26
1478,2014-12-17,108.85
1479,2014-12-18,108.52
1480,2014-12-19,108.66
1481,2014-12-22,107.02
1482,2014-12-23,107.6
1483,2014-12-24,106.16
1484,2014-12-26,106.49
1485,2014-12-29,106.11
1486,2014-12-30,106.1
1487,2014-12-31,104.33
1488,2015-01-02,103.86
1489,2015-01-05,103.87
1490,2015-01-06,104.08
1491,2015-01-07,103.53
1492,2015-01-08,103.64
1493,2015-01-09,103.62
1494,2015-01-12,101.9
1495,2015-01-13,101.29
1496,2015-01-14,102.35
1497,2015-01-15,101.72
1498,2015-01-16,103.31
1499,2015-01-20,101.5
1500,2015-01-21,102.55
1501,2015-01-22,101.59
1502,2015-01-23,101.13
1503,2015-01-26,100.75
1504,2015-01-27,101.32
1505,2015-01-28,100.25
1506,2015-01-29,98.76
1507,2015-01-30,100.84
1508,2015-02-02,101.32
1509,2015-02-03,104.02
1510,2015-02-04,101.61
1511,2015-02-05,102.48
1512,2015-02-06,102.65
1513,2015-02-09,103.57
1514,2015-02-10,102.12
1515,2015-02-11,101.62
1516,2015-02-12,103.01
1517,2015-02-13,104.47
1518,2015-02-17,103.98
1519,2015-02-18,103.21
1520,2015-02-19,103.22
1521,2015-02-20,102.73
1522,2015-02-23,101.73
1523,2015-02-24,101.97
1524,2015-02-25,102.79
1525,2015-02-26,102.1
1526,2015-02-27,103.44
1527,2015-03-02,101.89
1528,2015-03-03,102.1
1529,2015-03-04,102.05
1530,2015-03-05,101.7
1531,2015-03-06,100.77
1532,2015-03-09,100.34
1533,2015-03-10,99.14
1534,2015-03-11,99.38
1535,2015-03-12,99.0
1536,2015-03-13,97.58
1537,2015-03-16,97.33
1538,2015-03-17,96.96
1539,2015-03-18,98.19
1540,2015-03-19,97.99
1541,2015-03-20,99.55
1542,2015-03-23,100.13
1543,2015-03-24,100.0
1544,2015-03-25,100.31
1545,2015-03-26,101.05
1546,2015-03-27,99.37
1547,2015-03-30,99.29
1548,2015-03-31,98.12
1549,2015-04-01,99.9
1550,2015-04-02,99.69
1551,2015-04-06,100.95
1552,2015-04-07,101.38
1553,2015-04-08,99.22
1554,2015-04-09,98.8
1555,2015-04-10,99.47
1556,2015-04-13,99.06
1557,2015-04-14,99.67
1558,2015-04-15,101.44
1559,2015-04-16,102.31
1560,2015-04-17,101.82
1561,2015-04-20,101.17
1562,2015-04-21,100.74
1563,2015-04-22,100.64
1564,2015-04-23,101.61
1565,2015-04-24,101.59
1566,2015-04-27,101.77
1567,2015-04-28,102.06
1568,2015-04-29,103.06
1569,2015-04-30,103.75
1570,2015-05-01,103.4
1571,2015-05-04,103.7
1572,2015-05-05,104.73
1573,2015-05-06,104.56
1574,2015-05-07,103.1
1575,2015-05-08,104.1
1576,2015-05-11,103.4
1577,2015-05-12,104.65
1578,2015-05-13,104.98
1579,2015-05-14,105.49
1580,2015-05-15,105.35
1581,2015-05-18,105.09
1582,2015-05-19,102.8
1583,2015-05-20,102.94
1584,2015-05-21,103.75
1585,2015-05-22,102.5
1586,2015-05-26,100.77
1587,2015-05-27,100.0
1588,2015-05-28,100.16
1589,2015-05-29,100.95
1590,2015-06-01,101.06
1591,2015-06-02,102.07
1592,2015-06-03,100.99
1593,2015-06-04,100.05
1594,2015-06-05,100.25
1595,2015-06-09,102.17
1596,2015-06-10,102.71
1597,2015-06-11,101.49
1598,2015-06-12,100.58
1599,2015-06-15,100.27
1600,2015-06-16,100.52
1601,2015-06-17,100.52
1602,2015-06-18,100.6
1603,2015-06-19,99.84
1604,2015-06-22,100.05
1605,2015-06-23,100.72
1606,2015-06-24,100.47
1607,2015-06-25,100.9
1608,2015-06-26,101.13
1609,2015-06-29,100.73
1610,2015-06-30,102.69
1611,2015-07-01,101.6
1612,2015-07-02,101.86
1613,2015-07-06,99.11
1614,2015-07-07,97.6
1615,2015-07-08,97.84
1616,2015-07-09,99.04
1617,2015-07-10,99.33
1618,2015-07-13,99.58
1619,2015-07-14,99.4
1620,2015-07-15,98.48
1621,2015-07-16,98.08
1622,2015-07-17,97.57
1623,2015-07-20,96.2
1624,2015-07-21,96.36
1625,2015-07-22,95.32
1626,2015-07-23,94.39
1627,2015-07-24,93.29
1628,2015-07-27,92.15
1629,2015-07-28,92.9
1630,2015-07-29,93.05
1631,2015-07-30,92.62
1632,2015-07-31,91.78
1633,2015-08-03,90.43
1634,2015-08-04,91.12
1635,2015-08-05,90.83
1636,2015-08-06,90.53
1637,2015-08-07,90.48
1638,2015-08-10,92.62
1639,2015-08-11,91.12
1640,2015-08-12,90.83
1641,2015-08-13,90.45
1642,2015-08-14,90.36
1643,2015-08-17,89.81
1644,2015-08-18,89.29
1645,2015-08-19,88.53
1646,2015-08-20,89.23
1647,2015-08-21,87.8
1648,2015-08-24,85.85
1649,2015-08-25,86.28
1650,2015-08-26,85.14
1651,2015-08-27,87.72
1652,2015-08-28,89.36
1653,2015-08-31,90.93
1654,2015-09-01,88.74
1655,2015-09-02,88.93
1656,2015-09-03,89.42
1657,2015-09-04,88.49
1658,2015-09-08,89.35
1659,2015-09-09,88.22
1660,2015-09-10,89.15
1661,2015-09-11,88.93
1662,2015-09-14,88.57
1663,2015-09-15,88.57
1664,2015-09-16,89.46
1665,2015-09-17,89.03
1666,2015-09-18,87.73
1667,2015-09-21,88.56
1668,2015-09-22,87.67
1669,2015-09-23,87.19
1670,2015-09-24,87.87
1671,2015-09-25,88.49
1672,2015-09-28,87.33
1673,2015-09-29,87.56
1674,2015-09-30,87.82
1675,2015-10-01,87.13
1676,2015-10-02,87.89
1677,2015-10-05,88.8
1678,2015-10-06,90.27
1679,2015-10-07,90.11
1680,2015-10-08,90.35
1681,2015-10-09,91.01
1682,2015-10-12,90.05
1683,2015-10-13,89.98
1684,2015-10-14,90.14
1685,2015-10-15,89.84
1686,2015-10-16,89.78
1687,2015-10-19,88.52
1688,2015-10-20,88.83
1689,2015-10-21,88.18
1690,2015-10-22,88.17
1691,2015-10-23,87.45
1692,2015-10-26,86.96
1693,2015-10-27,86.62
1694,2015-10-28,87.64
1695,2015-10-29,86.87
1696,2015-10-30,87.43
1697,2015-11-02,86.87
1698,2015-11-03,87.69
1699,2015-11-04,86.51
1700,2015-11-05,85.83
1701,2015-11-06,85.23
1702,2015-11-09,84.24
1703,2015-11-10,84.04
1704,2015-11-11,83.62
1705,2015-11-12,82.87
1706,2015-11-13,82.43
1707,2015-11-16,82.46
1708,2015-11-17,81.74
1709,2015-11-18,81.57
1710,2015-11-19,81.74
1711,2015-11-20,81.42
1712,2015-11-23,81.5
1713,2015-11-24,82.14
1714,2015-11-25,82.27
1715,2015-11-27,81.1
1716,2015-11-30,81.08
1717,2015-12-01,81.75
1718,2015-12-02,80.37
1719,2015-12-03,81.3
1720,2015-12-04,81.7
1721,2015-12-07,79.51
1722,2015-12-08,79.17
1723,2015-12-09,79.25
1724,2015-12-10,79.15
1725,2015-12-11,78.42
1726,2015-12-14,77.96
1727,2015-12-15,77.58
1728,2015-12-16,77.08
1729,2015-12-17,76.6
1730,2015-12-18,77.45
1731,2015-12-21,77.7
1732,2015-12-22,77.17
1733,2015-12-23,78.11
1734,2015-12-24,78.49
1735,2015-12-28,77.88
1736,2015-12-29,79.04
1737,2015-12-30,78.09
1738,2015-12-31,78.56
1739,2016-01-04,77.91
1740,2016-01-05,77.66
1741,2016-01-06,76.64
1742,2016-01-07,76.68
1743,2016-01-08,76.73
1744,2016-01-11,75.12
1745,2016-01-12,74.43
1746,2016-01-13,74.63
1747,2016-01-14,74.56
1748,2016-01-15,73.49
1749,2016-01-19,73.61
1750,2016-01-20,72.88
1751,2016-01-21,73.79
1752,2016-01-22,75.24
1753,2016-01-25,74.5
1754,2016-01-26,75.5
1755,2016-01-27,76.12
1756,2016-01-28,76.1
1757,2016-01-29,77.22
1758,2016-02-01,75.95
1759,2016-02-02,74.85
1760,2016-02-03,76.27
1761,2016-02-04,76.14
1762,2016-02-05,75.6
1763,2016-02-08,75.5
1764,2016-02-09,74.0
1765,2016-02-10,73.92
1766,2016-02-11,73.96
1767,2016-02-12,75.44
1768,2016-02-16,74.72
1769,2016-02-17,76.03
1770,2016-02-18,75.75
1771,2016-02-19,75.11
1772,2016-02-22,75.97
1773,2016-02-23,75.18
1774,2016-02-24,75.77
1775,2016-02-25,75.74
1776,2016-02-26,75.46
1777,2016-02-29,75.95
1778,2016-03-01,76.08
1779,2016-03-02,76.46
1780,2016-03-03,76.87
1781,2016-03-04,78.38
1782,2016-03-07,79.3
1783,2016-03-08,78.42
1784,2016-03-09,79.44
1785,2016-03-10,79.38
1786,2016-03-11,79.95
1787,2016-03-14,79.43
1788,2016-03-15,78.82
1789,2016-03-16,79.6
1790,2016-03-17,81.29
1791,2016-03-18,80.76
1792,2016-03-21,80.79
1793,2016-03-22,81.23
1794,2016-03-23,79.58
1795,2016-03-24,79.25
1796,2016-03-28,79.48
1797,2016-03-29,79.31
1798,2016-03-30,78.93
1799,2016-03-31,78.83
1800,2016-04-01,77.94
1801,2016-04-04,77.18
1802,2016-04-05,76.97
1803,2016-04-06,77.65
1804,2016-04-07,77.45
1805,2016-04-08,79.03
1806,2016-04-11,79.28
1807,2016-04-12,80.89
1808,2016-04-13,81.24
1809,2016-04-14,80.65
1810,2016-04-15,80.39
1811,2016-04-18,80.68
1812,2016-04-19,82.65
1813,2016-04-20,84.18
1814,2016-04-21,83.59
1815,2016-04-22,83.05
1816,2016-04-25,82.88
1817,2016-04-26,83.84
1818,2016-04-27,84.31
1819,2016-04-28,84.84
1820,2016-04-29,85.52
1821,2016-05-02,84.72
1822,2016-05-03,83.58
1823,2016-05-04,83.35
1824,2016-05-05,82.71
1825,2016-05-06,83.39
1826,2016-05-09,81.76
1827,2016-05-10,83.36
1828,2016-05-11,84.71
1829,2016-05-12,84.75
1830,2016-05-13,84.47
1831,2016-05-16,85.14
1832,2016-05-17,85.72
1833,2016-05-18,85.4
1834,2016-05-19,84.68
1835,2016-05-20,84.87
1836,2016-05-23,84.38
1837,2016-05-24,84.17
1838,2016-05-25,85.19
1839,2016-05-26,85.35
1840,2016-05-27,85.47
1841,2016-05-31,85.34
1842,2016-06-01,85.91
1843,2016-06-02,86.71
1844,2016-06-03,87.14
1845,2016-06-06,88.11
1846,2016-06-07,88.29
1847,2016-06-08,89.94
1848,2016-06-09,89.88
1849,2016-06-10,88.94
1850,2016-06-13,89.08
1851,2016-06-14,88.77
1852,2016-06-15,88.47
1853,2016-06-16,87.23
1854,2016-06-17,88.72
1855,2016-06-20,89.45
1856,2016-06-21,88.58
1857,2016-06-22,88.02
1858,2016-06-23,88.35
1859,2016-06-24,86.96
1860,2016-06-27,86.66
1861,2016-06-28,88.3
1862,2016-06-29,89.3
1863,2016-06-30,88.84
1864,2016-07-01,89.68
1865,2016-07-05,87.43
1866,2016-07-06,87.53
1867,2016-07-07,85.53
1868,2016-07-08,86.4
1869,2016-07-11,86.08
1870,2016-07-12,87.49
1871,2016-07-13,86.98
1872,2016-07-14,87.12
1873,2016-07-15,86.7
1874,2016-07-18,86.53
1875,2016-07-19,85.75
1876,2016-07-20,85.16
1877,2016-07-21,84.95
1878,2016-07-22,84.64
1879,2016-07-25,83.92
1880,2016-07-26,83.72
1881,2016-07-27,83.13
1882,2016-07-28,83.4
1883,2016-07-29,84.28
1884,2016-08-01,82.9
1885,2016-08-02,82.73
1886,2016-08-03,83.55
1887,2016-08-04,83.91
1888,2016-08-05,83.85
1889,2016-08-08,84.32
1890,2016-08-09,83.75
1891,2016-08-10,83.23
1892,2016-08-11,83.97
1893,2016-08-12,84.06
1894,2016-08-15,85.24
1895,2016-08-16,85.72
1896,2016-08-17,85.87
1897,2016-08-18,86.74
1898,2016-08-19,86.24
1899,2016-08-22,85.67
1900,2016-08-23,86.07
1901,2016-08-24,85.07
1902,2016-08-25,85.05
1903,2016-08-26,84.98
1904,2016-08-29,84.46
1905,2016-08-30,83.66
1906,2016-08-31,82.77
1907,2016-09-01,82.1
1908,2016-09-02,82.99
1909,2016-09-06,83.39
1910,2016-09-07,83.93
1911,2016-09-08,85.15
1912,2016-09-09,84.02
1913,2016-09-12,84.08
1914,2016-09-13,83.02
1915,2016-09-14,82.67
1916,2016-09-15,83.08
1917,2016-09-16,83.24
1918,2016-09-19,83.61
1919,2016-09-20,84.29
1920,2016-09-21,84.91
1921,2016-09-22,85.51
1922,2016-09-23,84.32
1923,2016-09-26,84.86
1924,2016-09-27,84.14
1925,2016-09-28,85.14
1926,2016-09-29,85.22
1927,2016-09-30,85.34
1928,2016-10-03,85.6
1929,2016-10-04,85.15
1930,2016-10-05,85.72
1931,2016-10-06,85.51
1932,2016-10-07,85.64
1933,2016-10-10,86.76
1934,2016-10-11,86.18
1935,2016-10-12,85.65
1936,2016-10-13,86.28
1937,2016-10-14,86.34
1938,2016-10-17,86.39
1939,2016-10-18,86.55
1940,2016-10-19,86.89
1941,2016-10-20,86.02
1942,2016-10-21,86.11
1943,2016-10-24,86.15
1944,2016-10-25,86.01
1945,2016-10-26,85.54
1946,2016-10-27,86.22
1947,2016-10-28,85.91
1948,2016-10-31,84.9
1949,2016-11-01,84.51
1950,2016-11-02,83.89
1951,2016-11-03,83.61
1952,2016-11-04,83.29
1953,2016-11-07,83.82
1954,2016-11-08,83.78
1955,2016-11-09,83.91
1956,2016-11-10,83.84
1957,2016-11-11,82.38
1958,2016-11-14,82.34
1959,2016-11-15,83.28
1960,2016-11-16,82.77
1961,2016-11-17,82.73
1962,2016-11-18,83.02
1963,2016-11-21,84.89
1964,2016-11-22,85.14
1965,2016-11-23,85.36
1966,2016-11-25,85.03
1967,2016-11-28,86.07
1968,2016-11-29,84.28
1969,2016-11-30,86.0
1970,2016-12-01,86.92
1971,2016-12-02,87.04
1972,2016-12-05,88.35
1973,2016-12-06,88.03
1974,2016-12-07,87.47
1975,2016-12-08,87.57
1976,2016-12-09,88.14
1977,2016-12-12,88.18
1978,2016-12-13,87.92
1979,2016-12-14,87.63
1980,2016-12-15,86.84
1981,2016-12-16,87.13
1982,2016-12-19,86.57
1983,2016-12-20,86.16
1984,2016-12-21,86.4
1985,2016-12-22,86.33
1986,2016-12-23,86.29
1987,2016-12-27,87.6
1988,2016-12-28,87.75
1989,2016-12-29,87.67
1990,2016-12-30,87.51
1991,2017-01-03,86.07
1992,2017-01-04,87.17
1993,2017-01-05,87.53
1994,2017-01-06,87.37
1995,2017-01-09,86.34
1996,2017-01-10,86.85
1997,2017-01-11,87.21
1998,2017-01-12,88.49
1999,2017-01-13,88.54
2000,2017-01-17,88.95
2001,2017-01-18,88.38
2002,2017-01-19,88.16
2003,2017-01-20,88.38
2004,2017-01-23,88.6
2005,2017-01-24,88.75
2006,2017-01-25,88.37
2007,2017-01-26,88.27
2008,2017-01-27,87.98
2009,2017-01-30,87.03
2010,2017-01-31,87.59
2011,2017-02-01,88.54
2012,2017-02-02,88.4
2013,2017-02-03,87.94
2014,2017-02-06,87.83
2015,2017-02-07,87.86
2016,2017-02-08,88.42
2017,2017-02-09,88.53
2018,2017-02-10,89.36
2019,2017-02-13,88.64
2020,2017-02-14,88.63
2021,2017-02-15,89.01
2022,2017-02-16,88.48
2023,2017-02-17,88.11
2024,2017-02-21,87.86
2025,2017-02-22,87.55
2026,2017-02-23,87.37
2027,2017-02-24,87.48
2028,2017-02-27,87.1
2029,2017-02-28,87.74
2030,2017-03-01,88.32
2031,2017-03-02,86.99
2032,2017-03-03,87.19
2033,2017-03-06,87.11
2034,2017-03-07,86.35
2035,2017-03-08,85.29
2036,2017-03-09,84.58
2037,2017-03-10,84.27
2038,2017-03-13,84.37
2039,2017-03-14,83.9
2040,2017-03-15,84.51
2041,2017-03-16,84.87
2042,2017-03-17,85.14
2043,2017-03-20,85.11
2044,2017-03-21,84.92
2045,2017-03-22,84.66
2046,2017-03-23,84.59
2047,2017-03-24,84.53
2048,2017-03-27,84.33
2049,2017-03-28,84.91
2050,2017-03-29,85.4
2051,2017-03-30,85.35
2052,2017-03-31,85.35
2053,2017-04-03,84.74
2054,2017-04-04,85.29
2055,2017-04-05,85.62
2056,2017-04-06,85.75
2057,2017-04-07,85.84
2058,2017-04-10,85.9
2059,2017-04-11,86.0
2060,2017-04-12,85.88
2061,2017-04-13,86.3
2062,2017-04-17,86.05
2063,2017-04-18,85.35
2064,2017-04-19,84.64
2065,2017-04-20,84.45
2066,2017-04-21,83.9
2067,2017-04-24,83.72
2068,2017-04-25,84.03
2069,2017-04-26,83.89
2070,2017-04-27,83.62
2071,2017-04-28,84.01
2072,2017-05-01,84.21
2073,2017-05-02,83.85
2074,2017-05-03,83.73
2075,2017-05-04,82.21
2076,2017-05-05,82.68
2077,2017-05-08,82.27
2078,2017-05-09,82.03
2079,2017-05-10,82.76
2080,2017-05-11,83.13
2081,2017-05-12,83.48
2082,2017-05-15,83.58
2083,2017-05-16,83.5
2084,2017-05-17,83.98
2085,2017-05-18,83.42
2086,2017-05-19,84.72
2087,2017-05-22,85.26
2088,2017-05-23,84.7
2089,2017-05-24,84.47
2090,2017-05-25,83.71
2091,2017-05-26,84.01
2092,2017-05-30,83.2
2093,2017-05-31,82.83
2094,2017-06-01,82.46
2095,2017-06-02,82.33
2096,2017-06-05,82.0
2097,2017-06-06,82.48
2098,2017-06-07,81.96
2099,2017-06-08,82.18
2100,2017-06-09,82.42
2101,2017-06-12,81.59
2102,2017-06-13,81.61
2103,2017-06-14,80.89
2104,2017-06-15,80.92
2105,2017-06-16,81.27
2106,2017-06-19,80.72
2107,2017-06-20,80.13
2108,2017-06-21,79.63
2109,2017-06-22,79.36
2110,2017-06-23,79.64
2111,2017-06-26,79.87
2112,2017-06-27,80.42
2113,2017-06-28,80.84
2114,2017-06-29,81.33
2115,2017-06-30,82.6
2116,2017-07-03,83.11
2117,2017-07-05,82.32
2118,2017-07-06,82.42
2119,2017-07-07,81.8
2120,2017-07-10,82.36
2121,2017-07-11,83.02
2122,2017-07-12,82.65
2123,2017-07-13,81.92
2124,2017-07-14,82.7
2125,2017-07-17,82.69
2126,2017-07-18,83.15
2127,2017-07-19,83.63
2128,2017-07-20,83.69
2129,2017-07-21,82.99
2130,2017-07-24,82.65
2131,2017-07-25,83.11
2132,2017-07-26,83.69
2133,2017-07-27,84.23
2134,2017-07-28,84.48
2135,2017-07-31,84.39
2136,2017-08-01,83.53
2137,2017-08-02,83.93
2138,2017-08-03,83.33
2139,2017-08-04,83.28
2140,2017-08-07,83.72
2141,2017-08-08,83.94
2142,2017-08-09,84.42
2143,2017-08-10,83.54
2144,2017-08-11,83.7
2145,2017-08-14,83.11
2146,2017-08-15,82.52
2147,2017-08-16,82.58
2148,2017-08-17,82.68
2149,2017-08-18,83.23
2150,2017-08-21,83.04
2151,2017-08-22,82.98
2152,2017-08-23,83.27
2153,2017-08-24,83.51
2154,2017-08-25,83.29
2155,2017-08-28,83.42
2156,2017-08-29,83.5
2157,2017-08-30,83.07
2158,2017-08-31,84.66
2159,2017-09-01,84.98
2160,2017-09-05,85.37
2161,2017-09-06,85.72
2162,2017-09-07,85.66
2163,2017-09-08,84.76
2164,2017-09-11,84.89
2165,2017-09-12,84.8
2166,2017-09-13,84.96
2167,2017-09-14,85.1
2168,2017-09-15,85.19
2169,2017-09-18,85.08
2170,2017-09-19,84.84
2171,2017-09-20,85.59
2172,2017-09-21,84.78
2173,2017-09-22,84.86
2174,2017-09-25,85.33
2175,2017-09-26,84.78
2176,2017-09-27,84.84
2177,2017-09-28,84.64
2178,2017-09-29,84.46
2179,2017-10-02,83.71
2180,2017-10-03,83.74
2181,2017-10-04,83.96
2182,2017-10-05,84.58
2183,2017-10-06,83.93
2184,2017-10-09,84.07
2185,2017-10-10,84.82
2186,2017-10-11,84.77
2187,2017-10-12,85.13
2188,2017-10-13,85.89
2189,2017-10-16,85.99
2190,2017-10-17,85.49
2191,2017-10-18,85.31
2192,2017-10-19,85.39
2193,2017-10-20,85.27
2194,2017-10-23,85.61
2195,2017-10-24,86.04
2196,2017-10-25,85.89
2197,2017-10-26,85.92
2198,2017-10-27,85.87
2199,2017-10-30,86.15
2200,2017-10-31,86.19
2201,2017-11-01,86.54
2202,2017-11-02,86.69
2203,2017-11-03,86.88
2204,2017-11-06,88.15
2205,2017-11-07,87.54
2206,2017-11-08,87.64
2207,2017-11-09,87.46
2208,2017-11-10,87.28
2209,2017-11-13,87.2
2210,2017-11-14,86.16
2211,2017-11-15,86.0
2212,2017-11-16,85.66
2213,2017-11-17,86.77
2214,2017-11-20,86.19
2215,2017-11-21,86.47
2216,2017-11-22,87.04
2217,2017-11-24,87.0
2218,2017-11-27,86.9
2219,2017-11-28,86.72
2220,2017-11-29,86.44
2221,2017-11-30,85.7
2222,2017-12-01,86.48
2223,2017-12-04,85.75
2224,2017-12-05,85.03
2225,2017-12-06,84.11
2226,2017-12-07,83.8
2227,2017-12-08,84.01
2228,2017-12-11,84.22
2229,2017-12-12,83.43
2230,2017-12-13,83.47
2231,2017-12-14,83.84
2232,2017-12-15,84.05
2233,2017-12-18,84.47
2234,2017-12-19,84.58
2235,2017-12-20,85.05
2236,2017-12-21,85.28
2237,2017-12-22,85.75
2238,2017-12-26,86.73
2239,2017-12-27,87.08
2240,2017-12-28,87.7
2241,2017-12-29,88.17
2242,2018-01-02,88.41
2243,2018-01-03,88.61
2244,2018-01-04,88.57
2245,2018-01-05,87.92
2246,2018-01-08,87.69
2247,2018-01-09,88.1
2248,2018-01-10,88.24
2249,2018-01-11,88.31
2250,2018-01-12,88.76
2251,2018-01-16,88.45
2252,2018-01-17,88.8
2253,2018-01-18,88.69
2254,2018-01-19,88.54
2255,2018-01-22,88.81
2256,2018-01-23,89.16
2257,2018-01-24,90.46
2258,2018-01-25,90.46
2259,2018-01-26,90.8
2260,2018-01-29,90.63
2261,2018-01-30,90.28
2262,2018-01-31,89.8
2263,2018-02-01,89.87
2264,2018-02-02,89.12
2265,2018-02-05,88.51
2266,2018-02-06,88.17
2267,2018-02-07,87.15
2268,2018-02-08,87.01
2269,2018-02-09,85.64
2270,2018-02-12,86.33
2271,2018-02-13,86.79
2272,2018-02-14,87.99
2273,2018-02-15,88.24
2274,2018-02-16,88.2
2275,2018-02-20,88.0
2276,2018-02-21,88.27
2277,2018-02-22,88.67
2278,2018-02-23,88.69
2279,2018-02-26,89.04
2280,2018-02-27,88.59
2281,2018-02-28,88.14
2282,2018-03-01,88.2
2283,2018-03-02,88.15
2284,2018-03-05,88.7
2285,2018-03-06,89.01
2286,2018-03-07,88.04
2287,2018-03-08,87.59
2288,2018-03-09,87.95
2289,2018-03-12,87.67
2290,2018-03-13,87.88
2291,2018-03-14,87.67
2292,2018-03-15,87.32
2293,2018-03-16,87.36
2294,2018-03-19,86.52
2295,2018-03-20,86.72
2296,2018-03-21,87.41
2297,2018-03-22,87.1
2298,2018-03-23,87.44
2299,2018-03-26,87.25
2300,2018-03-27,87.26
2301,2018-03-28,86.76
2302,2018-03-29,87.47
2303,2018-04-02,86.83
2304,2018-04-03,87.01
2305,2018-04-04,86.62
2306,2018-04-05,87.18
2307,2018-04-06,86.94
2308,2018-04-09,88.01
2309,2018-04-10,88.8
2310,2018-04-11,89.25
2311,2018-04-12,89.09
2312,2018-04-13,89.28
2313,2018-04-16,89.03
2314,2018-04-17,89.02
2315,2018-04-18,90.46
2316,2018-04-19,89.97
2317,2018-04-20,89.85
2318,2018-04-23,89.19
2319,2018-04-24,89.08
2320,2018-04-25,89.25
2321,2018-04-26,89.4
2322,2018-04-27,89.38
2323,2018-04-30,89.59
2324,2018-05-01,89.37
2325,2018-05-02,89.49
2326,2018-05-03,89.67
2327,2018-05-04,89.99
2328,2018-05-07,89.82
2329,2018-05-08,89.58
2330,2018-05-09,90.1
2331,2018-05-10,90.55
2332,2018-05-11,90.04
2333,2018-05-14,90.37
2334,2018-05-15,90.12
2335,2018-05-16,90.18
2336,2018-05-17,90.31
2337,2018-05-18,90.41
2338,2018-05-21,90.97
2339,2018-05-22,91.42
2340,2018-05-23,91.57
2341,2018-05-24,91.51
2342,2018-05-25,90.92
2343,2018-05-29,90.28
2344,2018-05-30,90.72
2345,2018-05-31,90.72
2346,2018-06-01,90.45
2347,2018-06-04,89.43
2348,2018-06-05,89.7
2349,2018-06-06,89.77
2350,2018-06-07,90.05
2351,2018-06-08,89.98
2352,2018-06-11,89.65
2353,2018-06-12,89.9
2354,2018-06-13,89.97
2355,2018-06-14,89.22
2356,2018-06-15,87.7
2357,2018-06-18,87.63
2358,2018-06-19,86.58
2359,2018-06-20,86.78
2360,2018-06-21,86.42
2361,2018-06-22,87.32
2362,2018-06-25,86.17
2363,2018-06-26,86.53
2364,2018-06-27,87.14
2365,2018-06-28,86.79
2366,2018-06-29,87.41
2367,2018-07-02,85.73
2368,2018-07-03,85.93
2369,2018-07-05,85.53
2370,2018-07-06,86.21
2371,2018-07-09,86.13
2372,2018-07-10,85.76
2373,2018-07-11,83.44
2374,2018-07-12,84.01
2375,2018-07-13,83.83
2376,2018-07-16,82.84
2377,2018-07-17,82.82
2378,2018-07-18,83.12
2379,2018-07-19,83.07
2380,2018-07-20,83.68
2381,2018-07-23,83.64
2382,2018-07-24,84.07
2383,2018-07-25,84.93
2384,2018-07-26,84.95
2385,2018-07-27,84.84
2386,2018-07-30,85.38
2387,2018-07-31,85.39
2388,2018-08-01,84.25
2389,2018-08-02,84.51
2390,2018-08-03,84.9
2391,2018-08-06,85.06
2392,2018-08-07,85.48
2393,2018-08-08,85.13
2394,2018-08-09,84.89
2395,2018-08-10,84.23
2396,2018-08-13,83.54
2397,2018-08-14,83.77
2398,2018-08-15,82.17
2399,2018-08-16,83.01
2400,2018-08-17,83.35
2401,2018-08-20,83.33
2402,2018-08-21,83.44
2403,2018-08-22,83.59
2404,2018-08-23,83.11
2405,2018-08-24,83.69
2406,2018-08-27,83.76
2407,2018-08-28,83.36
2408,2018-08-29,83.82
2409,2018-08-30,83.62
2410,2018-08-31,83.74
2411,2018-09-04,83.13
2412,2018-09-05,82.7
2413,2018-09-06,82.43
2414,2018-09-07,82.59
2415,2018-09-10,82.93
2416,2018-09-11,82.98
2417,2018-09-12,83.47
2418,2018-09-13,82.72
2419,2018-09-14,82.46
2420,2018-09-17,82.14
2421,2018-09-18,82.74
2422,2018-09-19,83.36
2423,2018-09-20,83.88
2424,2018-09-21,84.4
2425,2018-09-24,84.85
2426,2018-09-25,85.08
2427,2018-09-26,84.7
2428,2018-09-27,84.75
2429,2018-09-28,85.2
2430,2018-10-01,86.36
2431,2018-10-02,87.15
2432,2018-10-03,87.68
2433,2018-10-04,86.79
2434,2018-10-05,86.9
2435,2018-10-08,86.93
2436,2018-10-09,87.24
2437,2018-10-10,86.39
2438,2018-10-11,85.92
2439,2018-10-12,86.24
2440,2018-10-15,87.13
2441,2018-10-16,87.03
2442,2018-10-17,86.7
2443,2018-10-18,85.75
2444,2018-10-19,85.95
2445,2018-10-22,85.78
2446,2018-10-23,85.14
2447,2018-10-24,84.79
2448,2018-10-25,84.62
2449,2018-10-26,85.0
2450,2018-10-29,84.4
2451,2018-10-30,83.58
2452,2018-10-31,83.19
2453,2018-11-01,83.58
2454,2018-11-02,83.88
2455,2018-11-05,84.2
2456,2018-11-06,83.67
2457,2018-11-07,83.73
2458,2018-11-08,83.27
2459,2018-11-09,82.89
2460,2018-11-12,83.05
2461,2018-11-13,82.45
2462,2018-11-14,84.73
2463,2018-11-15,82.85
2464,2018-11-16,83.91
2465,2018-11-19,84.83
2466,2018-11-20,82.99
2467,2018-11-21,83.37
2468,2018-11-23,81.48
2469,2018-11-26,81.46
2470,2018-11-27,81.14
2471,2018-11-28,82.47
2472,2018-11-29,82.64
2473,2018-11-30,82.56
2474,2018-12-03,82.96
2475,2018-12-04,83.4
2476,2018-12-06,82.27
2477,2018-12-07,83.49
2478,2018-12-10,82.73
2479,2018-12-11,82.62
2480,2018-12-12,82.19
2481,2018-12-13,82.51
2482,2018-12-14,81.27
2483,2018-12-17,80.26
2484,2018-12-18,79.68
2485,2018-12-19,79.96
2486,2018-12-20,78.81
2487,2018-12-21,78.7
2488,2018-12-24,77.21
2489,2018-12-26,78.21
2490,2018-12-27,77.8
2491,2018-12-28,77.59
2492,2018-12-31,76.72
2493,2019-01-02,76.99
2494,2019-01-03,77.45
2495,2019-01-04,78.34
2496,2019-01-07,78.57
2497,2019-01-08,78.95
2498,2019-01-09,79.91
2499,2019-01-10,79.49
2500,2019-01-11,79.66
2501,2019-01-14,79.9
2502,2019-01-15,80.1
2503,2019-01-16,80.26
2504,2019-01-17,80.45
2505,2019-01-18,81.38
2506,2019-01-22,80.09
2507,2019-01-23,80.07
2508,2019-01-24,80.21
2509,2019-01-25,81.07
2510,2019-01-28,79.87
2511,2019-01-29,80.5
2512,2019-01-30,80.88
2513,2019-01-31,80.73
2514,2019-02-01,80.97
2515,2019-02-04,81.1
2516,2019-02-05,80.88
2517,2019-02-06,80.99
2518,2019-02-07,80.04
2519,2019-02-08,80.07
2520,2019-02-11,79.66
2521,2019-02-12,80.1
2522,2019-02-13,80.16
2523,2019-02-14,79.96
2524,2019-02-15,80.96
2525,2019-02-19,81.29
2526,2019-02-20,81.68
2527,2019-02-21,81.79
2528,2019-02-22,82.12
2529,2019-02-25,81.3
2530,2019-02-26,81.21
2531,2019-02-27,81.61
2532,2019-02-28,81.39
2533,2019-03-01,80.97
2534,2019-03-04,80.82
2535,2019-03-05,81.19
2536,2019-03-06,80.74
2537,2019-03-07,80.52
2538,2019-03-08,80.47
2539,2019-03-11,80.26
2540,2019-03-12,80.86
2541,2019-03-13,81.53
2542,2019-03-14,81.35
2543,2019-03-15,81.58
2544,2019-03-18,81.88
2545,2019-03-19,82.09
2546,2019-03-20,82.38
2547,2019-03-21,82.35
2548,2019-03-22,81.75
2549,2019-03-25,81.92
2550,2019-03-26,81.99
2551,2019-03-27,81.56
2552,2019-03-28,81.09
2553,2019-03-29,81.09
2554,2019-04-01,81.67
2555,2019-04-02,81.86
2556,2019-04-03,82.18
2557,2019-04-04,82.23
2558,2019-04-05,82.37
2559,2019-04-08,82.77
2560,2019-04-09,82.62
2561,2019-04-10,83.06
2562,2019-04-11,82.24
2563,2019-04-12,82.71
2564,2019-04-15,82.32
2565,2019-04-16,81.97
2566,2019-04-17,81.66
2567,2019-04-18,81.71
2568,2019-04-22,81.96
2569,2019-04-23,81.64
2570,2019-04-24,81.43
2571,2019-04-25,81.22
2572,2019-04-26,80.76
2573,2019-04-29,80.54
2574,2019-04-30,80.57
2575,2019-05-01,80.42
2576,2019-05-02,79.7
2577,2019-05-03,79.84
2578,2019-05-06,79.47
2579,2019-05-07,78.97
2580,2019-05-08,79.0
2581,2019-05-09,78.56
2582,2019-05-10,78.66
2583,2019-05-13,78.34
2584,2019-05-14,79.34
2585,2019-05-15,79.65
2586,2019-05-16,80.3
2587,2019-05-17,79.7
2588,2019-05-20,79.93
2589,2019-05-21,79.78
2590,2019-05-22,78.95
2591,2019-05-23,77.96
2592,2019-05-24,78.71
2593,2019-05-28,79.39
2594,2019-05-29,79.39
2595,2019-05-30,79.1
2596,2019-05-31,77.7
2597,2019-06-03,77.46
2598,2019-06-04,77.71
2599,2019-06-05,76.49
2600,2019-06-06,77.11
2601,2019-06-07,77.15
2602,2019-06-10,77.02
2603,2019-06-11,77.47
2604,2019-06-12,77.08
2605,2019-06-13,77.61
2606,2019-06-14,77.83
2607,2019-06-17,77.79
2608,2019-06-18,78.24
2609,2019-06-19,77.77
2610,2019-06-20,79.16
2611,2019-06-21,78.84
2612,2019-06-24,79.48
2613,2019-06-25,79.84
2614,2019-06-26,80.14
2615,2019-06-27,80.19
2616,2019-06-28,79.65
2617,2019-07-01,79.04
2618,2019-07-02,78.07
2619,2019-07-03,79.2
2620,2019-07-05,79.11
2621,2019-07-08,79.02
2622,2019-07-09,79.13
2623,2019-07-10,80.54
2624,2019-07-11,80.56
2625,2019-07-12,81.02
2626,2019-07-15,80.55
2627,2019-07-16,79.65
2628,2019-07-17,79.58
2629,2019-07-18,78.92
2630,2019-07-19,79.38
2631,2019-07-22,79.17
2632,2019-07-23,79.4
2633,2019-07-24,79.32
2634,2019-07-25,79.0
2635,2019-07-26,78.74
2636,2019-07-29,79.01
2637,2019-07-30,79.08
2638,2019-07-31,78.96
2639,2019-08-01,77.01
2640,2019-08-02,77.23
2641,2019-08-05,76.76
2642,2019-08-06,76.47
2643,2019-08-07,75.97
2644,2019-08-08,77.04
2645,2019-08-09,77.42
2646,2019-08-12,76.83
2647,2019-08-13,77.59
2648,2019-08-14,76.86
2649,2019-08-15,76.7
2650,2019-08-16,76.77
2651,2019-08-19,76.66
2652,2019-08-20,76.69
2653,2019-08-21,76.8
2654,2019-08-22,76.42
2655,2019-08-23,76.07
2656,2019-08-26,76.35
2657,2019-08-27,76.58
2658,2019-08-28,77.17
2659,2019-08-29,77.49
2660,2019-08-30,77.0
2661,2019-09-03,77.01
2662,2019-09-04,78.42
2663,2019-09-05,78.03
2664,2019-09-06,77.89
2665,2019-09-09,78.45
2666,2019-09-10,78.76
2667,2019-09-11,78.21
2668,2019-09-12,78.57
2669,2019-09-13,78.7
2670,2019-09-16,81.4
2671,2019-09-17,79.9
2672,2019-09-18,79.51
2673,2019-09-19,79.4
2674,2019-09-20,79.2
2675,2019-09-23,79.87
2676,2019-09-24,79.36
2677,2019-09-25,78.91
2678,2019-09-26,78.63
2679,2019-09-27,78.34
2680,2019-09-30,77.78
2681,2019-10-01,77.87
2682,2019-10-02,77.52
2683,2019-10-03,77.74
2684,2019-10-04,77.93
2685,2019-10-07,77.71
2686,2019-10-08,77.88
2687,2019-10-09,77.92
2688,2019-10-10,77.94
2689,2019-10-11,78.83
2690,2019-10-14,78.58
2691,2019-10-15,78.41
2692,2019-10-16,78.33
2693,2019-10-17,78.58
2694,2019-10-18,78.67
2695,2019-10-21,78.25
2696,2019-10-22,78.47
2697,2019-10-23,79.01
2698,2019-10-24,79.35
2699,2019-10-25,79.5
2700,2019-10-28,79.48
2701,2019-10-29,79.6
2702,2019-10-30,79.6
2703,2019-10-31,79.24
2704,2019-11-01,80.26
2705,2019-11-04,80.63
2706,2019-11-05,80.72
2707,2019-11-06,80.15
2708,2019-11-07,80.02
2709,2019-11-08,79.91
2710,2019-11-11,79.03
2711,2019-11-12,79.03
2712,2019-11-13,78.96
2713,2019-11-14,78.92
2714,2019-11-15,79.09
2715,2019-11-18,78.32
2716,2019-11-19,77.86
2717,2019-11-20,78.28
2718,2019-11-21,78.61
2719,2019-11-22,78.73
2720,2019-11-25,78.56
2721,2019-11-26,78.66
2722,2019-11-27,78.34
2723,2019-11-29,77.11
2724,2019-12-02,77.14
2725,2019-12-03,77.34
2726,2019-12-04,77.85
2727,2019-12-05,78.11
2728,2019-12-06,78.24
2729,2019-12-09,78.14
2730,2019-12-10,78.52
2731,2019-12-11,78.33
2732,2019-12-12,79.07
2733,2019-12-13,79.41
2734,2019-12-16,80.19
2735,2019-12-17,80.29
2736,2019-12-18,80.14
2737,2019-12-19,80.35
2738,2019-12-20,80.39
2739,2019-12-23,80.22
2740,2019-12-24,80.66
2741,2019-12-26,81.27
2742,2019-12-27,81.35
2743,2019-12-30,81.39
2744,2019-12-31,80.89
2745,2020-01-02,81.0
2746,2020-01-03,81.37
2747,2020-01-06,81.64
2748,2020-01-07,81.57
2749,2020-01-08,80.58
2750,2020-01-09,80.45
2751,2020-01-10,80.71
2752,2020-01-13,80.29
2753,2020-01-14,80.35
2754,2020-01-15,80.03
2755,2020-01-16,79.61
2756,2020-01-17,79.82
2757,2020-01-21,79.21
2758,2020-01-22,78.67
2759,2020-01-23,78.23
2760,2020-01-24,77.32
2761,2020-01-27,76.23
2762,2020-01-28,76.32
2763,2020-01-29,75.86
2764,2020-01-30,75.14
2765,2020-01-31,74.84
2766,2020-02-03,74.08
2767,2020-02-04,74.1
2768,2020-02-05,74.74
2769,2020-02-06,74.96
2770,2020-02-07,74.76
2771,2020-02-10,74.2
2772,2020-02-11,74.38
2773,2020-02-12,75.16
2774,2020-02-13,75.32
2775,2020-02-14,75.38
2776,2020-02-18,76.11
2777,2020-02-19,76.57
2778,2020-02-20,76.21
2779,2020-02-21,76.25
2780,2020-02-24,74.9
2781,2020-02-25,74.21
2782,2020-02-26,73.63
2783,2020-02-27,72.58
2784,2020-02-28,70.98
2785,2020-03-02,72.47
2786,2020-03-03,73.19
2787,2020-03-04,73.23
2788,2020-03-05,72.68
2789,2020-03-06,70.79
2790,2020-03-09,67.85
2791,2020-03-10,69.3
2792,2020-03-11,68.3
2793,2020-03-12,66.16
2794,2020-03-13,65.31
2795,2020-03-16,62.57
2796,2020-03-17,62.01
2797,2020-03-18,59.48
2798,2020-03-19,61.43
2799,2020-03-20,61.1
2800,2020-03-23,62.01
2801,2020-03-24,63.77
2802,2020-03-25,63.98
2803,2020-03-26,63.33
2804,2020-03-27,62.71
2805,2020-03-30,62.06
2806,2020-03-31,61.86
2807,2020-04-01,60.29
2808,2020-04-02,61.55
2809,2020-04-03,62.2
2810,2020-04-06,62.82
2811,2020-04-07,63.22
2812,2020-04-08,63.15
2813,2020-04-09,63.48
2814,2020-04-13,63.38
2815,2020-04-14,63.05
2816,2020-04-15,61.97
2817,2020-04-16,62.05
2818,2020-04-17,62.09
2819,2020-04-20,61.98
2820,2020-04-21,59.51
2821,2020-04-22,60.68
2822,2020-04-23,60.78
2823,2020-04-24,60.24
2824,2020-04-27,59.55
2825,2020-04-28,59.64
2826,2020-04-29,59.88
2827,2020-04-30,60.9
2828,2020-05-01,60.71
2829,2020-05-04,60.97
2830,2020-05-05,62.31
2831,2020-05-06,61.46
2832,2020-05-07,62.0
2833,2020-05-08,62.32
2834,2020-05-11,61.78
2835,2020-05-12,61.55
2836,2020-05-13,60.62
2837,2020-05-14,61.29
2838,2020-05-15,61.66
2839,2020-05-18,63.03
2840,2020-05-19,63.24
2841,2020-05-20,63.6
2842,2020-05-21,63.01
2843,2020-05-22,62.74
2844,2020-05-26,63.35
2845,2020-05-27,62.67
2846,2020-05-28,62.77
2847,2020-05-29,63.54
2848,2020-06-01,63.51
2849,2020-06-02,63.78
2850,2020-06-03,63.9
2851,2020-06-04,64.35
2852,2020-06-05,64.69
2853,2020-06-08,64.64
2854,2020-06-09,64.73
2855,2020-06-10,65.0
2856,2020-06-11,64.09
2857,2020-06-12,63.71
2858,2020-06-15,63.65
2859,2020-06-16,63.94
2860,2020-06-17,64.07
2861,2020-06-18,64.12
2862,2020-06-19,64.57
2863,2020-06-22,64.83
2864,2020-06-23,64.71
2865,2020-06-24,63.71
2866,2020-06-25,63.45
2867,2020-06-26,63.22
2868,2020-06-29,64.24
2869,2020-06-30,64.98
2870,2020-07-01,65.18
2871,2020-07-02,65.63
2872,2020-07-06,66.18
2873,2020-07-07,66.54
2874,2020-07-08,66.79
2875,2020-07-09,66.35
2876,2020-07-10,66.64
2877,2020-07-13,66.49
2878,2020-07-14,66.18
2879,2020-07-15,66.67
2880,2020-07-16,66.47
2881,2020-07-17,66.49
2882,2020-07-20,66.31
2883,2020-07-21,67.29
2884,2020-07-22,67.74
2885,2020-07-23,68.12
2886,2020-07-24,68.15
2887,2020-07-27,68.5
2888,2020-07-28,68.53
2889,2020-07-29,68.99
2890,2020-07-30,68.25
2891,2020-07-31,68.68
2892,2020-08-03,69.9
2893,2020-08-04,70.54
2894,2020-08-05,71.19
2895,2020-08-06,71.34
2896,2020-08-07,70.45
2897,2020-08-10,70.9
2898,2020-08-11,69.89
2899,2020-08-12,70.27
2900,2020-08-13,70.84
2901,2020-08-14,70.81
2902,2020-08-17,72.02
2903,2020-08-18,72.47
2904,2020-08-19,72.33
2905,2020-08-20,71.78
2906,2020-08-21,71.46
2907,2020-08-24,71.65
2908,2020-08-25,72.02
2909,2020-08-26,72.3
2910,2020-08-27,72.62
2911,2020-08-28,73.14
2912,2020-08-31,73.32
2913,2020-09-01,73.5
2914,2020-09-02,72.83
2915,2020-09-03,72.3
2916,2020-09-04,72.39
2917,2020-09-08,71.4
2918,2020-09-09,71.7
2919,2020-09-10,71.49
2920,2020-09-11,71.56
2921,2020-09-14,71.75
2922,2020-09-15,71.8
2923,2020-09-16,72.3
2924,2020-09-17,72.39
2925,2020-09-18,72.97
2926,2020-09-21,71.16
2927,2020-09-22,71.0
2928,2020-09-23,70.77
2929,2020-09-24,70.87
2930,2020-09-25,70.69
2931,2020-09-28,70.99
2932,2020-09-29,70.27
2933,2020-09-30,70.85
2934,2020-10-01,70.25
2935,2020-10-02,69.8
2936,2020-10-05,71.05
2937,2020-10-06,71.4
2938,2020-10-07,71.8
2939,2020-10-08,72.16
2940,2020-10-09,73.25
2941,2020-10-12,72.78
2942,2020-10-13,72.57
2943,2020-10-14,73.0
2944,2020-10-15,73.44
2945,2020-10-16,73.38
2946,2020-10-19,73.57
2947,2020-10-20,73.93
2948,2020-10-21,74.13
2949,2020-10-22,73.84
2950,2020-10-23,73.57
2951,2020-10-26,73.23
2952,2020-10-27,73.58
2953,2020-10-28,72.14
2954,2020-10-29,71.61
2955,2020-10-30,71.84
2956,2020-11-02,72.13
2957,2020-11-03,72.26
2958,2020-11-04,72.69
2959,2020-11-05,73.19
2960,2020-11-06,72.82
2961,2020-11-09,72.75
2962,2020-11-10,73.96
2963,2020-11-11,74.0
2964,2020-11-12,73.72
2965,2020-11-13,73.73
2966,2020-11-16,73.77
2967,2020-11-17,73.89
2968,2020-11-18,74.19
2969,2020-11-19,73.54
2970,2020-11-20,74.14
2971,2020-11-23,74.16
2972,2020-11-24,74.73
2973,2020-11-25,74.8
2974,2020-11-27,74.82
2975,2020-11-30,74.36
2976,2020-12-01,74.55
2977,2020-12-02,74.5
2978,2020-12-03,74.07
2979,2020-12-04,74.3
2980,2020-12-07,73.94
2981,2020-12-08,73.67
2982,2020-12-09,73.95
2983,2020-12-10,74.89
2984,2020-12-11,74.87
2985,2020-12-14,75.19
2986,2020-12-15,75.71
2987,2020-12-16,76.02
2988,2020-12-17,76.86
2989,2020-12-18,77.32
2990,2020-12-21,76.97
2991,2020-12-22,76.55
2992,2020-12-23,77.03
2993,2020-12-24,77.03
2994,2020-12-28,76.5
2995,2020-12-29,77.11
2996,2020-12-30,77.59
2997,2020-12-31,78.05
2998,2021-01-04,78.64
2999,2021-01-05,80.33
3000,2021-01-06,80.27
3001,2021-01-07,80.31
3002,2021-01-08,79.66
3003,2021-01-11,79.49
3004,2021-01-12,80.63
3005,2021-01-13,80.61
3006,2021-01-14,81.22
3007,2021-01-15,80.46
3008,2021-01-19,80.05
3009,2021-01-20,80.3
3010,2021-01-21,80.29
3011,2021-01-22,79.11
3012,2021-01-25,79.98
3013,2021-01-26,80.48
3014,2021-01-27,80.45
3015,2021-01-28,79.99
3016,2021-01-29,80.1
3017,2021-02-01,81.6
3018,2021-02-02,81.27
3019,2021-02-03,81.81
3020,2021-02-04,81.98
3021,2021-02-05,82.47
3022,2021-02-08,83.54
3023,2021-02-09,83.77
3024,2021-02-10,83.53
3025,2021-02-11,83.47
3026,2021-02-12,84.06
3027,2021-02-16,85.05
3028,2021-02-17,85.2
3029,2021-02-18,85.24
3030,2021-02-19,85.3
3031,2021-02-22,86.7
3032,2021-02-23,86.62
3033,2021-02-24,87.58
3034,2021-02-25,87.12
3035,2021-02-26,85.28
3036,2021-03-01,84.78
3037,2021-03-02,85.25
3038,2021-03-03,84.87
3039,2021-03-04,84.78
3040,2021-03-05,85.86
3041,2021-03-08,85.37
3042,2021-03-09,85.42
3043,2021-03-10,85.34
3044,2021-03-11,86.27
3045,2021-03-12,85.96
3046,2021-03-15,85.96
3047,2021-03-16,85.96
3048,2021-03-17,85.69
3049,2021-03-18,83.66
3050,2021-03-19,84.52
3051,2021-03-22,84.67
3052,2021-03-23,83.18
3053,2021-03-24,84.35
3054,2021-03-25,82.99
3055,2021-03-26,84.13
