date,cpi price
2009-10-26,25.0
2009-10-27,25.0
2009-10-28,25.03
2009-10-29,25.02
2009-10-30,25.04
2009-11-02,25.06
2009-11-03,25.08
2009-11-04,25.11
2009-11-05,25.09
2009-11-06,25.1
2009-11-09,25.1
2009-11-10,25.12
2009-11-11,25.12
2009-11-12,25.15
2009-11-13,25.11
2009-11-16,25.15
2009-11-17,25.21
2009-11-18,25.23
2009-11-19,25.23
2009-11-20,25.23
2009-11-23,25.24
2009-11-24,25.25
2009-11-25,25.28
2009-11-27,25.33
2009-11-30,25.31
2009-12-01,25.33
2009-12-02,25.33
2009-12-03,25.35
2009-12-04,25.31
2009-12-07,25.21
2009-12-08,25.2
2009-12-09,25.17
2009-12-10,25.16
2009-12-11,25.12
2009-12-14,25.1
2009-12-15,25.12
2009-12-16,25.1
2009-12-17,25.13
2009-12-18,25.09
2009-12-21,25.1
2009-12-22,25.03
2009-12-23,25.0
2009-12-24,25.02
2009-12-28,25.02
2009-12-29,25.02
2009-12-30,25.02
2009-12-31,25.03
2010-01-04,25.02
2010-01-05,25.06
2010-01-06,25.07
2010-01-07,25.07
2010-01-08,25.05
2010-01-11,25.07
2010-01-12,25.07
2010-01-13,25.08
2010-01-14,25.06
2010-01-15,25.1
2010-01-19,25.09
2010-01-20,25.1
2010-01-21,25.08
2010-01-22,25.07
2010-01-25,25.04
2010-01-26,25.05
2010-01-27,25.05
2010-01-28,25.02
2010-01-29,25.02
2010-02-01,25.03
2010-02-02,25.04
2010-02-03,25.08
2010-02-04,25.04
2010-02-05,25.01
2010-02-08,25.0
2010-02-09,25.01
2010-02-10,25.01
2010-02-11,24.98
2010-02-12,25.0
2010-02-16,25.0
2010-02-17,25.05
2010-02-18,25.01
2010-02-19,25.02
2010-02-22,25.03
2010-02-23,25.02
2010-02-24,25.04
2010-02-25,25.05
2010-02-26,25.07
2010-03-01,25.1
2010-03-02,25.09
2010-03-03,25.1
2010-03-04,25.12
2010-03-05,25.11
2010-03-08,25.07
2010-03-09,25.06
2010-03-10,25.05
2010-03-11,25.03
2010-03-12,25.05
2010-03-15,25.05
2010-03-16,25.04
2010-03-17,25.09
2010-03-18,25.1
2010-03-19,25.09
2010-03-22,25.06
2010-03-23,25.07
2010-03-24,25.06
2010-03-25,24.99
2010-03-26,24.99
2010-03-29,24.99
2010-03-30,24.99
2010-03-31,24.99
2010-04-01,25.0
2010-04-05,24.99
2010-04-06,24.97
2010-04-07,24.99
2010-04-08,25.01
2010-04-09,25.01
2010-04-12,25.02
2010-04-13,25.02
2010-04-14,25.02
2010-04-15,25.02
2010-04-16,25.03
2010-04-19,25.04
2010-04-20,25.02
2010-04-21,25.01
2010-04-22,25.01
2010-04-23,25.0
2010-04-26,24.99
2010-04-27,24.99
2010-04-28,25.0
2010-04-29,24.99
2010-04-30,25.0
2010-05-03,25.01
2010-05-04,24.99
2010-05-05,24.97
2010-05-06,24.99
2010-05-07,25.07
2010-05-10,25.04
2010-05-11,25.0
2010-05-12,25.01
2010-05-13,25.0
2010-05-14,25.01
2010-05-17,25.02
2010-05-18,25.01
2010-05-19,25.01
2010-05-20,25.04
2010-05-21,25.08
2010-05-24,25.07
2010-05-25,25.1
2010-05-26,25.11
2010-05-27,25.13
2010-05-28,25.13
2010-06-01,25.13
2010-06-02,25.15
2010-06-03,25.14
2010-06-04,25.1
2010-06-07,25.13
2010-06-08,25.16
2010-06-09,25.17
2010-06-10,25.16
2010-06-11,25.13
2010-06-14,25.15
2010-06-15,25.14
2010-06-16,25.16
2010-06-17,25.15
2010-06-18,25.18
2010-06-21,25.2
2010-06-22,25.15
2010-06-23,25.17
2010-06-24,25.16
2010-06-25,25.17
2010-06-28,25.2
2010-06-29,25.17
2010-06-30,25.17
2010-07-01,25.18
2010-07-02,25.1
2010-07-06,25.12
2010-07-07,25.09
2010-07-08,25.11
2010-07-09,25.1
2010-07-12,25.12
2010-07-13,25.1
2010-07-14,25.11
2010-07-15,25.12
2010-07-16,25.12
2010-07-19,25.09
2010-07-20,25.08
2010-07-21,25.09
2010-07-22,25.09
2010-07-23,25.1
2010-07-26,25.07
2010-07-27,25.05
2010-07-28,25.0
2010-07-29,25.01
2010-07-30,25.02
2010-08-02,25.06
2010-08-03,25.04
2010-08-04,25.06
2010-08-05,25.07
2010-08-06,25.08
2010-08-09,25.11
2010-08-10,25.09
2010-08-11,25.11
2010-08-12,25.11
2010-08-13,25.14
2010-08-16,25.15
2010-08-17,25.2
2010-08-18,25.19
2010-08-19,25.2
2010-08-20,25.22
2010-08-23,25.22
2010-08-24,25.21
2010-08-25,25.24
2010-08-26,25.26
2010-08-27,25.26
2010-08-30,25.22
2010-08-31,25.25
2010-09-01,25.29
2010-09-02,25.25
2010-09-03,25.25
2010-09-07,25.23
2010-09-08,25.26
2010-09-09,25.25
2010-09-10,25.21
2010-09-13,25.2
2010-09-14,25.21
2010-09-15,25.27
2010-09-16,25.24
2010-09-17,25.24
2010-09-20,25.24
2010-09-21,25.25
2010-09-22,25.29
2010-09-23,25.3
2010-09-24,25.31
2010-09-27,25.3
2010-09-28,25.32
2010-09-29,25.34
2010-09-30,25.34
2010-10-01,25.34
2010-10-04,25.35
2010-10-05,25.35
2010-10-06,25.39
2010-10-07,25.41
2010-10-08,25.38
2010-10-11,25.41
2010-10-12,25.41
2010-10-13,25.4
2010-10-14,25.44
2010-10-15,25.44
2010-10-18,25.41
2010-10-19,25.43
2010-10-20,25.36
2010-10-21,25.38
2010-10-22,25.35
2010-10-25,25.35
2010-10-26,25.37
2010-10-27,25.37
2010-10-28,25.34
2010-10-29,25.37
2010-11-01,25.4
2010-11-02,25.38
2010-11-03,25.39
2010-11-04,25.39
2010-11-05,25.45
2010-11-08,25.45
2010-11-09,25.46
2010-11-10,25.42
2010-11-11,25.45
2010-11-12,25.45
2010-11-15,25.39
2010-11-16,25.37
2010-11-17,25.34
2010-11-18,25.34
2010-11-19,25.36
2010-11-22,25.36
2010-11-23,25.37
2010-11-24,25.36
2010-11-26,25.36
2010-11-29,25.33
2010-11-30,25.33
2010-12-01,25.36
2010-12-02,25.36
2010-12-03,25.38
2010-12-06,25.43
2010-12-07,25.44
2010-12-08,25.4
2010-12-09,25.37
2010-12-10,25.38
2010-12-13,25.37
2010-12-14,25.38
2010-12-15,25.38
2010-12-16,25.35
2010-12-17,25.35
2010-12-20,25.4
2010-12-21,25.36
2010-12-22,25.37
2010-12-23,25.37
2010-12-27,25.33
2010-12-28,25.39
2010-12-29,25.41
2010-12-30,25.44
2010-12-31,25.45
2011-01-03,25.47
2011-01-04,25.46
2011-01-05,25.45
2011-01-06,25.41
2011-01-07,25.39
2011-01-10,25.39
2011-01-11,25.39
2011-01-12,25.38
2011-01-13,25.41
2011-01-14,25.4
2011-01-18,25.39
2011-01-19,25.41
2011-01-20,25.42
2011-01-21,25.37
2011-01-24,25.37
2011-01-25,25.38
2011-01-26,25.38
2011-01-27,25.4
2011-01-28,25.38
2011-01-31,25.35
2011-02-01,25.37
2011-02-02,25.43
2011-02-03,25.41
2011-02-04,25.41
2011-02-07,25.39
2011-02-08,25.39
2011-02-09,25.39
2011-02-10,25.37
2011-02-11,25.33
2011-02-14,25.34
2011-02-15,25.35
2011-02-16,25.33
2011-02-17,25.35
2011-02-18,25.37
2011-02-22,25.37
2011-02-23,25.34
2011-02-24,25.33
2011-02-25,25.35
2011-02-28,25.39
2011-03-01,25.39
2011-03-02,25.38
2011-03-03,25.39
2011-03-04,25.4
2011-03-07,25.4
2011-03-08,25.38
2011-03-09,25.39
2011-03-10,25.39
2011-03-11,25.34
2011-03-14,25.37
2011-03-15,25.38
2011-03-16,25.37
2011-03-17,25.37
2011-03-18,25.4
2011-03-21,25.38
2011-03-22,25.41
2011-03-23,25.4
2011-03-24,25.42
2011-03-25,25.43
2011-03-28,25.43
2011-03-29,25.42
2011-03-30,25.42
2011-03-31,25.44
2011-04-01,25.45
2011-04-04,25.45
2011-04-05,25.47
2011-04-06,25.47
2011-04-07,25.47
2011-04-08,25.47
2011-04-11,25.46
2011-04-12,25.44
2011-04-13,25.42
2011-04-14,25.43
2011-04-15,25.45
2011-04-18,25.48
2011-04-19,25.45
2011-04-20,25.46
2011-04-21,25.51
2011-04-25,25.53
2011-04-26,25.52
2011-04-27,25.53
2011-04-28,25.58
2011-04-29,25.59
2011-05-02,25.63
2011-05-03,25.59
2011-05-04,25.55
2011-05-05,25.5
2011-05-06,25.37
2011-05-09,25.4
2011-05-10,25.46
2011-05-11,25.49
2011-05-12,25.42
2011-05-13,25.43
2011-05-16,25.4
2011-05-17,25.36
2011-05-18,25.36
2011-05-19,25.38
2011-05-20,25.39
2011-05-23,25.39
2011-05-24,25.37
2011-05-25,25.37
2011-05-26,25.4
2011-05-27,25.42
2011-05-31,25.45
2011-06-01,25.47
2011-06-02,25.42
2011-06-03,25.41
2011-06-06,25.4
2011-06-07,25.38
2011-06-08,25.38
2011-06-09,25.36
2011-06-10,25.37
2011-06-13,25.33
2011-06-14,25.31
2011-06-15,25.35
2011-06-16,25.32
2011-06-17,25.32
2011-06-20,25.33
2011-06-21,25.33
2011-06-22,25.36
2011-06-23,25.35
2011-06-24,25.31
2011-06-27,25.27
2011-06-28,25.26
2011-06-29,25.28
2011-06-30,25.31
2011-07-01,25.3
2011-07-05,25.29
2011-07-06,25.34
2011-07-07,25.36
2011-07-08,25.37
2011-07-11,25.38
2011-07-12,25.37
2011-07-13,25.38
2011-07-14,25.42
2011-07-15,25.42
2011-07-18,25.44
2011-07-19,25.45
2011-07-20,25.43
2011-07-21,25.44
2011-07-22,25.44
2011-07-25,25.46
2011-07-26,25.48
2011-07-27,25.48
2011-07-28,25.46
2011-07-29,25.46
2011-08-01,25.49
2011-08-02,25.47
2011-08-03,25.53
2011-08-04,25.53
2011-08-05,25.48
2011-08-08,25.47
2011-08-09,25.5
2011-08-10,25.57
2011-08-11,25.64
2011-08-12,25.6
2011-08-15,25.6
2011-08-16,25.65
2011-08-17,25.68
2011-08-18,25.7
2011-08-19,25.73
2011-08-22,25.76
2011-08-23,25.83
2011-08-24,25.8
2011-08-25,25.69
2011-08-26,25.69
2011-08-29,25.79
2011-08-30,25.8
2011-08-31,25.88
2011-09-01,25.83
2011-09-02,25.84
2011-09-06,25.91
2011-09-07,25.91
2011-09-08,25.86
2011-09-09,25.9
2011-09-12,25.87
2011-09-13,25.84
2011-09-14,25.86
2011-09-15,25.87
2011-09-16,25.84
2011-09-19,25.87
2011-09-20,25.86
2011-09-21,25.85
2011-09-22,25.85
2011-09-23,25.88
2011-09-26,25.8
2011-09-27,25.77
2011-09-28,25.78
2011-09-29,25.69
2011-09-30,25.74
2011-10-03,25.75
2011-10-04,25.74
2011-10-05,25.8
2011-10-06,25.81
2011-10-07,25.81
2011-10-10,25.73
2011-10-11,25.81
2011-10-12,25.81
2011-10-13,25.79
2011-10-14,25.82
2011-10-17,25.82
2011-10-18,25.8
2011-10-19,25.84
2011-10-20,25.79
2011-10-21,25.76
2011-10-24,25.79
2011-10-25,25.88
2011-10-26,25.9
2011-10-27,25.91
2011-10-28,25.97
2011-10-31,25.98
2011-11-01,25.96
2011-11-02,25.96
2011-11-03,25.99
2011-11-04,26.03
2011-11-07,26.01
2011-11-08,26.05
2011-11-09,26.05
2011-11-10,25.96
2011-11-11,25.94
2011-11-14,26.01
2011-11-15,26.01
2011-11-16,26.03
2011-11-17,26.01
2011-11-18,25.97
2011-11-21,25.97
2011-11-22,25.9
2011-11-23,25.94
2011-11-25,25.87
2011-11-28,25.79
2011-11-29,25.93
2011-11-30,25.93
2011-12-01,26.03
2011-12-02,26.01
2011-12-05,26.06
2011-12-06,26.08
2011-12-07,26.06
2011-12-08,26.08
2011-12-09,25.98
2011-12-12,26.01
2011-12-13,25.96
2011-12-14,25.94
2011-12-15,25.85
2011-12-16,25.83
2011-12-19,25.91
2011-12-20,25.89
2011-12-21,25.97
2011-12-22,25.96
2011-12-23,25.99
2011-12-27,25.98
2011-12-28,26.0
2011-12-29,25.91
2011-12-30,25.94
2012-01-03,25.94
2012-01-04,26.01
2012-01-05,25.98
2012-01-06,25.98
2012-01-09,26.0
2012-01-10,25.99
2012-01-11,26.04
2012-01-12,26.07
2012-01-13,26.05
2012-01-17,26.06
2012-01-18,26.1
2012-01-19,26.12
2012-01-20,26.09
2012-01-23,26.04
2012-01-24,26.05
2012-01-25,26.04
2012-01-26,26.11
2012-01-27,26.14
2012-01-30,26.17
2012-01-31,26.18
2012-02-01,26.21
2012-02-02,26.22
2012-02-03,26.24
2012-02-06,26.21
2012-02-07,26.22
2012-02-08,26.23
2012-02-09,26.23
2012-02-10,26.2
2012-02-13,26.19
2012-02-14,26.23
2012-02-15,26.23
2012-02-16,26.21
2012-02-17,26.24
2012-02-21,26.24
2012-02-22,26.25
2012-02-23,26.29
2012-02-24,26.33
2012-02-27,26.35
2012-02-28,26.35
2012-02-29,26.36
2012-03-01,26.24
2012-03-02,26.25
2012-03-05,26.24
2012-03-06,26.21
2012-03-07,26.15
2012-03-08,26.17
2012-03-09,26.2
2012-03-12,26.23
2012-03-13,26.21
2012-03-14,26.2
2012-03-15,26.09
2012-03-16,26.13
2012-03-19,26.15
2012-03-20,26.14
2012-03-21,26.11
2012-03-22,26.14
2012-03-23,26.11
2012-03-26,26.18
2012-03-27,26.24
2012-03-28,26.23
2012-03-29,26.2
2012-03-30,26.19
2012-04-02,26.16
2012-04-03,26.21
2012-04-04,26.12
2012-04-05,26.08
2012-04-09,26.1
2012-04-10,26.14
2012-04-11,26.12
2012-04-12,26.12
2012-04-13,26.17
2012-04-16,26.15
2012-04-17,26.15
2012-04-18,26.19
2012-04-19,26.16
2012-04-20,26.15
2012-04-23,26.16
2012-04-24,26.15
2012-04-25,26.15
2012-04-26,26.17
2012-04-27,26.23
2012-04-30,26.24
2012-05-01,26.23
2012-05-02,26.23
2012-05-03,26.23
2012-05-04,26.17
2012-05-07,26.13
2012-05-08,26.13
2012-05-09,26.1
2012-05-10,26.06
2012-05-11,26.07
2012-05-14,26.06
2012-05-15,26.03
2012-05-16,26.01
2012-05-17,26.0
2012-05-18,26.04
2012-05-21,26.03
2012-05-22,26.08
2012-05-23,26.01
2012-05-24,26.02
2012-05-25,26.01
2012-05-29,26.03
2012-05-30,26.03
2012-05-31,26.07
2012-06-01,26.09
2012-06-04,26.17
2012-06-05,26.15
2012-06-06,26.13
2012-06-07,26.13
2012-06-08,26.1
2012-06-11,26.12
2012-06-12,26.1
2012-06-13,26.12
2012-06-14,26.15
2012-06-15,26.18
2012-06-18,26.22
2012-06-19,26.24
2012-06-20,26.23
2012-06-21,26.22
2012-06-22,26.11
2012-06-25,26.11
2012-06-26,26.11
2012-06-27,26.1
2012-06-28,26.13
2012-06-29,26.1
2012-07-02,26.21
2012-07-03,26.24
2012-07-05,26.27
2012-07-06,26.23
2012-07-09,26.2
2012-07-10,26.22
2012-07-11,26.17
2012-07-12,26.18
2012-07-13,26.18
2012-07-16,26.24
2012-07-17,26.25
2012-07-18,26.24
2012-07-19,26.26
2012-07-20,26.26
2012-07-23,26.27
2012-07-24,26.25
2012-07-25,26.25
2012-07-26,26.29
2012-07-27,26.33
2012-07-30,26.34
2012-07-31,26.36
2012-08-01,26.33
2012-08-02,26.29
2012-08-03,26.27
2012-08-06,26.31
2012-08-07,26.33
2012-08-08,26.31
2012-08-09,26.29
2012-08-10,26.3
2012-08-13,26.32
2012-08-14,26.3
2012-08-15,26.25
2012-08-16,26.22
2012-08-17,26.24
2012-08-20,26.25
2012-08-21,26.27
2012-08-22,26.3
2012-08-23,26.36
2012-08-24,26.37
2012-08-27,26.39
2012-08-28,26.39
2012-08-29,26.4
2012-08-30,26.37
2012-08-31,26.36
2012-09-04,26.47
2012-09-05,26.47
2012-09-06,26.45
2012-09-07,26.48
2012-09-10,26.54
2012-09-11,26.51
2012-09-12,26.51
2012-09-13,26.49
2012-09-14,26.58
2012-09-17,26.54
2012-09-18,26.53
2012-09-19,26.56
2012-09-20,26.58
2012-09-21,26.57
2012-09-24,26.58
2012-09-25,26.58
2012-09-26,26.56
2012-09-27,26.56
2012-09-28,26.61
2012-10-01,26.59
2012-10-02,26.6
2012-10-03,26.61
2012-10-04,26.62
2012-10-05,26.63
2012-10-08,26.58
2012-10-09,26.58
2012-10-10,26.53
2012-10-11,26.53
2012-10-12,26.56
2012-10-15,26.53
2012-10-16,26.53
2012-10-17,26.54
2012-10-18,26.53
2012-10-19,26.5
2012-10-22,26.45
2012-10-23,26.44
2012-10-24,26.41
2012-10-25,26.37
2012-10-26,26.37
2012-10-31,26.4
2012-11-01,26.43
2012-11-02,26.44
2012-11-05,26.37
2012-11-06,26.39
2012-11-07,26.43
2012-11-08,26.42
2012-11-09,26.44
2012-11-12,26.44
2012-11-13,26.44
2012-11-14,26.44
2012-11-15,26.39
2012-11-16,26.36
2012-11-19,26.37
2012-11-20,26.44
2012-11-21,26.41
2012-11-23,26.41
2012-11-26,26.48
2012-11-27,26.49
2012-11-28,26.47
2012-11-29,26.45
2012-11-30,26.48
2012-12-03,26.45
2012-12-04,26.45
2012-12-05,26.44
2012-12-06,26.43
2012-12-07,26.46
2012-12-10,26.45
2012-12-11,26.47
2012-12-12,26.47
2012-12-13,26.44
2012-12-14,26.4
2012-12-17,26.4
2012-12-18,26.4
2012-12-19,26.38
2012-12-20,26.36
2012-12-21,26.36
2012-12-24,26.37
2012-12-26,26.35
2012-12-27,26.34
2012-12-28,26.34
2012-12-31,26.31
2013-01-02,26.34
2013-01-03,26.4
2013-01-04,26.33
2013-01-07,26.34
2013-01-08,26.32
2013-01-09,26.34
2013-01-10,26.35
2013-01-11,26.38
2013-01-14,26.39
2013-01-15,26.38
2013-01-16,26.42
2013-01-17,26.43
2013-01-18,26.42
2013-01-22,26.45
2013-01-23,26.48
2013-01-24,26.47
2013-01-25,26.43
2013-01-28,26.4
2013-01-29,26.38
2013-01-30,26.39
2013-01-31,26.39
2013-02-01,26.38
2013-02-04,26.38
2013-02-05,26.39
2013-02-06,26.39
2013-02-07,26.42
2013-02-08,26.4
2013-02-11,26.42
2013-02-12,26.39
2013-02-13,26.39
2013-02-14,26.35
2013-02-15,26.37
2013-02-19,26.31
2013-02-20,26.31
2013-02-21,26.22
2013-02-22,26.23
2013-02-25,26.27
2013-02-26,26.29
2013-02-27,26.32
2013-02-28,26.32
2013-03-01,26.29
2013-03-04,26.3
2013-03-05,26.3
2013-03-06,26.32
2013-03-07,26.31
2013-03-08,26.28
2013-03-11,26.27
2013-03-12,26.28
2013-03-13,26.32
2013-03-14,26.31
2013-03-15,26.32
2013-03-18,26.33
2013-03-19,26.36
2013-03-20,26.37
2013-03-21,26.38
2013-03-22,26.37
2013-03-25,26.4
2013-03-26,26.38
2013-03-27,26.42
2013-03-28,26.44
2013-04-01,26.44
2013-04-02,26.45
2013-04-03,26.42
2013-04-04,26.37
2013-04-05,26.43
2013-04-08,26.49
2013-04-09,26.51
2013-04-10,26.54
2013-04-11,26.53
2013-04-12,26.56
2013-04-15,26.46
2013-04-16,26.12
2013-04-17,26.22
2013-04-18,26.16
2013-04-19,26.17
2013-04-22,26.25
2013-04-23,26.3
2013-04-24,26.32
2013-04-25,26.36
2013-04-26,26.41
2013-04-29,26.39
2013-04-30,26.45
2013-05-01,26.5
2013-05-02,26.44
2013-05-03,26.49
2013-05-06,26.5
2013-05-07,26.52
2013-05-08,26.52
2013-05-09,26.57
2013-05-10,26.51
2013-05-13,26.49
2013-05-14,26.48
2013-05-15,26.5
2013-05-16,26.48
2013-05-17,26.46
2013-05-20,26.44
2013-05-21,26.51
2013-05-22,26.49
2013-05-23,26.37
2013-05-24,26.37
2013-05-28,26.34
2013-05-29,26.29
2013-05-30,26.26
2013-05-31,26.28
2013-06-03,26.14
2013-06-04,26.23
2013-06-05,26.15
2013-06-06,26.11
2013-06-07,26.19
2013-06-10,26.14
2013-06-11,26.13
2013-06-12,26.06
2013-06-13,26.0
2013-06-14,26.12
2013-06-17,26.13
2013-06-18,26.14
2013-06-19,26.13
2013-06-20,25.97
2013-06-21,25.65
2013-06-24,25.68
2013-06-25,25.62
2013-06-26,25.67
2013-06-27,25.65
2013-06-28,25.69
2013-07-01,25.71
2013-07-02,25.76
2013-07-03,25.77
2013-07-05,25.77
2013-07-08,25.68
2013-07-09,25.74
2013-07-10,25.81
2013-07-11,25.81
2013-07-12,25.99
2013-07-15,25.97
2013-07-16,26.0
2013-07-17,26.01
2013-07-18,26.01
2013-07-19,26.03
2013-07-22,26.07
2013-07-23,26.15
2013-07-24,26.15
2013-07-25,26.03
2013-07-26,26.06
2013-07-29,26.07
2013-07-30,26.03
2013-07-31,26.02
2013-08-01,25.98
2013-08-02,25.95
2013-08-05,25.96
2013-08-06,25.93
2013-08-07,25.88
2013-08-08,25.88
2013-08-09,25.93
2013-08-12,25.95
2013-08-13,25.96
2013-08-14,25.89
2013-08-15,25.89
2013-08-16,25.83
2013-08-19,25.77
2013-08-20,25.7
2013-08-21,25.79
2013-08-22,25.74
2013-08-23,25.8
2013-08-26,25.89
2013-08-27,25.89
2013-08-28,25.88
2013-08-29,25.87
2013-08-30,25.86
2013-09-03,25.81
2013-09-04,25.82
2013-09-05,25.81
2013-09-06,25.72
2013-09-09,25.81
2013-09-10,25.88
2013-09-11,25.84
2013-09-12,25.88
2013-09-13,25.78
2013-09-16,25.79
2013-09-17,25.8
2013-09-18,25.82
2013-09-19,26.08
2013-09-20,26.06
2013-09-23,25.95
2013-09-24,25.92
2013-09-25,25.91
2013-09-26,25.93
2013-09-27,25.93
2013-09-30,25.93
2013-10-01,25.88
2013-10-02,25.88
2013-10-03,25.92
2013-10-04,25.85
2013-10-07,25.85
2013-10-08,25.86
2013-10-09,25.79
2013-10-10,25.77
2013-10-11,25.86
2013-10-14,25.88
2013-10-15,25.89
2013-10-16,25.87
2013-10-17,25.97
2013-10-18,26.1
2013-10-21,26.11
2013-10-22,26.09
2013-10-23,26.16
2013-10-24,26.15
2013-10-25,26.16
2013-10-28,26.21
2013-10-29,26.19
2013-10-30,26.19
2013-10-31,26.14
2013-11-01,26.11
2013-11-04,26.11
2013-11-05,26.12
2013-11-06,26.05
2013-11-07,26.07
2013-11-08,26.01
2013-11-11,25.97
2013-11-12,25.96
2013-11-13,25.94
2013-11-14,25.99
2013-11-15,26.04
2013-11-18,26.06
2013-11-19,26.04
2013-11-20,26.0
2013-11-21,25.93
2013-11-22,25.97
2013-11-25,25.98
2013-11-26,25.97
2013-11-27,25.97
2013-11-29,25.99
2013-12-02,25.96
2013-12-03,25.93
2013-12-04,25.92
2013-12-05,25.93
2013-12-06,25.91
2013-12-09,25.96
2013-12-10,25.98
2013-12-11,25.98
2013-12-12,25.88
2013-12-13,25.85
2013-12-16,25.86
2013-12-17,25.88
2013-12-18,25.89
2013-12-19,25.97
2013-12-20,25.92
2013-12-23,25.96
2013-12-24,25.97
2013-12-26,25.97
2013-12-27,25.98
2013-12-30,25.95
2013-12-31,25.96
2014-01-02,25.95
2014-01-03,25.93
2014-01-06,25.95
2014-01-07,25.95
2014-01-08,25.98
2014-01-09,25.96
2014-01-10,25.97
2014-01-13,26.03
2014-01-14,25.99
2014-01-15,26.02
2014-01-16,26.05
2014-01-17,26.06
2014-01-21,26.04
2014-01-22,26.06
2014-01-23,26.07
2014-01-24,26.06
2014-01-27,25.97
2014-01-28,25.94
2014-01-29,25.98
2014-01-30,25.95
2014-01-31,26.0
2014-02-03,25.99
2014-02-04,25.92
2014-02-05,25.95
2014-02-06,25.93
2014-02-07,25.98
2014-02-10,26.04
2014-02-11,26.06
2014-02-12,26.09
2014-02-13,26.09
2014-02-14,26.12
2014-02-18,26.14
2014-02-19,26.17
2014-02-20,26.17
2014-02-21,26.15
2014-02-24,26.15
2014-02-25,26.17
2014-02-26,26.18
2014-02-27,26.19
2014-02-28,26.21
2014-03-03,26.23
2014-03-04,26.19
2014-03-05,26.25
2014-03-06,26.25
2014-03-07,26.25
2014-03-10,26.22
2014-03-11,26.2
2014-03-12,26.19
2014-03-13,26.2
2014-03-14,26.15
2014-03-17,26.14
2014-03-18,26.18
2014-03-19,26.21
2014-03-20,26.14
2014-03-21,26.15
2014-03-24,26.15
2014-03-25,26.14
2014-03-26,26.18
2014-03-27,26.16
2014-03-28,26.18
2014-03-31,26.21
2014-04-01,26.24
2014-04-02,26.27
2014-04-03,26.27
2014-04-04,26.26
2014-04-07,26.24
2014-04-08,26.21
2014-04-09,26.23
2014-04-10,26.28
2014-04-11,26.19
2014-04-14,26.16
2014-04-15,26.19
2014-04-16,26.22
2014-04-17,26.27
2014-04-21,26.26
2014-04-22,26.28
2014-04-23,26.32
2014-04-24,26.3
2014-04-25,26.32
2014-04-28,26.26
2014-04-29,26.27
2014-04-30,26.29
2014-05-01,26.33
2014-05-02,26.35
2014-05-05,26.35
2014-05-06,26.36
2014-05-07,26.31
2014-05-08,26.35
2014-05-09,26.34
2014-05-12,26.35
2014-05-13,26.41
2014-05-14,26.39
2014-05-15,26.38
2014-05-16,26.35
2014-05-19,26.39
2014-05-20,26.39
2014-05-21,26.36
2014-05-22,26.37
2014-05-23,26.38
2014-05-27,26.42
2014-05-28,26.47
2014-05-29,26.45
2014-05-30,26.47
2014-06-02,26.48
2014-06-03,26.48
2014-06-04,26.47
2014-06-05,26.48
2014-06-06,26.57
2014-06-09,26.58
2014-06-10,26.55
2014-06-11,26.53
2014-06-12,26.51
2014-06-13,26.48
2014-06-16,26.49
2014-06-17,26.49
2014-06-18,26.5
2014-06-19,26.55
2014-06-20,26.57
2014-06-23,26.59
2014-06-24,26.58
2014-06-25,26.56
2014-06-26,26.58
2014-06-27,26.57
2014-06-30,26.6
2014-07-01,26.6
2014-07-02,26.64
2014-07-03,26.62
2014-07-07,26.62
2014-07-08,26.61
2014-07-09,26.6
2014-07-10,26.61
2014-07-11,26.61
2014-07-14,26.61
2014-07-15,26.64
2014-07-16,26.62
2014-07-17,26.64
2014-07-18,26.59
2014-07-21,26.65
2014-07-22,26.64
2014-07-23,26.66
2014-07-24,26.68
2014-07-25,26.67
2014-07-28,26.63
2014-07-29,26.64
2014-07-30,26.62
2014-07-31,26.61
2014-08-01,26.5
2014-08-04,26.49
2014-08-05,26.54
2014-08-06,26.48
2014-08-07,26.49
2014-08-08,26.48
2014-08-11,26.53
2014-08-12,26.56
2014-08-13,26.54
2014-08-14,26.61
2014-08-15,26.62
2014-08-18,26.62
2014-08-19,26.68
2014-08-20,26.7
2014-08-21,26.71
2014-08-22,26.72
2014-08-25,26.69
2014-08-26,26.71
2014-08-27,26.73
2014-08-28,26.73
2014-08-29,26.72
2014-09-02,26.75
2014-09-03,26.74
2014-09-04,26.74
2014-09-05,26.72
2014-09-08,26.76
2014-09-09,26.75
2014-09-10,26.7
2014-09-11,26.67
2014-09-12,26.68
2014-09-15,26.57
2014-09-16,26.54
2014-09-17,26.58
2014-09-18,26.58
2014-09-19,26.58
2014-09-22,26.57
2014-09-23,26.52
2014-09-24,26.49
2014-09-25,26.52
2014-09-26,26.46
2014-09-29,26.5
2014-09-30,26.5
2014-10-01,26.46
2014-10-02,26.43
2014-10-03,26.44
2014-10-06,26.47
2014-10-07,26.46
2014-10-08,26.42
2014-10-09,26.51
2014-10-10,26.41
2014-10-13,26.38
2014-10-14,26.35
2014-10-15,26.39
2014-10-16,26.4
2014-10-17,26.41
2014-10-20,26.43
2014-10-21,26.48
2014-10-22,26.55
2014-10-23,26.51
2014-10-24,26.56
2014-10-27,26.58
2014-10-28,26.57
2014-10-29,26.63
2014-10-30,26.62
2014-10-31,26.65
2014-11-03,26.71
2014-11-04,26.7
2014-11-05,26.69
2014-11-06,26.7
2014-11-07,26.71
2014-11-10,26.72
2014-11-11,26.73
2014-11-12,26.74
2014-11-13,26.73
2014-11-14,26.73
2014-11-17,26.74
2014-11-18,26.73
2014-11-19,26.76
2014-11-20,26.74
2014-11-21,26.75
2014-11-24,26.78
2014-11-25,26.8
2014-11-26,26.78
2014-11-28,26.78
2014-12-01,26.68
2014-12-02,26.68
2014-12-03,26.67
2014-12-04,26.69
2014-12-05,26.67
2014-12-08,26.67
2014-12-09,26.59
2014-12-10,26.61
2014-12-11,26.52
2014-12-12,26.51
2014-12-15,26.43
2014-12-16,26.36
2014-12-17,26.35
2014-12-18,26.43
2014-12-19,26.49
2014-12-22,26.54
2014-12-23,26.58
2014-12-24,26.57
2014-12-26,26.58
2014-12-29,26.59
2014-12-30,26.56
2014-12-31,26.53
2015-01-02,26.48
2015-01-05,26.48
2015-01-06,26.4
2015-01-07,26.36
2015-01-08,26.43
2015-01-09,26.51
2015-01-12,26.48
2015-01-13,26.46
2015-01-14,26.46
2015-01-15,26.45
2015-01-16,26.44
2015-01-20,26.51
2015-01-21,26.51
2015-01-22,26.53
2015-01-23,26.57
2015-01-26,26.54
2015-01-27,26.58
2015-01-28,26.55
2015-01-29,26.49
2015-01-30,26.54
2015-02-02,26.48
2015-02-03,26.54
2015-02-04,26.61
2015-02-05,26.57
2015-02-06,26.63
2015-02-09,26.57
2015-02-10,26.55
2015-02-11,26.59
2015-02-12,26.58
2015-02-13,26.64
2015-02-17,26.66
2015-02-18,26.67
2015-02-19,26.69
2015-02-20,26.68
2015-02-23,26.72
2015-02-24,26.71
2015-02-25,26.74
2015-02-26,26.75
2015-02-27,26.72
2015-03-02,26.72
2015-03-03,26.73
2015-03-04,26.7
2015-03-05,26.68
2015-03-06,26.68
2015-03-09,26.59
2015-03-10,26.62
2015-03-11,26.54
2015-03-12,26.54
2015-03-13,26.59
2015-03-16,26.56
2015-03-17,26.62
2015-03-18,26.61
2015-03-19,26.7
2015-03-20,26.66
2015-03-23,26.74
2015-03-24,26.74
2015-03-25,26.73
2015-03-26,26.67
2015-03-27,26.63
2015-03-30,26.66
2015-03-31,26.68
2015-04-01,26.65
2015-04-02,26.65
2015-04-06,26.67
2015-04-07,26.71
2015-04-08,26.68
2015-04-09,26.71
2015-04-10,26.67
2015-04-13,26.67
2015-04-14,26.66
2015-04-15,26.7
2015-04-16,26.72
2015-04-17,26.73
2015-04-20,26.69
2015-04-21,26.71
2015-04-22,26.71
2015-04-23,26.74
2015-04-24,26.76
2015-04-27,26.79
2015-04-28,26.78
2015-04-29,26.79
2015-04-30,26.76
2015-05-01,26.7
2015-05-04,26.69
2015-05-05,26.69
2015-05-06,26.63
2015-05-07,26.62
2015-05-08,26.66
2015-05-11,26.76
2015-05-12,26.73
2015-05-13,26.74
2015-05-14,26.74
2015-05-15,26.8
2015-05-18,26.82
2015-05-19,26.81
2015-05-20,26.77
2015-05-21,26.77
2015-05-22,26.81
2015-05-26,26.76
2015-05-27,26.71
2015-05-28,26.75
2015-05-29,26.74
2015-06-01,26.7
2015-06-02,26.7
2015-06-03,26.7
2015-06-04,26.68
2015-06-05,26.67
2015-06-08,26.62
2015-06-09,26.61
2015-06-10,26.6
2015-06-11,26.67
2015-06-12,26.7
2015-06-15,26.68
2015-06-16,26.67
2015-06-17,26.71
2015-06-18,26.76
2015-06-19,26.81
2015-06-22,26.8
2015-06-23,26.77
2015-06-24,26.75
2015-06-25,26.72
2015-06-26,26.7
2015-06-29,26.69
2015-06-30,26.62
2015-07-01,26.62
2015-07-02,26.64
2015-07-06,26.64
2015-07-07,26.65
2015-07-08,26.67
2015-07-09,26.6
2015-07-10,26.59
2015-07-13,26.65
2015-07-14,26.68
2015-07-15,26.73
2015-07-16,26.73
2015-07-17,26.77
2015-07-20,26.77
2015-07-21,26.75
2015-07-22,26.75
2015-07-23,26.74
2015-07-24,26.7
2015-07-27,26.66
2015-07-28,26.65
2015-07-29,26.69
2015-07-30,26.71
2015-07-31,26.72
2015-08-03,26.74
2015-08-04,26.73
2015-08-05,26.71
2015-08-06,26.71
2015-08-07,26.67
2015-08-10,26.67
2015-08-11,26.71
2015-08-12,26.7
2015-08-13,26.7
2015-08-14,26.69
2015-08-17,26.71
2015-08-18,26.75
2015-08-19,26.74
2015-08-20,26.71
2015-08-21,26.62
2015-08-24,26.52
2015-08-25,26.34
2015-08-26,26.25
2015-08-27,26.34
2015-08-28,26.42
2015-08-31,26.42
2015-09-01,26.35
2015-09-02,26.24
2015-09-03,26.3
2015-09-04,26.3
2015-09-08,26.22
2015-09-09,26.34
2015-09-10,26.28
2015-09-11,26.31
2015-09-14,26.35
2015-09-15,26.34
2015-09-16,26.35
2015-09-17,26.42
2015-09-18,26.46
2015-09-21,26.41
2015-09-22,26.42
2015-09-23,26.34
2015-09-24,26.33
2015-09-25,26.3
2015-09-28,26.28
2015-09-29,26.16
2015-09-30,26.17
2015-10-01,26.24
2015-10-02,26.26
2015-10-05,26.34
2015-10-06,26.43
2015-10-07,26.42
2015-10-08,26.49
2015-10-09,26.54
2015-10-12,26.53
2015-10-13,26.55
2015-10-14,26.49
2015-10-15,26.49
2015-10-16,26.57
2015-10-19,26.59
2015-10-20,26.62
2015-10-21,26.61
2015-10-22,26.55
2015-10-23,26.63
2015-10-26,26.65
2015-10-27,26.63
2015-10-28,26.6
2015-10-29,26.68
2015-10-30,26.66
2015-11-02,26.63
2015-11-03,26.73
2015-11-04,26.74
2015-11-05,26.71
2015-11-06,26.7
2015-11-09,26.66
2015-11-10,26.59
2015-11-11,26.62
2015-11-12,26.6
2015-11-13,26.52
2015-11-16,26.45
2015-11-17,26.53
2015-11-18,26.52
2015-11-19,26.6
2015-11-20,26.6
2015-11-23,26.62
2015-11-24,26.61
2015-11-25,26.6
2015-11-27,26.62
2015-11-30,26.63
2015-12-01,26.61
2015-12-02,26.67
2015-12-03,26.58
2015-12-04,26.52
2015-12-07,26.61
2015-12-08,26.57
2015-12-09,26.54
2015-12-10,26.53
2015-12-11,26.52
2015-12-14,26.48
2015-12-15,26.47
2015-12-16,26.5
2015-12-17,26.57
2015-12-18,26.51
2015-12-21,26.46
2015-12-22,26.48
2015-12-23,26.49
2015-12-24,26.54
2015-12-28,26.55
2015-12-29,26.54
2015-12-30,26.56
2015-12-31,26.53
2016-01-04,26.48
2016-01-05,26.43
2016-01-06,26.46
2016-01-07,26.42
2016-01-08,26.34
2016-01-11,26.29
2016-01-12,26.29
2016-01-13,26.3
2016-01-14,26.23
2016-01-15,26.25
2016-01-19,26.18
2016-01-20,26.18
2016-01-21,26.13
2016-01-22,26.15
2016-01-25,26.23
2016-01-26,26.18
2016-01-27,26.27
2016-01-28,26.2
2016-01-29,26.22
2016-02-01,26.32
2016-02-02,26.34
2016-02-03,26.29
2016-02-04,26.34
2016-02-05,26.35
2016-02-08,26.35
2016-02-09,26.19
2016-02-10,26.18
2016-02-11,26.21
2016-02-12,26.16
2016-02-16,26.21
2016-02-17,26.21
2016-02-18,26.24
2016-02-19,26.31
2016-02-22,26.32
2016-02-23,26.34
2016-02-24,26.28
2016-02-25,26.3
2016-02-26,26.36
2016-02-29,26.35
2016-03-01,26.32
2016-03-02,26.42
2016-03-03,26.45
2016-03-04,26.48
2016-03-07,26.49
2016-03-08,26.5
2016-03-09,26.45
2016-03-10,26.47
2016-03-11,26.46
2016-03-14,26.53
2016-03-15,26.53
2016-03-16,26.51
2016-03-17,26.56
2016-03-18,26.56
2016-03-21,26.62
2016-03-22,26.59
2016-03-23,26.56
2016-03-24,26.48
2016-03-28,26.49
2016-03-29,26.52
2016-03-30,26.68
2016-03-31,26.69
2016-04-01,26.7
2016-04-04,26.71
2016-04-05,26.69
2016-04-06,26.62
2016-04-07,26.68
2016-04-08,26.6
2016-04-11,26.63
2016-04-12,26.62
2016-04-13,26.68
2016-04-14,26.76
2016-04-15,26.74
2016-04-18,26.76
2016-04-19,26.81
2016-04-20,26.82
2016-04-21,26.8
2016-04-22,26.75
2016-04-25,26.78
2016-04-26,26.77
2016-04-27,26.79
2016-04-28,26.81
2016-04-29,26.77
2016-05-02,26.73
2016-05-03,26.78
2016-05-04,26.74
2016-05-05,26.72
2016-05-06,26.72
2016-05-09,26.76
2016-05-10,26.78
2016-05-11,26.83
2016-05-12,26.75
2016-05-13,26.75
2016-05-16,26.7
2016-05-17,26.76
2016-05-18,26.68
2016-05-19,26.66
2016-05-20,26.63
2016-05-23,26.65
2016-05-24,26.65
2016-05-25,26.69
2016-05-26,26.71
2016-05-27,26.72
2016-05-31,26.73
2016-06-01,26.73
2016-06-02,26.73
2016-06-03,26.75
2016-06-06,26.76
2016-06-07,26.77
2016-06-08,26.78
2016-06-09,26.8
2016-06-10,26.8
2016-06-13,26.77
2016-06-14,26.76
2016-06-15,26.75
2016-06-16,26.76
2016-06-17,26.78
2016-06-20,26.76
2016-06-21,26.77
2016-06-22,26.77
2016-06-23,26.77
2016-06-24,26.8
2016-06-27,26.72
2016-06-28,26.69
2016-06-29,26.75
2016-06-30,26.8
2016-07-01,26.86
2016-07-05,26.87
2016-07-06,26.87
2016-07-07,26.88
2016-07-08,26.87
2016-07-11,26.93
2016-07-12,26.93
2016-07-13,26.94
2016-07-14,26.95
2016-07-15,26.95
2016-07-18,26.94
2016-07-19,26.95
2016-07-20,26.95
2016-07-21,26.96
2016-07-22,26.96
2016-07-25,26.97
2016-07-26,26.96
2016-07-27,26.96
2016-07-28,26.97
2016-07-29,26.97
2016-08-01,27.0
2016-08-02,26.99
2016-08-03,26.95
2016-08-04,26.96
2016-08-05,26.97
2016-08-08,26.97
2016-08-09,26.98
2016-08-10,26.99
2016-08-11,26.99
2016-08-12,26.99
2016-08-15,26.99
2016-08-16,27.0
2016-08-17,26.97
2016-08-18,26.98
2016-08-19,26.99
2016-08-22,26.97
2016-08-23,26.98
2016-08-24,26.99
2016-08-25,26.97
2016-08-26,26.96
2016-08-29,26.94
2016-08-30,26.98
2016-08-31,26.97
2016-09-01,26.96
2016-09-02,26.96
2016-09-06,26.98
2016-09-07,27.01
2016-09-08,27.01
2016-09-09,26.98
2016-09-12,26.87
2016-09-13,26.92
2016-09-14,26.85
2016-09-15,26.85
2016-09-16,26.89
2016-09-19,26.88
2016-09-20,26.88
2016-09-21,26.89
2016-09-22,26.94
2016-09-23,26.99
2016-09-26,26.98
2016-09-27,26.97
2016-09-28,26.97
2016-09-29,27.0
2016-09-30,26.95
2016-10-03,26.96
2016-10-04,26.92
2016-10-05,26.88
2016-10-06,26.86
2016-10-07,26.85
2016-10-10,26.85
2016-10-11,26.86
2016-10-12,26.82
2016-10-13,26.84
2016-10-14,26.84
2016-10-17,26.83
2016-10-18,26.83
2016-10-19,26.86
2016-10-20,26.87
2016-10-21,26.85
2016-10-24,26.85
2016-10-25,26.86
2016-10-26,26.85
2016-10-27,26.81
2016-10-28,26.73
2016-10-31,26.73
2016-11-01,26.78
2016-11-02,26.71
2016-11-03,26.66
2016-11-04,26.63
2016-11-07,26.66
2016-11-08,26.74
2016-11-09,26.76
2016-11-10,26.71
2016-11-11,26.67
2016-11-14,26.67
2016-11-15,26.71
2016-11-16,26.71
2016-11-17,26.7
2016-11-18,26.69
2016-11-21,26.67
2016-11-22,26.69
2016-11-23,26.74
2016-11-25,26.72
2016-11-28,26.75
2016-11-29,26.76
2016-11-30,26.8
2016-12-01,26.74
2016-12-02,26.68
2016-12-05,26.72
2016-12-06,26.75
2016-12-07,26.78
2016-12-08,26.88
2016-12-09,26.89
2016-12-12,26.89
2016-12-13,26.9
2016-12-14,26.92
2016-12-15,26.81
2016-12-16,26.81
2016-12-19,26.85
2016-12-20,26.9
2016-12-21,26.91
2016-12-22,26.87
2016-12-23,26.86
2016-12-27,26.87
2016-12-28,26.88
2016-12-29,26.85
2016-12-30,26.9
2017-01-03,26.93
2017-01-04,26.96
2017-01-05,27.02
2017-01-06,27.05
2017-01-09,27.04
2017-01-10,27.02
2017-01-11,27.0
2017-01-12,26.99
2017-01-13,27.0
2017-01-17,26.99
2017-01-18,27.03
2017-01-19,27.01
2017-01-20,26.97
2017-01-23,27.0
2017-01-24,27.03
2017-01-25,27.04
2017-01-26,27.03
2017-01-27,27.03
2017-01-30,27.0
2017-01-31,26.97
2017-02-01,27.0
2017-02-02,26.96
2017-02-03,26.99
2017-02-06,27.03
2017-02-07,27.04
2017-02-08,27.03
2017-02-09,27.07
2017-02-10,27.07
2017-02-13,27.1
2017-02-14,27.12
2017-02-15,27.1
2017-02-16,27.1
2017-02-17,27.13
2017-02-21,27.15
2017-02-22,27.2
2017-02-23,27.19
2017-02-24,27.21
2017-02-27,27.24
2017-02-28,27.25
2017-03-01,27.22
2017-03-02,27.23
2017-03-03,27.19
2017-03-06,27.19
2017-03-07,27.17
2017-03-08,27.14
2017-03-09,27.08
2017-03-10,27.03
2017-03-13,27.04
2017-03-14,27.05
2017-03-15,27.04
2017-03-16,27.14
2017-03-17,27.12
2017-03-20,27.14
2017-03-21,27.14
2017-03-22,27.1
2017-03-23,27.11
2017-03-24,27.12
2017-03-27,27.12
2017-03-28,27.1
2017-03-29,27.12
2017-03-30,27.15
2017-03-31,27.16
2017-04-03,27.17
2017-04-04,27.19
2017-04-05,27.19
2017-04-06,27.18
2017-04-07,27.21
2017-04-10,27.2
2017-04-11,27.23
2017-04-12,27.25
2017-04-13,27.25
2017-04-17,27.23
2017-04-18,27.29
2017-04-19,27.3
2017-04-20,27.29
2017-04-21,27.3
2017-04-24,27.29
2017-04-25,27.28
2017-04-26,27.3
2017-04-27,27.28
2017-04-28,27.28
2017-05-01,27.25
2017-05-02,27.27
2017-05-03,27.27
2017-05-04,27.22
2017-05-05,27.21
2017-05-08,27.24
2017-05-09,27.22
2017-05-10,27.2
2017-05-11,27.23
2017-05-12,27.21
2017-05-15,27.21
2017-05-16,27.23
2017-05-17,27.21
2017-05-18,27.24
2017-05-19,27.24
2017-05-22,27.26
2017-05-23,27.27
2017-05-24,27.26
2017-05-25,27.28
2017-05-26,27.29
2017-05-30,27.3
2017-05-31,27.32
2017-06-01,27.31
2017-06-02,27.32
2017-06-05,27.37
2017-06-06,27.36
2017-06-07,27.38
2017-06-08,27.38
2017-06-09,27.37
2017-06-12,27.36
2017-06-13,27.37
2017-06-14,27.38
2017-06-15,27.4
2017-06-16,27.36
2017-06-19,27.37
2017-06-20,27.36
2017-06-21,27.36
2017-06-22,27.36
2017-06-23,27.36
2017-06-26,27.37
2017-06-27,27.35
2017-06-28,27.31
2017-06-29,27.34
2017-06-30,27.31
2017-07-03,27.3
2017-07-05,27.28
2017-07-06,27.29
2017-07-07,27.26
2017-07-10,27.26
2017-07-11,27.27
2017-07-12,27.27
2017-07-13,27.32
2017-07-14,27.32
2017-07-17,27.36
2017-07-18,27.36
2017-07-19,27.38
2017-07-20,27.4
2017-07-21,27.4
2017-07-24,27.42
2017-07-25,27.42
2017-07-26,27.39
2017-07-27,27.42
2017-07-28,27.42
2017-07-31,27.44
2017-08-01,27.44
2017-08-02,27.46
2017-08-03,27.45
2017-08-04,27.47
2017-08-07,27.45
2017-08-08,27.46
2017-08-09,27.46
2017-08-10,27.47
2017-08-11,27.46
2017-08-14,27.47
2017-08-15,27.48
2017-08-16,27.45
2017-08-17,27.47
2017-08-18,27.46
2017-08-21,27.45
2017-08-22,27.47
2017-08-23,27.47
2017-08-24,27.5
2017-08-25,27.47
2017-08-28,27.49
2017-08-29,27.49
2017-08-30,27.49
2017-08-31,27.49
2017-09-01,27.52
2017-09-05,27.51
2017-09-06,27.55
2017-09-07,27.54
2017-09-08,27.58
2017-09-11,27.59
2017-09-12,27.57
2017-09-13,27.54
2017-09-14,27.53
2017-09-15,27.54
2017-09-18,27.54
2017-09-19,27.51
2017-09-20,27.5
2017-09-21,27.47
2017-09-22,27.46
2017-09-25,27.46
2017-09-26,27.48
2017-09-27,27.46
2017-09-28,27.45
2017-09-29,27.47
2017-10-02,27.48
2017-10-03,27.48
2017-10-04,27.49
2017-10-05,27.5
2017-10-06,27.52
2017-10-09,27.51
2017-10-10,27.52
2017-10-11,27.53
2017-10-12,27.55
2017-10-13,27.56
2017-10-16,27.58
2017-10-17,27.56
2017-10-18,27.56
2017-10-19,27.55
2017-10-20,27.55
2017-10-23,27.54
2017-10-24,27.53
2017-10-25,27.51
2017-10-26,27.49
2017-10-27,27.48
2017-10-30,27.53
2017-10-31,27.53
2017-11-01,27.52
2017-11-02,27.52
2017-11-03,27.53
2017-11-06,27.54
2017-11-07,27.56
2017-11-08,27.55
2017-11-09,27.57
2017-11-10,27.56
2017-11-13,27.55
2017-11-14,27.56
2017-11-15,27.55
2017-11-16,27.55
2017-11-17,27.58
2017-11-20,27.6
2017-11-21,27.6
2017-11-22,27.64
2017-11-24,27.68
2017-11-27,27.67
2017-11-28,27.68
2017-11-29,27.72
2017-11-30,27.71
2017-12-01,27.7
2017-12-04,27.72
2017-12-05,27.69
2017-12-06,27.66
2017-12-07,27.67
2017-12-08,27.66
2017-12-11,27.68
2017-12-12,27.68
2017-12-13,27.68
2017-12-14,27.73
2017-12-15,27.7
2017-12-18,27.74
2017-12-19,27.79
2017-12-20,27.74
2017-12-21,27.73
2017-12-22,27.75
2017-12-26,27.75
2017-12-27,27.74
2017-12-28,27.75
2017-12-29,27.48
2018-01-02,27.46
2018-01-03,27.5
2018-01-04,27.52
2018-01-05,27.53
2018-01-08,27.54
2018-01-09,27.55
2018-01-10,27.55
2018-01-11,27.55
2018-01-12,27.65
2018-01-16,27.68
2018-01-17,27.65
2018-01-18,27.68
2018-01-19,27.65
2018-01-22,27.71
2018-01-23,27.75
2018-01-24,27.78
2018-01-25,27.81
2018-01-26,27.79
2018-01-29,27.82
2018-01-30,27.76
2018-01-31,27.69
2018-02-01,27.71
2018-02-02,27.71
2018-02-05,27.56
2018-02-06,27.43
2018-02-07,27.46
2018-02-08,27.39
2018-02-09,27.26
2018-02-12,27.31
2018-02-13,27.37
2018-02-14,27.41
2018-02-15,27.52
2018-02-16,27.59
2018-02-20,27.59
2018-02-21,27.5
2018-02-22,27.49
2018-02-23,27.51
2018-02-26,27.58
2018-02-27,27.63
2018-02-28,27.49
2018-03-01,27.43
2018-03-02,27.43
2018-03-05,27.48
2018-03-06,27.51
2018-03-07,27.58
2018-03-08,27.59
2018-03-09,27.58
2018-03-12,27.67
2018-03-13,27.68
2018-03-14,27.66
2018-03-15,27.64
2018-03-16,27.6
2018-03-19,27.6
2018-03-20,27.56
2018-03-21,27.56
2018-03-22,27.65
2018-03-23,27.51
2018-03-26,27.48
2018-03-27,27.6
2018-03-28,27.51
2018-03-29,27.46
2018-04-02,27.52
2018-04-03,27.47
2018-04-04,27.49
2018-04-05,27.54
2018-04-06,27.55
2018-04-09,27.48
2018-04-10,27.49
2018-04-11,27.58
2018-04-12,27.61
2018-04-13,27.59
2018-04-16,27.57
2018-04-17,27.62
2018-04-18,27.68
2018-04-19,27.68
2018-04-20,27.63
2018-04-23,27.56
2018-04-24,27.52
2018-04-25,27.47
2018-04-26,27.44
2018-04-27,27.5
2018-04-30,27.52
2018-05-01,27.47
2018-05-02,27.45
2018-05-03,27.43
2018-05-04,27.44
2018-05-07,27.51
2018-05-08,27.53
2018-05-09,27.54
2018-05-10,27.57
2018-05-11,27.65
2018-05-14,27.66
2018-05-15,27.64
2018-05-16,27.56
2018-05-17,27.6
2018-05-18,27.61
2018-05-21,27.62
2018-05-22,27.65
2018-05-23,27.63
2018-05-24,27.65
2018-05-25,27.67
2018-05-29,27.66
2018-05-30,27.65
2018-05-31,27.72
2018-06-01,27.67
2018-06-04,27.7
2018-06-05,27.72
2018-06-06,27.75
2018-06-07,27.79
2018-06-08,27.78
2018-06-11,27.8
2018-06-12,27.81
2018-06-13,27.81
2018-06-14,27.8
2018-06-15,27.83
2018-06-18,27.81
2018-06-19,27.81
2018-06-20,27.8
2018-06-21,27.82
2018-06-22,27.78
2018-06-25,27.78
2018-06-26,27.7
2018-06-27,27.72
2018-06-28,27.66
2018-06-29,27.67
2018-07-02,27.68
2018-07-03,27.69
2018-07-05,27.71
2018-07-06,27.77
2018-07-09,27.81
2018-07-10,27.86
2018-07-11,27.85
2018-07-12,27.8
2018-07-13,27.84
2018-07-16,27.83
2018-07-17,27.82
2018-07-18,27.84
2018-07-19,27.85
2018-07-20,27.85
2018-07-23,27.86
2018-07-24,27.86
2018-07-25,27.86
2018-07-26,27.89
2018-07-27,27.89
2018-07-30,27.85
2018-07-31,27.83
2018-08-01,27.86
2018-08-02,27.85
2018-08-03,27.86
2018-08-06,27.86
2018-08-07,27.87
2018-08-08,27.9
2018-08-09,27.89
2018-08-10,27.89
2018-08-13,27.84
2018-08-14,27.81
2018-08-15,27.84
2018-08-16,27.78
2018-08-17,27.83
2018-08-20,27.86
2018-08-21,27.87
2018-08-22,27.91
2018-08-23,27.92
2018-08-24,27.91
2018-08-27,27.94
2018-08-28,27.99
2018-08-29,27.99
2018-08-30,28.01
2018-08-31,27.99
2018-09-04,27.99
2018-09-05,27.97
2018-09-06,27.94
2018-09-07,27.92
2018-09-10,27.9
2018-09-11,27.92
2018-09-12,27.94
2018-09-13,27.94
2018-09-14,27.96
2018-09-17,27.97
2018-09-18,27.94
2018-09-19,27.98
2018-09-20,28.0
2018-09-21,28.05
2018-09-24,28.04
2018-09-25,28.03
2018-09-26,28.05
2018-09-27,28.02
2018-09-28,28.03
2018-10-01,28.05
2018-10-02,28.04
2018-10-03,27.99
2018-10-04,28.01
2018-10-05,27.92
2018-10-08,27.88
2018-10-09,27.87
2018-10-10,27.86
2018-10-11,27.7
2018-10-12,27.59
2018-10-15,27.65
2018-10-16,27.64
2018-10-17,27.78
2018-10-18,27.74
2018-10-19,27.63
2018-10-22,27.61
2018-10-23,27.62
2018-10-24,27.55
2018-10-25,27.37
2018-10-26,27.48
2018-10-29,27.43
2018-10-30,27.38
2018-10-31,27.47
2018-11-01,27.49
2018-11-02,27.6
2018-11-05,27.61
2018-11-06,27.61
2018-11-07,27.62
2018-11-08,27.72
2018-11-09,27.66
2018-11-12,27.57
2018-11-13,27.47
2018-11-14,27.44
2018-11-15,27.44
2018-11-16,27.52
2018-11-19,27.54
2018-11-20,27.46
2018-11-21,27.3
2018-11-23,27.39
2018-11-26,27.32
2018-11-27,27.39
2018-11-28,27.38
2018-11-29,27.49
2018-11-30,27.48
2018-12-03,27.49
2018-12-04,27.59
2018-12-06,27.41
2018-12-07,27.38
2018-12-10,27.28
2018-12-11,27.23
2018-12-12,27.25
2018-12-13,27.3
2018-12-14,27.29
2018-12-17,27.2
2018-12-18,27.08
2018-12-19,27.04
2018-12-20,26.96
2018-12-21,26.89
2018-12-24,26.78
2018-12-26,26.67
2018-12-27,26.91
2018-12-28,26.57
2018-12-31,26.58
2019-01-02,26.62
2019-01-03,26.65
2019-01-04,26.56
2019-01-07,26.75
2019-01-08,26.81
2019-01-09,26.88
2019-01-10,26.96
2019-01-11,26.99
2019-01-14,26.98
2019-01-15,26.93
2019-01-16,26.99
2019-01-17,27.03
2019-01-18,27.07
2019-01-22,27.15
2019-01-23,27.06
2019-01-24,27.07
2019-01-25,27.1
2019-01-28,27.16
2019-01-29,27.11
2019-01-30,27.11
2019-01-31,27.21
2019-02-01,27.26
2019-02-04,27.28
2019-02-05,27.32
2019-02-06,27.33
2019-02-07,27.32
2019-02-08,27.26
2019-02-11,27.27
2019-02-12,27.28
2019-02-13,27.36
2019-02-14,27.37
2019-02-15,27.38
2019-02-19,27.46
2019-02-20,27.48
2019-02-21,27.5
2019-02-22,27.49
2019-02-25,27.53
2019-02-26,27.53
2019-02-27,27.52
2019-02-28,27.53
2019-03-01,27.51
2019-03-04,27.54
2019-03-05,27.53
2019-03-06,27.52
2019-03-07,27.47
2019-03-08,27.42
2019-03-11,27.41
2019-03-12,27.5
2019-03-13,27.52
2019-03-14,27.56
2019-03-15,27.54
2019-03-18,27.57
2019-03-19,27.6
2019-03-20,27.59
2019-03-21,27.58
2019-03-22,27.63
2019-03-25,27.49
2019-03-26,27.5
2019-03-27,27.55
2019-03-28,27.52
2019-03-29,27.55
2019-04-01,27.58
2019-04-02,27.65
2019-04-03,27.65
2019-04-04,27.67
2019-04-05,27.69
2019-04-08,27.73
2019-04-09,27.74
2019-04-10,27.69
2019-04-11,27.74
2019-04-12,27.74
2019-04-15,27.78
2019-04-16,27.77
2019-04-17,27.78
2019-04-18,27.77
2019-04-22,27.76
2019-04-23,27.78
2019-04-24,27.83
2019-04-25,27.82
2019-04-26,27.8
2019-04-29,27.8
2019-04-30,27.82
2019-05-01,27.83
2019-05-02,27.8
2019-05-03,27.76
2019-05-06,27.82
2019-05-07,27.83
2019-05-08,27.72
2019-05-09,27.73
2019-05-10,27.72
2019-05-13,27.74
2019-05-14,27.62
2019-05-15,27.68
2019-05-16,27.71
2019-05-17,27.75
2019-05-20,27.71
2019-05-21,27.69
2019-05-22,27.73
2019-05-23,27.67
2019-05-24,27.57
2019-05-28,27.61
2019-05-29,27.58
2019-05-30,27.56
2019-05-31,27.52
2019-06-03,27.43
2019-06-04,27.43
2019-06-05,27.53
2019-06-06,27.51
2019-06-07,27.56
2019-06-10,27.62
2019-06-11,27.64
2019-06-12,27.65
2019-06-13,27.6
2019-06-14,27.64
2019-06-17,27.63
2019-06-18,27.62
2019-06-19,27.71
2019-06-20,27.73
2019-06-21,27.85
2019-06-24,27.85
2019-06-25,27.86
2019-06-26,27.82
2019-06-27,27.86
2019-06-28,27.88
2019-07-01,27.85
2019-07-02,27.91
2019-07-03,27.87
2019-07-05,27.91
2019-07-08,27.91
2019-07-09,27.89
2019-07-10,27.9
2019-07-11,27.99
2019-07-12,27.99
2019-07-15,28.01
2019-07-16,27.99
2019-07-17,27.95
2019-07-18,27.91
2019-07-19,27.91
2019-07-22,27.9
2019-07-23,27.91
2019-07-24,27.95
2019-07-25,27.93
2019-07-26,27.92
2019-07-29,27.95
2019-07-30,27.96
2019-07-31,27.98
2019-08-01,27.93
2019-08-02,27.84
2019-08-05,27.84
2019-08-06,27.73
2019-08-07,27.74
2019-08-08,27.71
2019-08-09,27.78
2019-08-12,27.79
2019-08-13,27.77
2019-08-14,27.87
2019-08-15,27.73
2019-08-16,27.72
2019-08-19,27.78
2019-08-20,27.85
2019-08-21,27.83
2019-08-22,27.87
2019-08-23,27.85
2019-08-26,27.72
2019-08-27,27.76
2019-08-28,27.78
2019-08-29,27.83
2019-08-30,27.89
2019-09-03,27.86
2019-09-04,27.82
2019-09-05,27.93
2019-09-06,27.98
2019-09-09,28.0
2019-09-10,28.03
2019-09-11,28.02
2019-09-12,28.02
2019-09-13,28.02
2019-09-16,28.02
2019-09-17,28.13
2019-09-18,28.08
2019-09-19,28.06
2019-09-20,28.09
2019-09-23,28.11
2019-09-24,28.12
2019-09-25,28.06
2019-09-26,28.04
2019-09-27,28.05
2019-09-30,28.02
2019-10-01,27.97
2019-10-02,27.93
2019-10-03,27.87
2019-10-04,27.9
2019-10-07,27.97
2019-10-08,27.95
2019-10-09,27.9
2019-10-10,27.94
2019-10-11,27.97
2019-10-14,28.02
2019-10-15,28.0
2019-10-16,28.01
2019-10-17,28.02
2019-10-18,28.06
2019-10-21,28.05
2019-10-22,28.08
2019-10-23,28.09
2019-10-24,28.14
2019-10-25,28.16
2019-10-28,28.18
2019-10-29,28.16
2019-10-30,28.16
2019-10-31,28.15
2019-11-01,28.13
2019-11-04,28.22
2019-11-05,28.23
2019-11-06,28.21
2019-11-07,28.2
2019-11-08,28.2
2019-11-11,28.22
2019-11-12,28.2
2019-11-13,28.2
2019-11-14,28.23
2019-11-15,28.24
2019-11-18,28.29
2019-11-19,28.29
2019-11-20,28.25
2019-11-21,28.28
2019-11-22,28.27
2019-11-25,28.26
2019-11-26,28.3
2019-11-27,28.35
2019-11-29,28.37
2019-12-02,28.28
2019-12-03,28.23
2019-12-04,28.24
2019-12-05,28.32
2019-12-06,28.33
2019-12-09,28.37
2019-12-10,28.37
2019-12-11,28.36
2019-12-12,28.33
2019-12-13,28.34
2019-12-16,28.36
2019-12-17,28.41
2019-12-18,28.4
2019-12-19,28.43
2019-12-20,28.47
2019-12-23,28.49
2019-12-24,28.49
2019-12-26,28.51
2019-12-27,28.55
2019-12-30,28.54
2019-12-31,27.96
2020-01-02,27.97
2020-01-03,27.97
2020-01-06,28.01
2020-01-07,28.02
2020-01-08,27.98
2020-01-09,27.96
2020-01-10,27.97
2020-01-13,27.97
2020-01-14,28.0
2020-01-15,27.99
2020-01-16,28.01
2020-01-17,28.07
2020-01-21,28.09
2020-01-22,28.1
2020-01-23,28.05
2020-01-24,28.05
2020-01-27,28.0
2020-01-28,27.92
2020-01-29,27.97
2020-01-30,27.95
2020-01-31,27.96
2020-02-03,27.86
2020-02-04,27.85
2020-02-05,27.91
2020-02-06,27.97
2020-02-07,28.0
2020-02-10,27.98
2020-02-11,28.01
2020-02-12,28.04
2020-02-13,28.09
2020-02-14,28.1
2020-02-18,28.14
2020-02-19,28.13
2020-02-20,28.13
2020-02-21,28.14
2020-02-24,28.11
2020-02-25,27.98
2020-02-26,27.81
2020-02-27,27.77
2020-02-28,27.53
2020-03-02,27.46
2020-03-03,27.68
2020-03-04,27.6
2020-03-05,27.85
2020-03-06,27.66
2020-03-09,27.54
2020-03-10,27.08
2020-03-11,27.29
2020-03-12,27.03
2020-03-13,26.61
2020-03-16,26.89
2020-03-17,26.21
2020-03-18,26.38
2020-03-19,26.01
2020-03-20,26.08
2020-03-23,25.83
2020-03-24,25.66
2020-03-25,25.95
2020-03-26,26.07
2020-03-27,26.32
2020-03-30,26.27
2020-03-31,26.43
2020-04-01,26.36
2020-04-02,26.13
2020-04-03,26.19
2020-04-06,26.16
2020-04-07,26.44
2020-04-08,26.47
2020-04-09,26.65
2020-04-13,26.78
2020-04-14,26.74
2020-04-15,26.88
2020-04-16,26.72
2020-04-17,26.72
2020-04-20,26.84
2020-04-21,26.73
2020-04-22,26.6
2020-04-23,26.68
2020-04-24,26.67
2020-04-27,26.71
2020-04-28,26.79
2020-04-29,26.79
2020-04-30,26.89
2020-05-01,26.94
2020-05-04,26.74
2020-05-05,26.74
2020-05-06,26.79
2020-05-07,26.74
2020-05-08,26.79
2020-05-11,26.88
2020-05-12,26.86
2020-05-13,26.73
2020-05-14,26.65
2020-05-15,26.7
2020-05-18,26.68
2020-05-19,26.84
2020-05-20,26.81
2020-05-21,26.83
2020-05-22,26.84
2020-05-26,26.87
2020-05-27,26.98
2020-05-28,27.04
2020-05-29,27.05
2020-06-01,27.03
2020-06-02,27.1
2020-06-03,27.12
2020-06-04,27.22
2020-06-05,27.2
2020-06-08,27.31
2020-06-09,27.4
2020-06-10,27.34
2020-06-11,27.27
2020-06-12,27.07
2020-06-15,27.17
2020-06-16,27.19
2020-06-17,27.22
2020-06-18,27.21
2020-06-19,27.19
2020-06-22,27.16
2020-06-23,27.16
2020-06-24,27.15
2020-06-25,27.11
2020-06-26,27.13
2020-06-29,27.09
2020-06-30,27.13
2020-07-01,27.16
2020-07-02,27.19
2020-07-06,27.19
2020-07-07,27.19
2020-07-08,27.16
2020-07-09,27.15
2020-07-10,27.15
2020-07-13,27.15
2020-07-14,27.13
2020-07-15,27.15
2020-07-16,27.17
2020-07-17,27.15
2020-07-20,27.18
2020-07-21,27.15
2020-07-22,27.16
2020-07-23,27.21
2020-07-24,27.2
2020-07-27,27.18
2020-07-28,27.2
2020-07-29,27.26
2020-07-30,27.32
2020-07-31,27.31
2020-08-03,27.3
2020-08-04,27.27
2020-08-05,27.32
2020-08-06,27.29
2020-08-07,27.3
2020-08-10,27.34
2020-08-11,27.34
2020-08-12,27.29
2020-08-13,27.32
2020-08-14,27.28
2020-08-17,27.28
2020-08-18,27.31
2020-08-19,27.3
2020-08-20,27.24
2020-08-21,27.28
2020-08-24,27.28
2020-08-25,27.3
2020-08-26,27.3
2020-08-27,27.28
2020-08-28,27.32
2020-08-31,27.34
2020-09-01,27.32
2020-09-02,27.33
2020-09-03,27.38
2020-09-04,27.35
2020-09-08,27.32
2020-09-09,27.29
2020-09-10,27.31
2020-09-11,27.28
2020-09-14,27.27
2020-09-15,27.34
2020-09-16,27.36
2020-09-17,27.37
2020-09-18,27.32
2020-09-21,27.26
2020-09-22,27.2
2020-09-23,27.23
2020-09-24,27.15
2020-09-25,27.16
2020-09-28,27.21
2020-09-29,27.26
2020-09-30,27.25
2020-10-01,27.25
2020-10-02,27.3
2020-10-05,27.33
2020-10-06,27.34
2020-10-07,27.32
2020-10-08,27.33
2020-10-09,27.38
2020-10-12,27.38
2020-10-13,27.41
2020-10-14,27.37
2020-10-15,27.34
2020-10-16,27.35
2020-10-19,27.33
2020-10-20,27.28
2020-10-21,27.29
2020-10-22,27.28
2020-10-23,27.28
2020-10-26,27.3
2020-10-27,27.27
2020-10-28,27.24
2020-10-29,27.16
2020-10-30,27.18
2020-11-02,27.16
2020-11-03,27.21
2020-11-04,27.26
2020-11-05,27.31
2020-11-06,27.33
2020-11-09,27.31
2020-11-10,27.37
2020-11-11,27.4
2020-11-12,27.42
2020-11-13,27.4
2020-11-16,27.46
2020-11-17,27.49
2020-11-18,27.49
2020-11-19,27.46
2020-11-20,27.47
2020-11-23,27.47
2020-11-24,27.47
2020-11-25,27.48
2020-11-27,27.48
2020-11-30,27.49
2020-12-01,27.48
2020-12-02,27.48
2020-12-03,27.47
2020-12-04,27.5
2020-12-07,27.51
2020-12-08,27.51
2020-12-09,27.51
2020-12-10,27.49
2020-12-11,27.49
2020-12-14,27.49
2020-12-15,27.48
2020-12-16,27.52
2020-12-17,27.52
2020-12-18,27.55
2020-12-21,27.53
2020-12-22,27.52
2020-12-23,27.52
2020-12-24,27.52
2020-12-28,27.53
2020-12-29,27.55
2020-12-30,27.54
2020-12-31,27.28
2021-01-04,27.3
2021-01-05,27.28
2021-01-06,27.29
2021-01-07,27.28
2021-01-08,27.3
2021-01-11,27.27
2021-01-12,27.25
2021-01-13,27.25
2021-01-14,27.27
2021-01-15,27.27
2021-01-19,27.26
2021-01-20,27.27
2021-01-21,27.31
2021-01-22,27.31
2021-01-25,27.3
2021-01-26,27.32
2021-01-27,27.31
2021-01-28,27.27
2021-01-29,27.28
2021-02-01,27.25
2021-02-02,27.29
2021-02-03,27.3
2021-02-04,27.3
2021-02-05,27.3
2021-02-08,27.31
2021-02-09,27.33
2021-02-10,27.33
2021-02-11,27.35
2021-02-12,27.34
2021-02-16,27.34
2021-02-17,27.29
2021-02-18,27.29
2021-02-19,27.29
2021-02-22,27.28
2021-02-23,27.28
2021-02-24,27.28
2021-02-25,27.29
2021-02-26,27.2
2021-03-01,27.19
2021-03-02,27.22
2021-03-03,27.21
2021-03-04,27.16
2021-03-05,27.12
2021-03-08,27.15
2021-03-09,27.11
2021-03-10,27.15
2021-03-11,27.17
2021-03-12,27.19
2021-03-15,27.16
2021-03-16,27.18
2021-03-17,27.17
2021-03-18,27.18
2021-03-19,27.14
2021-03-22,27.14
2021-03-23,27.17
2021-03-24,27.16
2021-03-25,27.15
2021-03-26,27.15
