,date,oil price
35,2009-03-26,72.42
36,2009-03-27,71.27
37,2009-03-30,68.96
38,2009-03-31,69.5
39,2009-04-01,68.29
40,2009-04-02,72.23
41,2009-04-03,72.78
42,2009-04-06,72.53
43,2009-04-07,71.65
44,2009-04-08,71.47
45,2009-04-09,72.63
46,2009-04-13,71.32
47,2009-04-14,71.19
48,2009-04-15,70.55
49,2009-04-16,70.88
50,2009-04-17,70.52
51,2009-04-20,68.15
52,2009-04-21,68.25
53,2009-04-22,68.27
54,2009-04-23,67.51
55,2009-04-24,68.52
56,2009-04-27,67.64
57,2009-04-28,67.15
58,2009-04-29,68.5
59,2009-04-30,68.53
60,2009-05-01,70.78
61,2009-05-04,72.41
62,2009-05-05,71.35
63,2009-05-06,72.37
64,2009-05-07,72.38
65,2009-05-08,72.87
66,2009-05-11,72.82
67,2009-05-12,72.95
68,2009-05-13,72.39
69,2009-05-14,72.6
70,2009-05-15,70.16
71,2009-05-18,71.92
72,2009-05-19,72.29
73,2009-05-20,72.53
74,2009-05-21,72.14
75,2009-05-22,72.83
76,2009-05-26,72.87
77,2009-05-27,73.16
78,2009-05-28,74.83
79,2009-05-29,75.72
80,2009-06-01,77.51
81,2009-06-02,79.15
82,2009-06-03,78.91
83,2009-06-04,80.68
84,2009-06-05,80.89
85,2009-06-08,81.17
86,2009-06-09,81.99
87,2009-06-10,82.21
88,2009-06-11,82.72
89,2009-06-12,82.15
90,2009-06-15,81.58
91,2009-06-16,81.24
92,2009-06-17,81.68
93,2009-06-18,81.41
94,2009-06-19,80.37
95,2009-06-22,78.48
96,2009-06-23,79.63
97,2009-06-24,79.37
98,2009-06-25,80.09
99,2009-06-26,79.36
100,2009-06-29,80.87
101,2009-06-30,79.7
102,2009-07-01,79.43
103,2009-07-02,77.58
104,2009-07-06,75.38
105,2009-07-07,74.72
106,2009-07-08,72.92
107,2009-07-09,73.86
108,2009-07-10,73.4
109,2009-07-13,72.97
110,2009-07-14,72.75
111,2009-07-15,74.94
112,2009-07-16,75.97
113,2009-07-17,77.09
114,2009-07-20,78.34
115,2009-07-21,78.66
116,2009-07-22,80.03
117,2009-07-23,81.44
118,2009-07-24,81.72
119,2009-07-27,81.05
120,2009-07-28,80.44
121,2009-07-29,78.15
122,2009-07-30,80.71
123,2009-07-31,80.57
124,2009-08-03,81.55
125,2009-08-04,82.28
126,2009-08-05,83.12
127,2009-08-06,83.36
128,2009-08-07,82.17
129,2009-08-10,82.8
130,2009-08-11,81.59
131,2009-08-12,81.96
132,2009-08-13,82.23
133,2009-08-14,80.35
134,2009-08-17,80.01
135,2009-08-18,81.54
136,2009-08-19,82.63
137,2009-08-20,81.51
138,2009-08-21,82.32
139,2009-08-24,82.36
140,2009-08-25,80.51
141,2009-08-26,80.22
142,2009-08-27,81.02
143,2009-08-28,80.95
144,2009-08-31,78.7
145,2009-09-01,77.19
146,2009-09-02,76.94
147,2009-09-03,76.44
148,2009-09-04,76.21
149,2009-09-08,78.34
150,2009-09-09,78.39
151,2009-09-10,78.9
152,2009-09-11,77.3
153,2009-09-14,77.52
154,2009-09-15,78.72
155,2009-09-16,79.9
156,2009-09-17,80.48
157,2009-09-18,80.31
158,2009-09-21,77.81
159,2009-09-22,79.08
160,2009-09-23,77.19
161,2009-09-24,74.96
162,2009-09-25,74.79
163,2009-09-28,75.46
164,2009-09-29,75.47
165,2009-09-30,78.24
166,2009-10-01,78.34
167,2009-10-02,77.68
168,2009-10-05,77.88
169,2009-10-06,78.43
170,2009-10-07,77.57
171,2009-10-08,79.98
172,2009-10-09,80.5
173,2009-10-12,81.62
174,2009-10-13,82.44
175,2009-10-14,83.18
176,2009-10-15,84.85
177,2009-10-16,85.69
178,2009-10-19,86.41
179,2009-10-20,86.1
180,2009-10-21,88.22
181,2009-10-22,88.14
182,2009-10-23,87.92
183,2009-10-26,86.56
184,2009-10-27,87.13
185,2009-10-28,85.21
186,2009-10-29,87.38
187,2009-10-30,84.72
188,2009-11-02,86.31
189,2009-11-03,87.35
190,2009-11-04,88.18
191,2009-11-05,87.35
192,2009-11-06,85.49
193,2009-11-09,87.39
194,2009-11-10,86.87
195,2009-11-11,87.52
196,2009-11-12,85.92
197,2009-11-13,85.27
198,2009-11-16,87.53
199,2009-11-17,88.02
200,2009-11-18,88.66
201,2009-11-19,87.31
202,2009-11-20,87.16
203,2009-11-23,87.07
204,2009-11-24,85.97
205,2009-11-25,88.24
206,2009-11-27,87.27
207,2009-11-30,88.8
208,2009-12-01,89.44
209,2009-12-02,88.41
210,2009-12-03,89.06
211,2009-12-04,88.28
212,2009-12-07,87.54
213,2009-12-08,86.17
214,2009-12-09,83.78
215,2009-12-10,83.27
216,2009-12-11,83.19
217,2009-12-14,83.19
218,2009-12-15,83.15
219,2009-12-16,84.14
220,2009-12-17,83.6
221,2009-12-18,84.52
222,2009-12-21,83.77
223,2009-12-22,83.99
224,2009-12-23,85.3
225,2009-12-24,86.41
226,2009-12-28,87.11
227,2009-12-29,87.33
228,2009-12-30,87.55
229,2009-12-31,87.15
230,2010-01-04,88.78
231,2010-01-05,89.22
232,2010-01-06,90.6
233,2010-01-07,90.07
234,2010-01-08,90.69
235,2010-01-11,90.53
236,2010-01-12,89.04
237,2010-01-13,88.16
238,2010-01-14,88.14
239,2010-01-15,86.79
240,2010-01-19,87.24
241,2010-01-20,86.11
242,2010-01-21,84.39
243,2010-01-22,82.79
244,2010-01-25,83.72
245,2010-01-26,83.0
246,2010-01-27,82.09
247,2010-01-28,81.79
248,2010-01-29,81.1
249,2010-02-01,82.5
250,2010-02-02,84.6
251,2010-02-03,84.7
252,2010-02-04,81.23
253,2010-02-05,78.75
254,2010-02-08,79.3
255,2010-02-09,81.3
256,2010-02-10,81.53
257,2010-02-11,82.36
258,2010-02-12,81.51
259,2010-02-16,83.97
260,2010-02-17,83.98
261,2010-02-18,84.73
262,2010-02-19,84.63
263,2010-02-22,85.07
264,2010-02-23,83.98
265,2010-02-24,84.81
266,2010-02-25,83.03
267,2010-02-26,84.18
268,2010-03-01,83.51
269,2010-03-02,84.07
270,2010-03-03,85.12
271,2010-03-04,85.15
272,2010-03-05,86.37
273,2010-03-08,86.94
274,2010-03-09,86.42
275,2010-03-10,86.48
276,2010-03-11,86.52
277,2010-03-12,85.2
278,2010-03-15,83.64
279,2010-03-16,84.85
280,2010-03-17,85.88
281,2010-03-18,85.83
282,2010-03-19,84.43
283,2010-03-22,85.02
284,2010-03-23,85.15
285,2010-03-24,84.31
286,2010-03-25,84.38
287,2010-03-26,83.84
288,2010-03-29,85.29
289,2010-03-30,85.47
290,2010-03-31,86.61
291,2010-04-01,87.85
292,2010-04-05,89.66
293,2010-04-06,90.2
294,2010-04-07,90.12
295,2010-04-08,90.0
296,2010-04-09,90.22
297,2010-04-12,90.79
298,2010-04-13,90.31
299,2010-04-14,91.38
300,2010-04-15,92.22
301,2010-04-16,91.19
302,2010-04-19,89.89
303,2010-04-20,90.28
304,2010-04-21,91.75
305,2010-04-22,91.85
306,2010-04-23,92.87
307,2010-04-26,92.9
308,2010-04-27,92.28
309,2010-04-28,92.41
310,2010-04-29,92.86
311,2010-04-30,93.81
312,2010-05-03,95.45
313,2010-05-04,92.42
314,2010-05-05,90.25
315,2010-05-06,87.19
316,2010-05-07,86.61
317,2010-05-10,88.29
318,2010-05-11,88.45
319,2010-05-12,89.06
320,2010-05-13,88.03
321,2010-05-14,84.68
322,2010-05-17,81.52
323,2010-05-18,80.97
324,2010-05-19,79.72
325,2010-05-20,77.7
326,2010-05-21,78.3
327,2010-05-24,78.14
328,2010-05-25,76.59
329,2010-05-26,78.58
330,2010-05-27,81.8
331,2010-05-28,81.89
332,2010-06-01,81.18
333,2010-06-02,82.4
334,2010-06-03,83.7
335,2010-06-04,80.5
336,2010-06-07,80.93
337,2010-06-08,80.61
338,2010-06-09,82.15
339,2010-06-10,83.3
340,2010-06-11,82.66
341,2010-06-14,82.88
342,2010-06-15,83.89
343,2010-06-16,84.55
344,2010-06-17,84.57
345,2010-06-18,84.32
346,2010-06-21,84.57
347,2010-06-22,84.02
348,2010-06-23,82.27
349,2010-06-24,81.8
350,2010-06-25,83.75
351,2010-06-28,83.54
352,2010-06-29,81.24
353,2010-06-30,80.44
354,2010-07-01,78.3
355,2010-07-02,77.42
356,2010-07-06,77.93
357,2010-07-07,80.05
358,2010-07-08,81.46
359,2010-07-09,81.53
360,2010-07-12,80.4
361,2010-07-13,82.46
362,2010-07-14,82.13
363,2010-07-15,81.68
364,2010-07-16,81.26
365,2010-07-19,81.54
366,2010-07-20,81.95
367,2010-07-21,81.74
368,2010-07-22,83.97
369,2010-07-23,83.79
370,2010-07-26,83.88
371,2010-07-27,82.67
372,2010-07-28,82.62
373,2010-07-29,84.1
374,2010-07-30,84.5
375,2010-08-02,86.51
376,2010-08-03,87.56
377,2010-08-04,87.5
378,2010-08-05,87.06
379,2010-08-06,86.41
380,2010-08-09,87.32
381,2010-08-10,86.39
382,2010-08-11,84.11
383,2010-08-12,81.63
384,2010-08-13,81.29
385,2010-08-16,81.24
386,2010-08-17,82.58
387,2010-08-18,82.35
388,2010-08-19,80.96
389,2010-08-20,80.09
390,2010-08-23,79.68
391,2010-08-24,78.73
392,2010-08-25,79.7
393,2010-08-26,81.16
394,2010-08-27,83.06
395,2010-08-30,83.05
396,2010-08-31,81.26
397,2010-09-01,82.98
398,2010-09-02,83.31
399,2010-09-03,83.1
400,2010-09-07,83.82
401,2010-09-08,84.05
402,2010-09-09,83.13
403,2010-09-10,83.38
404,2010-09-13,84.17
405,2010-09-14,84.43
406,2010-09-15,84.32
407,2010-09-16,83.35
408,2010-09-17,83.29
409,2010-09-20,84.07
410,2010-09-21,83.01
411,2010-09-22,82.63
412,2010-09-23,82.62
413,2010-09-24,83.35
414,2010-09-27,83.01
415,2010-09-28,83.32
416,2010-09-29,84.88
417,2010-09-30,86.31
418,2010-10-01,87.58
419,2010-10-04,87.07
420,2010-10-05,88.38
421,2010-10-06,88.51
422,2010-10-07,86.95
423,2010-10-08,87.85
424,2010-10-11,87.69
425,2010-10-12,87.39
426,2010-10-13,88.24
427,2010-10-14,87.77
428,2010-10-15,86.4
429,2010-10-18,88.24
430,2010-10-19,84.93
431,2010-10-20,86.82
432,2010-10-21,85.22
433,2010-10-22,86.29
434,2010-10-25,86.86
435,2010-10-26,86.91
436,2010-10-27,86.67
437,2010-10-28,86.9
438,2010-10-29,85.98
439,2010-11-01,87.34
440,2010-11-02,88.12
441,2010-11-03,88.93
442,2010-11-04,90.31
443,2010-11-05,90.68
444,2010-11-08,91.02
445,2010-11-09,90.7
446,2010-11-10,91.05
447,2010-11-11,91.16
448,2010-11-12,88.47
449,2010-11-15,88.45
450,2010-11-16,86.45
451,2010-11-17,84.95
452,2010-11-18,86.23
453,2010-11-19,85.41
454,2010-11-22,85.17
455,2010-11-23,84.77
456,2010-11-24,87.22
457,2010-11-26,87.05
458,2010-11-29,88.72
459,2010-11-30,87.05
460,2010-12-01,89.36
461,2010-12-02,89.89
462,2010-12-03,90.04
463,2010-12-06,89.5
464,2010-12-07,90.24
465,2010-12-08,90.32
466,2010-12-09,90.24
467,2010-12-10,89.68
468,2010-12-13,90.52
469,2010-12-14,90.72
470,2010-12-15,91.45
471,2010-12-16,91.3
472,2010-12-17,91.36
473,2010-12-20,92.3
474,2010-12-21,92.62
475,2010-12-22,92.97
476,2010-12-23,93.76
477,2010-12-27,93.5
478,2010-12-28,93.9
479,2010-12-29,93.68
480,2010-12-30,92.91
481,2010-12-31,94.43
482,2011-01-03,94.83
483,2011-01-04,93.75
484,2011-01-05,95.22
485,2011-01-06,94.3
486,2011-01-07,93.12
487,2011-01-10,94.94
488,2011-01-11,96.29
489,2011-01-12,96.37
490,2011-01-13,96.09
491,2011-01-14,96.66
492,2011-01-18,96.51
493,2011-01-19,96.33
494,2011-01-20,95.1
495,2011-01-21,95.56
496,2011-01-24,94.84
497,2011-01-25,93.56
498,2011-01-26,95.55
499,2011-01-27,95.37
500,2011-01-28,97.92
501,2011-01-31,99.56
502,2011-02-01,99.6
503,2011-02-02,100.49
504,2011-02-03,100.13
505,2011-02-04,98.84
506,2011-02-07,98.46
507,2011-02-08,98.84
508,2011-02-09,99.29
509,2011-02-10,98.56
510,2011-02-11,98.02
511,2011-02-14,98.59
512,2011-02-15,96.93
513,2011-02-16,97.22
514,2011-02-17,96.75
515,2011-02-18,97.93
516,2011-02-22,99.93
517,2011-02-23,101.96
518,2011-02-24,100.97
519,2011-02-25,102.04
520,2011-02-28,101.57
521,2011-03-01,103.93
522,2011-03-02,105.13
523,2011-03-03,105.21
524,2011-03-04,106.38
525,2011-03-07,107.31
526,2011-03-08,106.59
527,2011-03-09,107.3
528,2011-03-10,105.48
529,2011-03-11,104.17
530,2011-03-14,104.15
531,2011-03-15,99.94
532,2011-03-16,100.94
533,2011-03-17,104.21
534,2011-03-18,103.6
535,2011-03-21,105.04
536,2011-03-22,106.52
537,2011-03-23,106.71
538,2011-03-24,106.89
539,2011-03-25,106.9
540,2011-03-28,105.8
541,2011-03-29,106.37
542,2011-03-30,106.23
543,2011-03-31,108.18
544,2011-04-01,109.16
545,2011-04-04,110.06
546,2011-04-05,110.22
547,2011-04-06,110.57
548,2011-04-07,111.65
549,2011-04-08,113.94
550,2011-04-11,111.68
551,2011-04-12,108.64
552,2011-04-13,109.33
553,2011-04-14,109.67
554,2011-04-15,111.01
555,2011-04-18,108.57
556,2011-04-19,109.12
557,2011-04-20,112.09
558,2011-04-21,112.86
559,2011-04-25,112.76
560,2011-04-26,112.93
561,2011-04-27,113.49
562,2011-04-28,113.52
563,2011-04-29,114.58
564,2011-05-02,114.2
565,2011-05-03,111.83
566,2011-05-04,110.18
567,2011-05-05,100.93
568,2011-05-06,98.67
569,2011-05-09,103.89
570,2011-05-10,105.47
571,2011-05-11,99.59
572,2011-05-12,100.44
573,2011-05-13,101.21
574,2011-05-16,99.17
575,2011-05-17,98.84
576,2011-05-18,101.52
577,2011-05-19,100.34
578,2011-05-20,101.42
579,2011-05-23,99.36
580,2011-05-24,101.3
581,2011-05-25,103.04
582,2011-05-26,102.4
583,2011-05-27,102.73
584,2011-05-31,104.71
585,2011-06-01,102.46
586,2011-06-02,102.88
587,2011-06-03,102.78
588,2011-06-06,101.55
589,2011-06-07,101.76
590,2011-06-08,103.13
591,2011-06-09,104.0
592,2011-06-10,101.84
593,2011-06-13,99.83
594,2011-06-14,101.6
595,2011-06-15,97.07
596,2011-06-16,97.19
597,2011-06-17,95.31
598,2011-06-20,95.52
599,2011-06-21,95.96
600,2011-06-22,97.49
601,2011-06-23,93.45
602,2011-06-24,93.74
603,2011-06-27,93.13
604,2011-06-28,95.47
605,2011-06-29,97.19
606,2011-06-30,97.96
607,2011-07-01,97.64
608,2011-07-05,99.29
609,2011-07-06,98.86
610,2011-07-07,100.94
611,2011-07-08,98.72
612,2011-07-11,97.71
613,2011-07-12,99.71
614,2011-07-13,100.36
615,2011-07-14,98.21
616,2011-07-15,99.49
617,2011-07-18,98.11
618,2011-07-19,99.58
619,2011-07-20,100.09
620,2011-07-21,100.63
621,2011-07-22,101.27
622,2011-07-25,100.87
623,2011-07-26,101.27
624,2011-07-27,99.26
625,2011-07-28,99.25
626,2011-07-29,97.52
627,2011-08-01,96.71
628,2011-08-02,95.51
629,2011-08-03,93.67
630,2011-08-04,88.43
631,2011-08-05,88.78
632,2011-08-08,83.22
633,2011-08-09,81.11
634,2011-08-10,84.58
635,2011-08-11,87.22
636,2011-08-12,86.84
637,2011-08-15,89.22
638,2011-08-16,87.92
639,2011-08-17,88.76
640,2011-08-18,83.54
641,2011-08-19,83.58
642,2011-08-22,85.42
643,2011-08-23,86.51
644,2011-08-24,86.37
645,2011-08-25,86.44
646,2011-08-26,86.45
647,2011-08-29,88.21
648,2011-08-30,89.81
649,2011-08-31,89.88
650,2011-09-01,89.94
651,2011-09-02,87.46
652,2011-09-06,87.05
653,2011-09-07,90.14
654,2011-09-08,89.7
655,2011-09-09,87.93
656,2011-09-12,88.64
657,2011-09-13,90.52
658,2011-09-14,89.36
659,2011-09-15,90.03
660,2011-09-16,88.73
661,2011-09-19,86.27
662,2011-09-20,87.43
663,2011-09-21,86.46
664,2011-09-22,80.99
665,2011-09-23,80.4
666,2011-09-26,80.73
667,2011-09-27,84.94
668,2011-09-28,81.73
669,2011-09-29,82.55
670,2011-09-30,79.46
671,2011-10-03,78.04
672,2011-10-04,76.07
673,2011-10-05,79.96
674,2011-10-06,82.93
675,2011-10-07,83.25
676,2011-10-10,85.67
677,2011-10-11,86.16
678,2011-10-12,85.95
679,2011-10-13,84.63
680,2011-10-14,87.1
681,2011-10-17,86.8
682,2011-10-18,88.68
683,2011-10-19,86.43
684,2011-10-20,86.21
685,2011-10-21,87.47
686,2011-10-24,91.14
687,2011-10-25,92.93
688,2011-10-26,90.18
689,2011-10-27,93.82
690,2011-10-28,93.24
691,2011-10-31,93.08
692,2011-11-01,92.05
693,2011-11-02,92.35
694,2011-11-03,93.91
695,2011-11-04,94.19
696,2011-11-07,95.45
697,2011-11-08,96.7
698,2011-11-09,95.64
699,2011-11-10,97.68
700,2011-11-11,98.89
701,2011-11-14,98.22
702,2011-11-15,99.43
703,2011-11-16,102.6
704,2011-11-17,98.93
705,2011-11-18,97.67
706,2011-11-21,96.92
707,2011-11-22,98.01
708,2011-11-23,96.17
709,2011-11-25,96.77
710,2011-11-28,98.21
711,2011-11-29,99.79
712,2011-11-30,100.36
713,2011-12-01,100.2
714,2011-12-02,100.96
715,2011-12-05,100.99
716,2011-12-06,101.28
717,2011-12-07,100.49
718,2011-12-08,98.34
719,2011-12-09,99.41
720,2011-12-12,97.77
721,2011-12-13,100.32
722,2011-12-14,95.14
723,2011-12-15,94.07
724,2011-12-16,93.75
725,2011-12-19,94.05
726,2011-12-20,97.24
727,2011-12-21,98.67
728,2011-12-22,99.53
729,2011-12-23,99.68
730,2011-12-27,101.34
731,2011-12-28,99.36
732,2011-12-29,99.65
733,2011-12-30,98.83
734,2012-01-03,102.96
735,2012-01-04,103.22
736,2012-01-05,101.81
737,2012-01-06,101.56
738,2012-01-09,101.31
739,2012-01-10,102.44
740,2012-01-11,101.09
741,2012-01-12,99.31
742,2012-01-13,98.88
743,2012-01-17,100.87
744,2012-01-18,100.76
745,2012-01-19,100.54
746,2012-01-20,98.33
747,2012-01-23,99.58
748,2012-01-24,98.95
749,2012-01-25,99.4
750,2012-01-26,99.7
751,2012-01-27,99.56
752,2012-01-30,98.78
753,2012-01-31,98.48
754,2012-02-01,97.61
755,2012-02-02,96.36
756,2012-02-03,97.84
757,2012-02-06,96.91
758,2012-02-07,98.41
759,2012-02-08,98.71
760,2012-02-09,99.84
761,2012-02-10,98.67
762,2012-02-13,101.29
763,2012-02-14,101.08
764,2012-02-15,102.14
765,2012-02-16,102.64
766,2012-02-17,103.6
767,2012-02-21,106.25
768,2012-02-22,106.28
769,2012-02-23,107.83
770,2012-02-24,109.77
771,2012-02-27,108.56
772,2012-02-28,106.55
773,2012-02-29,107.07
774,2012-03-01,108.84
775,2012-03-02,106.7
776,2012-03-05,106.72
777,2012-03-06,104.7
778,2012-03-07,106.16
779,2012-03-08,106.58
780,2012-03-09,107.87
781,2012-03-12,106.84
782,2012-03-13,107.24
783,2012-03-14,105.95
784,2012-03-15,105.65
785,2012-03-16,107.58
786,2012-03-19,108.56
787,2012-03-20,106.07
788,2012-03-21,107.27
789,2012-03-22,105.35
790,2012-03-23,106.87
791,2012-03-26,107.03
792,2012-03-27,107.33
793,2012-03-28,105.41
794,2012-03-29,102.78
795,2012-03-30,103.02
796,2012-04-02,105.23
797,2012-04-03,104.01
798,2012-04-04,101.47
799,2012-04-05,103.31
800,2012-04-09,102.46
801,2012-04-10,101.02
802,2012-04-11,103.18
803,2012-04-12,104.1
804,2012-04-13,103.32
805,2012-04-16,103.37
806,2012-04-17,104.64
807,2012-04-18,103.12
808,2012-04-19,102.72
809,2012-04-20,103.88
810,2012-04-23,103.11
811,2012-04-24,103.55
812,2012-04-25,104.12
813,2012-04-26,104.55
814,2012-04-27,104.93
815,2012-04-30,104.87
816,2012-05-01,106.16
817,2012-05-02,105.22
818,2012-05-03,102.54
819,2012-05-04,98.49
820,2012-05-07,97.94
821,2012-05-08,97.01
822,2012-05-09,86.5
823,2012-05-10,97.41
824,2012-05-11,96.49
825,2012-05-14,95.13
826,2012-05-15,94.35
827,2012-05-16,93.19
828,2012-05-17,92.94
829,2012-05-18,91.8
830,2012-05-21,92.86
831,2012-05-22,91.85
832,2012-05-23,89.9
833,2012-05-24,90.66
834,2012-05-25,90.86
835,2012-05-29,90.76
836,2012-05-30,87.82
837,2012-05-31,86.53
838,2012-06-01,83.23
839,2012-06-04,83.98
840,2012-06-05,84.29
841,2012-06-06,85.02
842,2012-06-07,84.82
843,2012-06-08,84.1
844,2012-06-11,82.7
845,2012-06-12,83.62
846,2012-06-13,82.92
847,2012-06-14,84.22
848,2012-06-15,84.33
849,2012-06-18,83.6
850,2012-06-19,84.35
851,2012-06-20,81.45
852,2012-06-21,78.2
853,2012-06-22,79.76
854,2012-06-25,79.21
855,2012-06-26,79.36
856,2012-06-27,80.21
857,2012-06-28,77.69
858,2012-06-29,84.96
859,2012-07-02,83.75
860,2012-07-03,87.66
861,2012-07-05,87.22
862,2012-07-06,84.45
863,2012-07-09,85.99
864,2012-07-10,83.91
865,2012-07-11,86.19
866,2012-07-12,86.46
867,2012-07-13,87.5
868,2012-07-16,88.81
869,2012-07-17,89.54
870,2012-07-18,90.17
871,2012-07-19,92.97
872,2012-07-20,91.83
873,2012-07-23,88.14
874,2012-07-24,88.5
875,2012-07-25,88.97
876,2012-07-26,89.39
877,2012-07-27,90.13
878,2012-07-30,89.78
879,2012-07-31,88.06
880,2012-08-01,88.91
881,2012-08-02,87.13
882,2012-08-03,91.4
883,2012-08-06,92.2
884,2012-08-07,93.67
885,2012-08-08,93.35
886,2012-08-09,93.36
887,2012-08-10,92.87
888,2012-08-13,93.03
889,2012-08-14,93.74
890,2012-08-15,94.62
891,2012-08-16,95.89
892,2012-08-17,96.32
893,2012-08-20,96.26
894,2012-08-21,96.84
895,2012-08-22,97.26
896,2012-08-23,96.27
897,2012-08-24,96.15
898,2012-08-27,95.47
899,2012-08-28,96.33
900,2012-08-29,95.49
901,2012-08-30,94.62
902,2012-08-31,96.47
903,2012-09-04,95.3
904,2012-09-05,95.36
905,2012-09-06,95.53
906,2012-09-07,96.42
907,2012-09-10,96.54
908,2012-09-11,97.5
909,2012-09-12,97.34
910,2012-09-13,98.63
911,2012-09-14,99.33
912,2012-09-17,96.95
913,2012-09-18,95.62
914,2012-09-19,92.3
915,2012-09-20,92.42
916,2012-09-21,92.89
917,2012-09-24,91.93
918,2012-09-25,91.37
919,2012-09-26,89.98
920,2012-09-27,91.85
921,2012-09-28,92.19
922,2012-10-01,92.48
923,2012-10-02,91.89
924,2012-10-03,88.14
925,2012-10-04,91.71
926,2012-10-05,89.88
927,2012-10-08,89.33
928,2012-10-09,92.78
929,2012-10-10,91.64
930,2012-10-11,92.5
931,2012-10-12,92.28
932,2012-10-15,92.32
933,2012-10-16,92.54
934,2012-10-17,92.59
935,2012-10-18,92.53
936,2012-10-19,90.44
937,2012-10-22,88.65
938,2012-10-23,86.67
939,2012-10-24,85.73
940,2012-10-25,86.05
941,2012-10-26,86.28
942,2012-10-29,85.54
943,2012-10-30,85.68
944,2012-10-31,86.24
945,2012-11-01,87.09
946,2012-11-02,84.86
947,2012-11-05,85.65
948,2012-11-06,88.71
949,2012-11-07,84.44
950,2012-11-08,85.09
951,2012-11-09,86.07
952,2012-11-12,86.07
953,2012-11-13,85.84
954,2012-11-14,86.75
955,2012-11-15,85.87
956,2012-11-16,86.92
957,2012-11-19,89.28
958,2012-11-20,86.75
959,2012-11-21,87.38
960,2012-11-23,88.28
961,2012-11-26,87.74
962,2012-11-27,87.18
963,2012-11-28,86.49
964,2012-11-29,88.07
965,2012-11-30,88.91
966,2012-12-03,89.09
967,2012-12-04,88.5
968,2012-12-05,87.88
969,2012-12-06,86.26
970,2012-12-07,85.93
971,2012-12-10,85.56
972,2012-12-11,85.79
973,2012-12-12,87.31
974,2012-12-13,86.44
975,2012-12-14,87.25
976,2012-12-17,87.67
977,2012-12-18,88.4
978,2012-12-19,89.98
979,2012-12-20,90.13
980,2012-12-21,88.66
981,2012-12-24,88.61
982,2012-12-26,90.98
983,2012-12-27,90.87
984,2012-12-28,90.8
985,2012-12-31,91.82
986,2013-01-02,93.12
987,2013-01-03,92.92
988,2013-01-04,93.09
989,2013-01-07,93.19
990,2013-01-08,93.15
991,2013-01-09,93.1
992,2013-01-10,94.27
993,2013-01-11,93.99
994,2013-01-14,94.59
995,2013-01-15,93.72
996,2013-01-16,94.68
997,2013-01-17,95.94
998,2013-01-18,96.04
999,2013-01-22,96.68
1000,2013-01-23,95.23
1001,2013-01-24,95.95
1002,2013-01-25,95.88
1003,2013-01-28,96.44
1004,2013-01-29,97.57
1005,2013-01-30,97.94
1006,2013-01-31,97.49
1007,2013-02-01,97.77
1008,2013-02-04,96.17
1009,2013-02-05,96.64
1010,2013-02-06,96.62
1011,2013-02-07,95.83
1012,2013-02-08,95.72
1013,2013-02-11,97.03
1014,2013-02-12,98.07
1015,2013-02-13,97.6
1016,2013-02-14,97.9
1017,2013-02-15,96.41
1018,2013-02-19,97.1
1019,2013-02-20,95.22
1020,2013-02-21,92.84
1021,2013-02-22,93.13
1022,2013-02-25,93.11
1023,2013-02-26,92.63
1024,2013-02-27,92.76
1025,2013-02-28,92.05
1026,2013-03-01,90.68
1027,2013-03-04,90.12
1028,2013-03-05,90.82
1029,2013-03-06,90.43
1030,2013-03-07,91.56
1031,2013-03-08,92.43
1032,2013-03-11,92.52
1033,2013-03-12,92.92
1034,2013-03-13,92.88
1035,2013-03-14,93.38
1036,2013-03-15,93.82
1037,2013-03-18,94.11
1038,2013-03-19,92.52
1039,2013-03-20,93.5
1040,2013-03-21,92.45
1041,2013-03-22,93.71
1042,2013-03-25,94.81
1043,2013-03-26,96.34
1044,2013-03-27,96.58
1045,2013-03-28,97.23
1046,2013-04-01,97.07
1047,2013-04-02,97.19
1048,2013-04-03,94.45
1049,2013-04-04,93.26
1050,2013-04-05,92.7
1051,2013-04-08,93.36
1052,2013-04-09,94.51
1053,2013-04-10,94.97
1054,2013-04-11,93.85
1055,2013-04-12,91.61
1056,2013-04-15,89.03
1057,2013-04-16,89.03
1058,2013-04-17,86.97
1059,2013-04-18,88.0
1060,2013-04-19,88.27
1061,2013-04-22,89.19
1062,2013-04-23,89.18
1063,2013-04-24,91.43
1064,2013-04-25,93.64
1065,2013-04-26,93.0
1066,2013-04-29,94.5
1067,2013-04-30,93.46
1068,2013-05-01,91.03
1069,2013-05-02,93.99
1070,2013-05-03,95.61
1071,2013-05-06,96.16
1072,2013-05-07,95.62
1073,2013-05-08,96.62
1074,2013-05-09,96.66
1075,2013-05-10,96.29
1076,2013-05-13,95.41
1077,2013-05-14,94.48
1078,2013-05-15,94.56
1079,2013-05-16,95.45
1080,2013-05-17,96.29
1081,2013-05-20,96.93
1082,2013-05-21,96.18
1083,2013-05-22,94.28
1084,2013-05-23,94.25
1085,2013-05-24,94.15
1086,2013-05-28,95.01
1087,2013-05-29,93.13
1088,2013-05-30,93.61
1089,2013-05-31,91.97
1090,2013-06-03,93.45
1091,2013-06-04,93.31
1092,2013-06-05,93.74
1093,2013-06-06,94.76
1094,2013-06-07,96.03
1095,2013-06-10,95.77
1096,2013-06-11,95.6
1097,2013-06-12,96.1
1098,2013-06-13,96.95
1099,2013-06-14,98.07
1100,2013-06-17,98.03
1101,2013-06-18,98.67
1102,2013-06-19,98.48
1103,2013-06-20,95.14
1104,2013-06-21,93.69
1105,2013-06-24,95.18
1106,2013-06-25,95.32
1107,2013-06-26,95.5
1108,2013-06-27,97.05
1109,2013-06-28,96.56
1110,2013-07-01,97.99
1111,2013-07-02,99.6
1112,2013-07-03,101.24
1113,2013-07-05,103.22
1114,2013-07-08,103.02
1115,2013-07-09,103.31
1116,2013-07-10,105.62
1117,2013-07-11,104.38
1118,2013-07-12,105.55
1119,2013-07-15,105.92
1120,2013-07-16,105.69
1121,2013-07-17,106.35
1122,2013-07-18,107.81
1123,2013-07-19,107.87
1124,2013-07-22,106.94
1125,2013-07-23,107.23
1126,2013-07-24,105.39
1127,2013-07-25,105.49
1128,2013-07-26,104.7
1129,2013-07-29,104.55
1130,2013-07-30,103.08
1131,2013-07-31,105.03
1132,2013-08-01,107.89
1133,2013-08-02,106.94
1134,2013-08-05,106.56
1135,2013-08-06,105.3
1136,2013-08-07,104.37
1137,2013-08-08,103.4
1138,2013-08-09,105.97
1139,2013-08-12,106.11
1140,2013-08-13,106.4
1141,2013-08-14,106.56
1142,2013-08-15,107.19
1143,2013-08-16,107.29
1144,2013-08-19,106.86
1145,2013-08-20,105.11
1146,2013-08-21,103.85
1147,2013-08-22,105.03
1148,2013-08-23,106.42
1149,2013-08-26,105.92
1150,2013-08-27,109.01
1151,2013-08-28,110.1
1152,2013-08-29,108.8
1153,2013-08-30,107.65
1154,2013-09-03,108.54
1155,2013-09-04,107.23
1156,2013-09-05,108.37
1157,2013-09-06,110.53
1158,2013-09-09,109.52
1159,2013-09-10,107.39
1160,2013-09-11,105.09
1161,2013-09-12,106.14
1162,2013-09-13,107.54
1163,2013-09-16,106.19
1164,2013-09-17,104.82
1165,2013-09-18,107.28
1166,2013-09-19,105.86
1167,2013-09-20,104.75
1168,2013-09-23,103.59
1169,2013-09-24,103.13
1170,2013-09-25,102.66
1171,2013-09-26,103.03
1172,2013-09-27,102.87
1173,2013-09-30,102.33
1174,2013-10-01,102.04
1175,2013-10-02,104.1
1176,2013-10-03,103.31
1177,2013-10-04,103.53
1178,2013-10-07,102.83
1179,2013-10-08,103.31
1180,2013-10-09,101.43
1181,2013-10-10,102.89
1182,2013-10-11,102.06
1183,2013-10-14,102.48
1184,2013-10-15,101.41
1185,2013-10-16,102.49
1186,2013-10-17,100.87
1187,2013-10-18,101.11
1188,2013-10-21,99.68
1189,2013-10-22,98.3
1190,2013-10-23,96.86
1191,2013-10-24,97.11
1192,2013-10-25,97.85
1193,2013-10-28,98.68
1194,2013-10-29,98.2
1195,2013-10-30,96.77
1196,2013-10-31,96.38
1197,2013-11-01,94.61
1198,2013-11-04,94.62
1199,2013-11-05,93.37
1200,2013-11-06,94.8
1201,2013-11-07,94.2
1202,2013-11-08,94.6
1203,2013-11-11,95.14
1204,2013-11-12,93.52
1205,2013-11-13,94.49
1206,2013-11-14,94.41
1207,2013-11-15,94.49
1208,2013-11-18,93.68
1209,2013-11-19,93.89
1210,2013-11-20,93.85
1211,2013-11-21,95.44
1212,2013-11-22,94.84
1213,2013-11-25,94.09
1214,2013-11-26,93.68
1215,2013-11-27,92.3
1216,2013-11-29,92.72
1217,2013-12-02,93.82
1218,2013-12-03,96.04
1219,2013-12-04,97.2
1220,2013-12-05,97.38
1221,2013-12-06,97.65
1222,2013-12-09,97.34
1223,2013-12-10,98.51
1224,2013-12-11,97.72
1225,2013-12-12,97.82
1226,2013-12-13,96.93
1227,2013-12-16,97.77
1228,2013-12-17,97.47
1229,2013-12-18,98.06
1230,2013-12-19,99.04
1231,2013-12-20,99.32
1232,2013-12-23,98.91
1233,2013-12-24,99.22
1234,2013-12-26,99.55
1235,2013-12-27,100.32
1236,2013-12-30,99.29
1237,2013-12-31,98.42
1238,2014-01-02,95.44
1239,2014-01-03,93.96
1240,2014-01-06,93.43
1241,2014-01-07,93.67
1242,2014-01-08,92.33
1243,2014-01-09,91.89
1244,2014-01-10,92.95
1245,2014-01-13,92.01
1246,2014-01-14,92.78
1247,2014-01-15,94.35
1248,2014-01-16,94.1
1249,2014-01-17,94.59
1250,2014-01-21,94.97
1251,2014-01-22,96.73
1252,2014-01-23,97.32
1253,2014-01-24,96.64
1254,2014-01-27,95.72
1255,2014-01-28,97.41
1256,2014-01-29,97.36
1257,2014-01-30,98.23
1258,2014-01-31,97.49
1259,2014-02-03,96.43
1260,2014-02-04,97.19
1261,2014-02-05,97.38
1262,2014-02-06,97.84
1263,2014-02-07,99.88
1264,2014-02-10,100.06
1265,2014-02-11,99.94
1266,2014-02-12,99.92
1267,2014-02-13,100.05
1268,2014-02-14,100.13
1269,2014-02-18,102.1
1270,2014-02-19,102.84
1271,2014-02-20,102.75
1272,2014-02-21,102.2
1273,2014-02-24,102.82
1274,2014-02-25,101.83
1275,2014-02-26,102.59
1276,2014-02-27,102.4
1277,2014-02-28,102.59
1278,2014-03-03,104.92
1279,2014-03-04,103.33
1280,2014-03-05,101.45
1281,2014-03-06,101.56
1282,2014-03-07,102.58
1283,2014-03-10,101.12
1284,2014-03-11,100.03
1285,2014-03-12,97.68
1286,2014-03-13,97.94
1287,2014-03-14,98.56
1288,2014-03-17,97.62
1289,2014-03-18,98.88
1290,2014-03-19,99.17
1291,2014-03-20,98.9
1292,2014-03-21,99.46
1293,2014-03-24,99.6
1294,2014-03-25,99.19
1295,2014-03-26,100.26
1296,2014-03-27,101.28
1297,2014-03-28,101.67
1298,2014-03-31,101.58
1299,2014-04-01,99.74
1300,2014-04-02,99.62
1301,2014-04-03,100.29
1302,2014-04-04,101.14
1303,2014-04-07,100.44
1304,2014-04-08,102.56
1305,2014-04-09,102.65
1306,2014-04-10,102.38
1307,2014-04-11,102.62
1308,2014-04-14,103.21
1309,2014-04-15,103.0
1310,2014-04-16,103.03
1311,2014-04-17,103.37
1312,2014-04-21,103.65
1313,2014-04-22,101.75
1314,2014-04-23,101.44
1315,2014-04-24,101.94
1316,2014-04-25,100.6
1317,2014-04-28,100.84
1318,2014-04-29,101.28
1319,2014-04-30,99.74
1320,2014-05-01,99.42
1321,2014-05-02,99.76
1322,2014-05-05,99.48
1323,2014-05-06,99.5
1324,2014-05-07,100.77
1325,2014-05-08,100.26
1326,2014-05-09,99.99
1327,2014-05-12,99.94
1328,2014-05-13,101.05
1329,2014-05-14,101.74
1330,2014-05-15,101.13
1331,2014-05-16,101.58
1332,2014-05-19,102.11
1333,2014-05-20,102.33
1334,2014-05-21,104.07
1335,2014-05-22,103.74
1336,2014-05-23,104.35
1337,2014-05-27,104.11
1338,2014-05-28,102.72
1339,2014-05-29,103.58
1340,2014-05-30,102.71
1341,2014-06-02,102.47
1342,2014-06-03,102.66
1343,2014-06-04,102.64
1344,2014-06-05,102.48
1345,2014-06-06,102.66
1346,2014-06-09,104.41
1347,2014-06-10,104.35
1348,2014-06-11,103.62
1349,2014-06-12,105.78
1350,2014-06-13,106.17
1351,2014-06-16,106.3
1352,2014-06-17,105.87
1353,2014-06-18,105.59
1354,2014-06-19,106.05
1355,2014-06-20,106.83
1356,2014-06-23,106.17
1357,2014-06-24,106.03
1358,2014-06-25,106.5
1359,2014-06-26,105.84
1360,2014-06-27,105.74
1361,2014-06-30,105.37
1362,2014-07-01,105.34
1363,2014-07-02,104.48
1364,2014-07-03,104.06
1365,2014-07-07,103.53
1366,2014-07-08,103.4
1367,2014-07-09,101.75
1368,2014-07-10,102.4
1369,2014-07-11,100.3
1370,2014-07-14,100.48
1371,2014-07-15,99.53
1372,2014-07-16,100.6
1373,2014-07-17,102.2
1374,2014-07-18,101.95
1375,2014-07-21,102.86
1376,2014-07-22,102.39
1377,2014-07-23,103.12
1378,2014-07-24,102.07
1379,2014-07-25,102.09
1380,2014-07-28,101.67
1381,2014-07-29,100.97
1382,2014-07-30,100.27
1383,2014-07-31,98.17
1384,2014-08-01,97.88
1385,2014-08-04,98.29
1386,2014-08-05,97.38
1387,2014-08-06,96.92
1388,2014-08-07,97.34
1389,2014-08-08,97.65
1390,2014-08-11,97.21
1391,2014-08-12,96.48
1392,2014-08-13,96.74
1393,2014-08-14,94.08
1394,2014-08-15,95.32
1395,2014-08-18,93.75
1396,2014-08-19,92.86
1397,2014-08-20,93.45
1398,2014-08-21,93.96
1399,2014-08-22,93.65
1400,2014-08-25,93.35
1401,2014-08-26,93.86
1402,2014-08-27,93.88
1403,2014-08-28,94.55
1404,2014-08-29,95.96
1405,2014-09-02,92.88
1406,2014-09-03,95.54
1407,2014-09-04,94.45
1408,2014-09-05,93.29
1409,2014-09-08,92.66
1410,2014-09-09,91.45
1411,2014-09-10,90.42
1412,2014-09-11,91.36
1413,2014-09-12,91.37
1414,2014-09-15,91.99
1415,2014-09-16,93.81
1416,2014-09-17,93.2
1417,2014-09-18,91.98
1418,2014-09-19,91.65
1419,2014-09-22,90.87
1420,2014-09-23,91.56
1421,2014-09-24,92.8
1422,2014-09-25,92.53
1423,2014-09-26,93.54
1424,2014-09-29,94.57
1425,2014-09-30,91.16
1426,2014-10-01,90.73
1427,2014-10-02,91.01
1428,2014-10-03,89.74
1429,2014-10-06,89.34
1430,2014-10-07,87.98
1431,2014-10-08,86.59
1432,2014-10-09,85.05
1433,2014-10-10,85.11
1434,2014-10-13,84.98
1435,2014-10-14,81.2
1436,2014-10-15,80.94
1437,2014-10-16,81.95
1438,2014-10-17,82.06
1439,2014-10-20,81.91
1440,2014-10-21,82.49
1441,2014-10-22,80.52
1442,2014-10-23,82.09
1443,2014-10-24,81.01
1444,2014-10-27,81.0
1445,2014-10-28,81.42
1446,2014-10-29,82.2
1447,2014-10-30,81.12
1448,2014-10-31,80.54
1449,2014-11-03,78.78
1450,2014-11-04,77.19
1451,2014-11-05,78.68
1452,2014-11-06,77.91
1453,2014-11-07,78.65
1454,2014-11-10,77.4
1455,2014-11-11,77.94
1456,2014-11-12,77.15
1457,2014-11-13,74.16
1458,2014-11-14,75.82
1459,2014-11-17,75.66
1460,2014-11-18,74.64
1461,2014-11-19,74.5
1462,2014-11-20,75.85
1463,2014-11-21,76.51
1464,2014-11-24,75.78
1465,2014-11-25,74.09
1466,2014-11-26,73.69
1467,2014-11-28,66.15
1468,2014-12-01,69.0
1469,2014-12-02,66.88
1470,2014-12-03,67.38
1471,2014-12-04,66.81
1472,2014-12-05,65.84
1473,2014-12-08,63.05
1474,2014-12-09,63.82
1475,2014-12-10,60.94
1476,2014-12-11,60.19
1477,2014-12-12,58.08
1478,2014-12-15,56.26
1479,2014-12-16,56.26
1480,2014-12-17,56.79
1481,2014-12-18,54.36
1482,2014-12-19,57.13
1483,2014-12-22,55.26
1484,2014-12-23,57.12
1485,2014-12-24,55.84
1486,2014-12-26,54.73
1487,2014-12-29,53.61
1488,2014-12-30,54.12
1489,2014-12-31,53.27
1490,2015-01-02,52.69
1491,2015-01-05,50.04
1492,2015-01-06,47.93
1493,2015-01-07,48.65
1494,2015-01-08,49.28
1495,2015-01-09,48.99
1496,2015-01-12,46.76
1497,2015-01-13,46.51
1498,2015-01-14,48.96
1499,2015-01-15,46.73
1500,2015-01-16,49.13
1501,2015-01-20,46.47
1502,2015-01-21,47.78
1503,2015-01-22,46.31
1504,2015-01-23,45.59
1505,2015-01-26,45.15
1506,2015-01-27,46.23
1507,2015-01-28,44.45
1508,2015-01-29,44.53
1509,2015-01-30,48.24
1510,2015-02-02,49.57
1511,2015-02-03,53.05
1512,2015-02-04,48.45
1513,2015-02-05,50.48
1514,2015-02-06,51.69
1515,2015-02-09,52.86
1516,2015-02-10,50.02
1517,2015-02-11,49.78
1518,2015-02-12,52.16
1519,2015-02-13,53.67
1520,2015-02-17,54.29
1521,2015-02-18,52.82
1522,2015-02-19,51.83
1523,2015-02-20,50.81
1524,2015-02-23,49.45
1525,2015-02-24,49.28
1526,2015-02-25,50.99
1527,2015-02-26,48.17
1528,2015-02-27,49.76
1529,2015-03-02,49.59
1530,2015-03-03,50.52
1531,2015-03-04,51.53
1532,2015-03-05,50.76
1533,2015-03-06,49.61
1534,2015-03-09,50.0
1535,2015-03-10,50.07
1536,2015-03-11,50.02
1537,2015-03-12,49.13
1538,2015-03-13,47.06
1539,2015-03-16,46.13
1540,2015-03-17,45.19
1541,2015-03-18,46.65
1542,2015-03-19,45.53
1543,2015-03-20,46.57
1544,2015-03-23,47.45
1545,2015-03-24,47.51
1546,2015-03-25,49.21
1547,2015-03-26,51.43
1548,2015-03-27,48.87
1549,2015-03-30,48.68
1550,2015-03-31,47.6
1551,2015-04-01,50.09
1552,2015-04-02,49.14
1553,2015-04-06,52.14
1554,2015-04-07,53.98
1555,2015-04-08,50.42
1556,2015-04-09,50.79
1557,2015-04-10,53.51
1558,2015-04-13,53.74
1559,2015-04-14,54.87
1560,2015-04-15,57.69
1561,2015-04-16,58.11
1562,2015-04-17,57.32
1563,2015-04-20,57.88
1564,2015-04-21,56.61
1565,2015-04-22,56.16
1566,2015-04-23,57.74
1567,2015-04-24,57.15
1568,2015-04-27,56.99
1569,2015-04-28,57.06
1570,2015-04-29,58.58
1571,2015-04-30,59.63
1572,2015-05-01,59.15
1573,2015-05-04,58.93
1574,2015-05-05,60.4
1575,2015-05-06,60.93
1576,2015-05-07,58.94
1577,2015-05-08,59.39
1578,2015-05-11,60.29
1579,2015-05-12,61.74
1580,2015-05-13,61.49
1581,2015-05-14,60.84
1582,2015-05-15,60.54
1583,2015-05-18,60.24
1584,2015-05-19,57.99
1585,2015-05-20,58.98
1586,2015-05-21,60.72
1587,2015-05-22,59.72
1588,2015-05-26,58.03
1589,2015-05-27,57.51
1590,2015-05-28,57.68
1591,2015-05-29,60.3
1592,2015-06-01,60.2
1593,2015-06-02,61.26
1594,2015-06-03,59.64
1595,2015-06-04,58.0
1596,2015-06-05,59.13
1597,2015-06-08,58.14
1598,2015-06-09,60.14
1599,2015-06-10,61.43
1600,2015-06-11,61.22
1601,2015-06-12,60.4
1602,2015-06-15,60.0
1603,2015-06-16,60.45
1604,2015-06-17,60.33
1605,2015-06-18,60.82
1606,2015-06-19,59.97
1607,2015-06-22,60.38
1608,2015-06-23,61.01
1609,2015-06-24,60.27
1610,2015-06-25,59.7
1611,2015-06-26,59.63
1612,2015-06-29,58.33
1613,2015-06-30,59.47
1614,2015-07-01,56.96
1615,2015-07-02,56.93
1616,2015-07-06,52.53
1617,2015-07-07,52.33
1618,2015-07-08,51.65
1619,2015-07-09,53.23
1620,2015-07-10,53.22
1621,2015-07-13,52.71
1622,2015-07-14,53.48
1623,2015-07-15,51.79
1624,2015-07-16,51.24
1625,2015-07-17,51.21
1626,2015-07-20,50.44
1627,2015-07-21,50.86
1628,2015-07-22,49.19
1629,2015-07-23,48.45
1630,2015-07-24,48.14
1631,2015-07-27,47.39
1632,2015-07-28,47.98
1633,2015-07-29,48.79
1634,2015-07-30,48.52
1635,2015-07-31,47.12
1636,2015-08-03,45.17
1637,2015-08-04,45.74
1638,2015-08-05,45.15
1639,2015-08-06,44.66
1640,2015-08-07,43.87
1641,2015-08-10,44.96
1642,2015-08-11,43.08
1643,2015-08-12,44.01
1644,2015-08-13,42.98
1645,2015-08-14,43.11
1646,2015-08-17,42.41
1647,2015-08-18,43.12
1648,2015-08-19,41.27
1649,2015-08-20,41.32
1650,2015-08-21,40.45
1651,2015-08-24,38.24
1652,2015-08-25,39.31
1653,2015-08-26,38.6
1654,2015-08-27,42.56
1655,2015-08-28,45.22
1656,2015-08-31,49.2
1657,2015-09-01,45.41
1658,2015-09-02,46.25
1659,2015-09-03,46.75
1660,2015-09-04,46.05
1661,2015-09-08,45.94
1662,2015-09-09,44.15
1663,2015-09-10,46.44
1664,2015-09-11,45.16
1665,2015-09-14,44.43
1666,2015-09-15,45.0
1667,2015-09-16,47.51
1668,2015-09-17,47.2
1669,2015-09-18,45.02
1670,2015-09-21,46.96
1671,2015-09-22,46.36
1672,2015-09-23,44.48
1673,2015-09-24,44.91
1674,2015-09-25,45.7
1675,2015-09-28,44.43
1676,2015-09-29,45.23
1677,2015-09-30,45.09
1678,2015-10-01,44.74
1679,2015-10-02,45.54
1680,2015-10-05,46.26
1681,2015-10-06,48.53
1682,2015-10-07,47.81
1683,2015-10-08,49.43
1684,2015-10-09,50.14
1685,2015-10-12,47.61
1686,2015-10-13,47.15
1687,2015-10-14,47.16
1688,2015-10-15,46.87
1689,2015-10-16,47.72
1690,2015-10-19,46.28
1691,2015-10-20,46.29
1692,2015-10-21,45.2
1693,2015-10-22,45.38
1694,2015-10-23,44.6
1695,2015-10-26,43.98
1696,2015-10-27,43.2
1697,2015-10-28,45.94
1698,2015-10-29,46.06
1699,2015-10-30,46.59
1700,2015-11-02,46.14
1701,2015-11-03,47.9
1702,2015-11-04,46.32
1703,2015-11-05,45.2
1704,2015-11-06,44.29
1705,2015-11-09,43.87
1706,2015-11-10,44.21
1707,2015-11-11,44.2
1708,2015-11-12,43.03
1709,2015-11-13,42.0
1710,2015-11-16,42.79
1711,2015-11-17,41.71
1712,2015-11-18,41.95
1713,2015-11-19,41.72
1714,2015-11-20,41.9
1715,2015-11-23,41.75
1716,2015-11-24,42.87
1717,2015-11-25,43.04
1718,2015-11-27,41.71
1719,2015-11-30,41.65
1720,2015-12-01,41.85
1721,2015-12-02,39.94
1722,2015-12-03,41.08
1723,2015-12-04,39.97
1724,2015-12-07,37.65
1725,2015-12-08,37.51
1726,2015-12-09,37.16
1727,2015-12-10,36.76
1728,2015-12-11,37.25
1729,2015-12-14,37.6
1730,2015-12-15,38.51
1731,2015-12-16,36.75
1732,2015-12-17,36.27
1733,2015-12-18,36.06
1734,2015-12-21,35.81
1735,2015-12-22,36.14
1736,2015-12-23,37.5
1737,2015-12-24,38.1
1738,2015-12-28,36.81
1739,2015-12-29,37.87
1740,2015-12-30,36.6
1741,2015-12-31,37.04
1742,2016-01-04,36.76
1743,2016-01-05,35.97
1744,2016-01-06,33.97
1745,2016-01-07,33.27
1746,2016-01-08,33.16
1747,2016-01-11,32.52
1748,2016-01-12,31.52
1749,2016-01-13,31.39
1750,2016-01-14,32.11
1751,2016-01-15,30.39
1752,2016-01-19,29.57
1753,2016-01-20,28.35
1754,2016-01-21,29.53
1755,2016-01-22,32.19
1756,2016-01-25,30.34
1757,2016-01-26,31.45
1758,2016-01-27,32.3
1759,2016-01-28,33.22
1760,2016-01-29,33.62
1761,2016-02-01,31.62
1762,2016-02-02,29.88
1763,2016-02-03,32.28
1764,2016-02-04,31.72
1765,2016-02-05,30.89
1766,2016-02-08,29.69
1767,2016-02-09,27.94
1768,2016-02-10,27.45
1769,2016-02-11,28.83
1770,2016-02-12,31.91
1771,2016-02-16,30.97
1772,2016-02-17,32.98
1773,2016-02-18,32.93
1774,2016-02-19,31.75
1775,2016-02-22,33.39
1776,2016-02-23,31.87
1777,2016-02-24,32.15
1778,2016-02-25,33.07
1779,2016-02-26,32.78
1780,2016-02-29,33.75
1781,2016-03-01,34.4
1782,2016-03-02,34.66
1783,2016-03-03,34.57
1784,2016-03-04,35.92
1785,2016-03-07,37.9
1786,2016-03-08,36.5
1787,2016-03-09,40.07
1788,2016-03-10,39.4
1789,2016-03-11,40.09
1790,2016-03-14,38.84
1791,2016-03-15,38.08
1792,2016-03-16,40.0
1793,2016-03-17,41.66
1794,2016-03-18,41.14
1795,2016-03-21,41.52
1796,2016-03-22,41.45
1797,2016-03-23,39.79
1798,2016-03-24,39.46
1799,2016-03-28,39.39
1800,2016-03-29,38.28
1801,2016-03-30,38.32
1802,2016-03-31,38.34
1803,2016-04-01,36.79
1804,2016-04-04,35.7
1805,2016-04-05,35.89
1806,2016-04-06,37.75
1807,2016-04-07,37.26
1808,2016-04-08,39.72
1809,2016-04-11,41.75
1810,2016-04-12,43.5
1811,2016-04-13,43.01
1812,2016-04-14,42.67
1813,2016-04-15,41.71
1814,2016-04-18,41.19
1815,2016-04-19,42.47
1816,2016-04-20,44.18
1817,2016-04-21,43.18
1818,2016-04-22,43.73
1819,2016-04-25,42.64
1820,2016-04-26,44.04
1821,2016-04-27,45.33
1822,2016-04-28,46.03
1823,2016-04-29,45.92
1824,2016-05-02,44.78
1825,2016-05-03,43.65
1826,2016-05-04,43.78
1827,2016-05-05,44.32
1828,2016-05-06,44.66
1829,2016-05-09,43.44
1830,2016-05-10,44.66
1831,2016-05-11,47.01
1832,2016-05-12,47.45
1833,2016-05-13,46.9
1834,2016-05-16,48.42
1835,2016-05-17,48.99
1836,2016-05-18,48.78
1837,2016-05-19,48.67
1838,2016-05-20,48.41
1839,2016-05-23,48.08
1840,2016-05-24,48.62
1841,2016-05-25,49.56
1842,2016-05-26,49.48
1843,2016-05-27,49.33
1844,2016-05-31,49.1
1845,2016-06-01,49.01
1846,2016-06-02,49.17
1847,2016-06-03,48.62
1848,2016-06-06,49.69
1849,2016-06-07,50.36
1850,2016-06-08,51.23
1851,2016-06-09,50.56
1852,2016-06-10,49.07
1853,2016-06-13,49.52
1854,2016-06-14,49.06
1855,2016-06-15,48.5
1856,2016-06-16,46.74
1857,2016-06-17,48.56
1858,2016-06-20,49.96
1859,2016-06-21,49.85
1860,2016-06-22,49.13
1861,2016-06-23,50.11
1862,2016-06-24,47.64
1863,2016-06-27,46.33
1864,2016-06-28,47.85
1865,2016-06-29,49.88
1866,2016-06-30,48.33
1867,2016-07-01,48.99
1868,2016-07-05,46.6
1869,2016-07-06,47.43
1870,2016-07-07,45.14
1871,2016-07-08,45.41
1872,2016-07-11,45.52
1873,2016-07-12,47.57
1874,2016-07-13,45.44
1875,2016-07-14,46.42
1876,2016-07-15,46.65
1877,2016-07-18,45.94
1878,2016-07-19,45.45
1879,2016-07-20,45.75
1880,2016-07-21,44.75
1881,2016-07-22,44.19
1882,2016-07-25,43.13
1883,2016-07-26,42.92
1884,2016-07-27,41.92
1885,2016-07-28,41.14
1886,2016-07-29,41.6
1887,2016-08-01,40.06
1888,2016-08-02,39.51
1889,2016-08-03,40.83
1890,2016-08-04,41.93
1891,2016-08-05,41.8
1892,2016-08-08,43.02
1893,2016-08-09,42.77
1894,2016-08-10,41.71
1895,2016-08-11,44.23
1896,2016-08-12,45.18
1897,2016-08-15,46.4
1898,2016-08-16,47.22
1899,2016-08-17,47.52
1900,2016-08-18,48.89
1901,2016-08-19,49.11
1902,2016-08-22,47.41
1903,2016-08-23,48.1
1904,2016-08-24,46.77
1905,2016-08-25,47.33
1906,2016-08-26,47.64
1907,2016-08-29,46.98
1908,2016-08-30,46.35
1909,2016-08-31,44.7
1910,2016-09-01,43.16
1911,2016-09-02,44.44
1912,2016-09-06,44.83
1913,2016-09-07,45.5
1914,2016-09-08,47.62
1915,2016-09-09,45.88
1916,2016-09-12,46.84
1917,2016-09-13,45.48
1918,2016-09-14,44.15
1919,2016-09-15,44.52
1920,2016-09-16,43.62
1921,2016-09-19,43.86
1922,2016-09-20,44.05
1923,2016-09-21,45.34
1924,2016-09-22,46.32
1925,2016-09-23,44.48
1926,2016-09-26,45.93
1927,2016-09-27,44.67
1928,2016-09-28,47.05
1929,2016-09-29,47.83
1930,2016-09-30,48.24
1931,2016-10-03,48.81
1932,2016-10-04,48.69
1933,2016-10-05,49.83
1934,2016-10-06,50.44
1935,2016-10-07,49.81
1936,2016-10-10,51.35
1937,2016-10-11,51.24
1938,2016-10-12,50.64
1939,2016-10-13,50.85
1940,2016-10-14,50.75
1941,2016-10-17,50.37
1942,2016-10-18,50.62
1943,2016-10-19,51.82
1944,2016-10-20,50.63
1945,2016-10-21,50.85
1946,2016-10-24,50.52
1947,2016-10-25,49.96
1948,2016-10-26,49.18
1949,2016-10-27,49.72
1950,2016-10-28,48.7
1951,2016-10-31,46.86
1952,2016-11-01,46.67
1953,2016-11-02,45.34
1954,2016-11-03,44.66
1955,2016-11-04,44.07
1956,2016-11-07,44.89
1957,2016-11-08,44.98
1958,2016-11-09,45.27
1959,2016-11-10,45.36
1960,2016-11-11,44.15
1961,2016-11-14,43.94
1962,2016-11-15,46.39
1963,2016-11-16,46.1
1964,2016-11-17,45.98
1965,2016-11-18,46.36
1966,2016-11-21,48.24
1967,2016-11-22,48.03
1968,2016-11-23,47.96
1969,2016-11-25,46.06
1970,2016-11-28,47.08
1971,2016-11-29,45.23
1972,2016-11-30,49.44
1973,2016-12-01,51.06
1974,2016-12-02,51.68
1975,2016-12-05,51.79
1976,2016-12-06,50.93
1977,2016-12-07,49.77
1978,2016-12-08,50.84
1979,2016-12-09,51.5
1980,2016-12-12,53.75
1981,2016-12-13,53.94
1982,2016-12-14,52.09
1983,2016-12-15,51.97
1984,2016-12-16,52.95
1985,2016-12-19,53.06
1986,2016-12-20,53.3
1987,2016-12-21,52.49
1988,2016-12-22,52.95
1989,2016-12-23,53.02
1990,2016-12-27,53.9
1991,2016-12-28,54.06
1992,2016-12-29,53.77
1993,2016-12-30,53.72
1994,2017-01-03,52.33
1995,2017-01-04,53.26
1996,2017-01-05,53.76
1997,2017-01-06,53.99
1998,2017-01-09,51.96
1999,2017-01-10,51.7
2000,2017-01-11,53.06
2001,2017-01-12,53.84
2002,2017-01-13,53.15
2003,2017-01-17,53.26
2004,2017-01-18,51.89
2005,2017-01-19,52.12
2006,2017-01-20,53.22
2007,2017-01-23,52.75
2008,2017-01-24,53.18
2009,2017-01-25,52.75
2010,2017-01-26,53.78
2011,2017-01-27,53.17
2012,2017-01-30,52.63
2013,2017-01-31,52.81
2014,2017-02-01,53.88
2015,2017-02-02,53.54
2016,2017-02-03,53.83
2017,2017-02-06,53.01
2018,2017-02-07,52.17
2019,2017-02-08,52.34
2020,2017-02-09,53.0
2021,2017-02-10,53.86
2022,2017-02-13,53.43
2023,2017-02-14,53.71
2024,2017-02-15,53.6
2025,2017-02-16,53.75
2026,2017-02-17,53.78
2027,2017-02-21,54.33
2028,2017-02-22,53.59
2029,2017-02-23,54.45
2030,2017-02-24,53.99
2031,2017-02-27,54.05
2032,2017-02-28,54.01
2033,2017-03-01,53.83
2034,2017-03-02,52.61
2035,2017-03-03,53.33
2036,2017-03-06,53.2
2037,2017-03-07,53.14
2038,2017-03-08,50.28
2039,2017-03-09,49.28
2040,2017-03-10,49.03
2041,2017-03-13,48.94
2042,2017-03-14,48.35
2043,2017-03-15,49.38
2044,2017-03-16,49.24
2045,2017-03-17,49.31
2046,2017-03-20,48.91
2047,2017-03-21,48.24
2048,2017-03-22,48.04
2049,2017-03-23,47.7
2050,2017-03-24,47.97
2051,2017-03-27,47.73
2052,2017-03-28,48.37
2053,2017-03-29,49.51
2054,2017-03-30,50.35
2055,2017-03-31,50.6
2056,2017-04-03,50.24
2057,2017-04-04,51.03
2058,2017-04-05,51.15
2059,2017-04-06,51.7
2060,2017-04-07,52.24
2061,2017-04-10,53.08
2062,2017-04-11,53.79
2063,2017-04-12,53.52
2064,2017-04-13,53.6
2065,2017-04-17,53.11
2066,2017-04-18,52.85
2067,2017-04-19,50.85
2068,2017-04-20,50.71
2069,2017-04-21,49.62
2070,2017-04-24,49.23
2071,2017-04-25,49.56
2072,2017-04-26,49.62
2073,2017-04-27,48.97
2074,2017-04-28,49.33
2075,2017-05-01,48.84
2076,2017-05-02,47.66
2077,2017-05-03,47.82
2078,2017-05-04,45.52
2079,2017-05-05,46.22
2080,2017-05-08,46.43
2081,2017-05-09,45.88
2082,2017-05-10,47.33
2083,2017-05-11,48.2
2084,2017-05-12,48.17
2085,2017-05-15,49.16
2086,2017-05-16,49.0
2087,2017-05-17,49.41
2088,2017-05-18,49.66
2089,2017-05-19,50.67
2090,2017-05-22,51.13
2091,2017-05-23,51.47
2092,2017-05-24,51.36
2093,2017-05-25,48.9
2094,2017-05-26,49.8
2095,2017-05-30,49.66
2096,2017-05-31,48.32
2097,2017-06-01,48.36
2098,2017-06-02,47.66
2099,2017-06-05,47.4
2100,2017-06-06,48.19
2101,2017-06-07,45.72
2102,2017-06-08,45.64
2103,2017-06-09,45.83
2104,2017-06-12,46.32
2105,2017-06-13,46.67
2106,2017-06-14,44.93
2107,2017-06-15,44.68
2108,2017-06-16,44.97
2109,2017-06-19,44.43
2110,2017-06-20,43.51
2111,2017-06-21,42.53
2112,2017-06-22,42.74
2113,2017-06-23,43.01
2114,2017-06-26,43.38
2115,2017-06-27,44.24
2116,2017-06-28,44.74
2117,2017-06-29,44.93
2118,2017-06-30,46.04
2119,2017-07-03,47.07
2120,2017-07-05,45.13
2121,2017-07-06,45.52
2122,2017-07-07,44.23
2123,2017-07-10,44.4
2124,2017-07-11,45.23
2125,2017-07-12,45.66
2126,2017-07-13,46.25
2127,2017-07-14,46.75
2128,2017-07-17,46.23
2129,2017-07-18,46.59
2130,2017-07-19,47.32
2131,2017-07-20,46.92
2132,2017-07-21,45.77
2133,2017-07-24,46.34
2134,2017-07-25,47.89
2135,2017-07-26,48.75
2136,2017-07-27,49.04
2137,2017-07-28,49.71
2138,2017-07-31,50.17
2139,2017-08-01,49.16
2140,2017-08-02,49.59
2141,2017-08-03,49.03
2142,2017-08-04,49.58
2143,2017-08-07,49.39
2144,2017-08-08,49.17
2145,2017-08-09,49.56
2146,2017-08-10,48.59
2147,2017-08-11,48.97
2148,2017-08-14,47.73
2149,2017-08-15,47.7
2150,2017-08-16,46.94
2151,2017-08-17,47.24
2152,2017-08-18,48.66
2153,2017-08-21,47.53
2154,2017-08-22,47.83
2155,2017-08-23,48.41
2156,2017-08-24,47.43
2157,2017-08-25,47.87
2158,2017-08-28,46.57
2159,2017-08-29,46.44
2160,2017-08-30,45.96
2161,2017-08-31,47.23
2162,2017-09-01,47.29
2163,2017-09-05,48.66
2164,2017-09-06,49.16
2165,2017-09-07,49.09
2166,2017-09-08,47.48
2167,2017-09-11,48.07
2168,2017-09-12,48.75
2169,2017-09-13,49.75
2170,2017-09-14,50.35
2171,2017-09-15,50.44
2172,2017-09-18,50.35
2173,2017-09-19,49.9
2174,2017-09-20,50.69
2175,2017-09-21,50.55
2176,2017-09-22,50.66
2177,2017-09-25,52.22
2178,2017-09-26,51.88
2179,2017-09-27,52.14
2180,2017-09-28,51.56
2181,2017-09-29,51.67
2182,2017-10-02,50.58
2183,2017-10-03,50.42
2184,2017-10-04,49.98
2185,2017-10-05,50.79
2186,2017-10-06,49.29
2187,2017-10-09,49.58
2188,2017-10-10,50.92
2189,2017-10-11,51.6
2190,2017-10-12,50.93
2191,2017-10-13,51.73
2192,2017-10-16,52.14
2193,2017-10-17,52.11
2194,2017-10-18,52.26
2195,2017-10-19,51.51
2196,2017-10-20,51.84
2197,2017-10-23,51.9
2198,2017-10-24,52.47
2199,2017-10-25,52.18
2200,2017-10-26,52.64
2201,2017-10-27,53.9
2202,2017-10-30,54.15
2203,2017-10-31,54.38
2204,2017-11-01,54.3
2205,2017-11-02,54.54
2206,2017-11-03,55.64
2207,2017-11-06,57.35
2208,2017-11-07,57.2
2209,2017-11-08,56.81
2210,2017-11-09,57.39
2211,2017-11-10,56.98
2212,2017-11-13,56.97
2213,2017-11-14,55.89
2214,2017-11-15,55.52
2215,2017-11-16,55.35
2216,2017-11-17,56.71
2217,2017-11-20,56.42
2218,2017-11-21,56.83
2219,2017-11-22,58.02
2220,2017-11-24,58.95
2221,2017-11-27,58.11
2222,2017-11-28,57.99
2223,2017-11-29,57.3
2224,2017-11-30,57.4
2225,2017-12-01,58.36
2226,2017-12-04,57.47
2227,2017-12-05,57.62
2228,2017-12-06,55.96
2229,2017-12-07,56.69
2230,2017-12-08,57.36
2231,2017-12-11,57.99
2232,2017-12-12,57.16
2233,2017-12-13,56.59
2234,2017-12-14,57.08
2235,2017-12-15,57.33
2236,2017-12-18,57.22
2237,2017-12-19,57.56
2238,2017-12-20,58.09
2239,2017-12-21,58.36
2240,2017-12-22,58.47
2241,2017-12-26,59.97
2242,2017-12-27,59.64
2243,2017-12-28,59.84
2244,2017-12-29,60.42
2245,2018-01-02,60.37
2246,2018-01-03,61.63
2247,2018-01-04,62.01
2248,2018-01-05,61.44
2249,2018-01-08,61.73
2250,2018-01-09,62.87
2251,2018-01-10,63.42
2252,2018-01-11,63.68
2253,2018-01-12,64.23
2254,2018-01-16,63.67
2255,2018-01-17,63.92
2256,2018-01-18,63.89
2257,2018-01-19,63.31
2258,2018-01-22,63.57
2259,2018-01-23,64.47
2260,2018-01-24,65.61
2261,2018-01-25,65.51
2262,2018-01-26,66.14
2263,2018-01-29,65.56
2264,2018-01-30,64.5
2265,2018-01-31,64.73
2266,2018-02-01,65.8
2267,2018-02-02,65.45
2268,2018-02-05,64.15
2269,2018-02-06,63.39
2270,2018-02-07,61.79
2271,2018-02-08,61.15
2272,2018-02-09,58.99
2273,2018-02-12,59.08
2274,2018-02-13,59.03
2275,2018-02-14,60.51
2276,2018-02-15,61.17
2277,2018-02-16,61.55
2278,2018-02-20,61.79
2279,2018-02-21,61.68
2280,2018-02-22,62.77
2281,2018-02-23,63.55
2282,2018-02-26,63.91
2283,2018-02-27,63.01
2284,2018-02-28,61.64
2285,2018-03-01,60.99
2286,2018-03-02,61.25
2287,2018-03-05,62.57
2288,2018-03-06,62.6
2289,2018-03-07,61.15
2290,2018-03-08,60.12
2291,2018-03-09,61.92
2292,2018-03-12,61.33
2293,2018-03-13,60.75
2294,2018-03-14,61.02
2295,2018-03-15,61.25
2296,2018-03-16,62.41
2297,2018-03-19,62.13
2298,2018-03-20,63.54
2299,2018-03-21,65.17
2300,2018-03-22,64.3
2301,2018-03-23,65.88
2302,2018-03-26,65.55
2303,2018-03-27,65.25
2304,2018-03-28,64.38
2305,2018-03-29,64.94
2306,2018-04-02,63.01
2307,2018-04-03,63.51
2308,2018-04-04,63.37
2309,2018-04-05,63.54
2310,2018-04-06,62.06
2311,2018-04-09,63.43
2312,2018-04-10,65.44
2313,2018-04-11,66.74
2314,2018-04-12,66.95
2315,2018-04-13,67.33
2316,2018-04-16,66.2
2317,2018-04-17,66.51
2318,2018-04-18,68.47
2319,2018-04-19,68.33
2320,2018-04-20,68.4
2321,2018-04-23,68.64
2322,2018-04-24,67.7
2323,2018-04-25,68.05
2324,2018-04-26,68.19
2325,2018-04-27,68.1
2326,2018-04-30,68.57
2327,2018-05-01,67.25
2328,2018-05-02,67.93
2329,2018-05-03,68.43
2330,2018-05-04,69.72
2331,2018-05-07,70.73
2332,2018-05-08,69.06
2333,2018-05-09,71.14
2334,2018-05-10,71.31
2335,2018-05-11,70.68
2336,2018-05-14,70.99
2337,2018-05-15,71.37
2338,2018-05-16,71.56
2339,2018-05-17,71.57
2340,2018-05-18,71.37
2341,2018-05-21,72.35
2342,2018-05-22,72.2
2343,2018-05-23,71.84
2344,2018-05-24,70.71
2345,2018-05-25,67.88
2346,2018-05-29,66.73
2347,2018-05-30,68.21
2348,2018-05-31,67.04
2349,2018-06-01,65.81
2350,2018-06-04,64.75
2351,2018-06-05,65.52
2352,2018-06-06,64.73
2353,2018-06-07,65.95
2354,2018-06-08,65.74
2355,2018-06-11,66.1
2356,2018-06-12,66.28
2357,2018-06-13,66.52
2358,2018-06-14,66.69
2359,2018-06-15,64.85
2360,2018-06-18,65.69
2361,2018-06-19,64.9
2362,2018-06-20,65.71
2363,2018-06-21,65.54
2364,2018-06-22,68.58
2365,2018-06-25,68.08
2366,2018-06-26,70.53
2367,2018-06-27,72.76
2368,2018-06-28,73.45
2369,2018-06-29,74.15
2370,2018-07-02,73.94
2371,2018-07-03,74.14
2372,2018-07-05,72.94
2373,2018-07-06,73.8
2374,2018-07-09,73.85
2375,2018-07-10,74.11
2376,2018-07-11,68.86
2377,2018-07-12,69.35
2378,2018-07-13,69.95
2379,2018-07-16,67.07
2380,2018-07-17,67.16
2381,2018-07-18,67.75
2382,2018-07-19,68.24
2383,2018-07-20,68.26
2384,2018-07-23,67.89
2385,2018-07-24,68.52
2386,2018-07-25,69.3
2387,2018-07-26,69.61
2388,2018-07-27,68.69
2389,2018-07-30,70.13
2390,2018-07-31,68.76
2391,2018-08-01,67.66
2392,2018-08-02,68.96
2393,2018-08-03,68.49
2394,2018-08-06,69.01
2395,2018-08-07,69.17
2396,2018-08-08,66.94
2397,2018-08-09,66.14
2398,2018-08-10,66.94
2399,2018-08-13,66.57
2400,2018-08-14,66.33
2401,2018-08-15,64.46
2402,2018-08-16,64.88
2403,2018-08-17,65.21
2404,2018-08-20,65.42
2405,2018-08-21,65.84
2406,2018-08-22,67.86
2407,2018-08-23,67.83
2408,2018-08-24,68.72
2409,2018-08-27,68.87
2410,2018-08-28,68.53
2411,2018-08-29,69.51
2412,2018-08-30,70.25
2413,2018-08-31,69.8
2414,2018-09-04,69.87
2415,2018-09-05,68.72
2416,2018-09-06,67.77
2417,2018-09-07,67.75
2418,2018-09-10,67.54
2419,2018-09-11,69.25
2420,2018-09-12,70.16
2421,2018-09-13,68.41
2422,2018-09-14,68.77
2423,2018-09-17,68.68
2424,2018-09-18,69.59
2425,2018-09-19,70.77
2426,2018-09-20,70.32
2427,2018-09-21,70.78
2428,2018-09-24,72.08
2429,2018-09-25,72.28
2430,2018-09-26,71.57
2431,2018-09-27,72.12
2432,2018-09-28,73.25
2433,2018-10-01,75.3
2434,2018-10-02,75.23
2435,2018-10-03,76.41
2436,2018-10-04,74.33
2437,2018-10-05,74.34
2438,2018-10-08,74.29
2439,2018-10-09,74.81
2440,2018-10-10,73.03
2441,2018-10-11,70.81
2442,2018-10-12,71.18
2443,2018-10-15,71.61
2444,2018-10-16,71.76
2445,2018-10-17,69.7
2446,2018-10-18,68.71
2447,2018-10-19,69.28
2448,2018-10-22,69.36
2449,2018-10-23,66.43
2450,2018-10-24,66.82
2451,2018-10-25,67.33
2452,2018-10-26,67.59
2453,2018-10-29,67.04
2454,2018-10-30,66.18
2455,2018-10-31,65.31
2456,2018-11-01,63.69
2457,2018-11-02,63.14
2458,2018-11-05,63.1
2459,2018-11-06,62.21
2460,2018-11-07,61.67
2461,2018-11-08,60.67
2462,2018-11-09,60.19
2463,2018-11-12,60.08
2464,2018-11-13,55.84
2465,2018-11-14,56.44
2466,2018-11-15,56.68
2467,2018-11-16,56.68
2468,2018-11-19,57.2
2469,2018-11-20,53.43
2470,2018-11-21,54.63
2471,2018-11-23,50.42
2472,2018-11-26,51.63
2473,2018-11-27,51.56
2474,2018-11-28,50.29
2475,2018-11-29,51.45
2476,2018-11-30,50.93
2477,2018-12-03,52.95
2478,2018-12-04,53.25
2479,2018-12-05,52.89
2480,2018-12-06,51.49
2481,2018-12-07,52.61
2482,2018-12-10,51.0
2483,2018-12-11,51.65
2484,2018-12-12,51.36
2485,2018-12-13,52.83
2486,2018-12-14,51.47
2487,2018-12-17,50.2
2488,2018-12-18,46.6
2489,2018-12-19,48.17
2490,2018-12-20,45.88
2491,2018-12-21,45.59
2492,2018-12-24,42.53
2493,2018-12-26,46.22
2494,2018-12-27,44.61
2495,2018-12-28,45.33
2496,2018-12-31,45.41
2497,2019-01-02,46.54
2498,2019-01-03,47.09
2499,2019-01-04,47.96
2500,2019-01-07,48.52
2501,2019-01-08,49.78
2502,2019-01-09,52.69
2503,2019-01-10,52.91
2504,2019-01-11,51.91
2505,2019-01-14,50.8
2506,2019-01-15,52.39
2507,2019-01-16,52.61
2508,2019-01-17,52.36
2509,2019-01-18,54.04
2510,2019-01-22,53.01
2511,2019-01-23,52.62
2512,2019-01-24,53.13
2513,2019-01-25,53.69
2514,2019-01-28,51.99
2515,2019-01-29,53.31
2516,2019-01-30,54.23
2517,2019-01-31,53.79
2518,2019-02-01,55.26
2519,2019-02-04,54.56
2520,2019-02-05,53.66
2521,2019-02-06,54.01
2522,2019-02-07,52.64
2523,2019-02-08,52.72
2524,2019-02-11,52.41
2525,2019-02-12,53.47
2526,2019-02-13,54.31
2527,2019-02-14,54.79
2528,2019-02-15,55.98
2529,2019-02-19,56.45
2530,2019-02-20,57.16
2531,2019-02-21,56.96
2532,2019-02-22,57.26
2533,2019-02-25,55.48
2534,2019-02-26,55.5
2535,2019-02-27,56.94
2536,2019-02-28,57.22
2537,2019-03-01,55.8
2538,2019-03-04,56.59
2539,2019-03-05,56.56
2540,2019-03-06,56.22
2541,2019-03-07,56.66
2542,2019-03-08,56.07
2543,2019-03-11,57.12
2544,2019-03-12,57.2
2545,2019-03-13,58.59
2546,2019-03-14,58.91
2547,2019-03-15,58.82
2548,2019-03-18,59.38
2549,2019-03-19,59.29
2550,2019-03-20,60.23
2551,2019-03-21,59.98
2552,2019-03-22,59.04
2553,2019-03-25,58.82
2554,2019-03-26,59.94
2555,2019-03-27,59.41
2556,2019-03-28,59.3
2557,2019-03-29,60.14
2558,2019-04-01,61.59
2559,2019-04-02,62.58
2560,2019-04-03,62.46
2561,2019-04-04,62.1
2562,2019-04-05,63.08
2563,2019-04-08,64.4
2564,2019-04-09,63.98
2565,2019-04-10,64.65
2566,2019-04-11,63.67
2567,2019-04-12,64.02
2568,2019-04-15,63.56
2569,2019-04-16,64.19
2570,2019-04-17,63.87
2571,2019-04-18,64.07
2572,2019-04-22,65.55
2573,2019-04-23,66.3
2574,2019-04-24,65.89
2575,2019-04-25,65.21
2576,2019-04-26,63.3
2577,2019-04-29,63.5
2578,2019-04-30,63.91
2579,2019-05-01,63.6
2580,2019-05-02,61.81
2581,2019-05-03,61.94
2582,2019-05-06,62.25
2583,2019-05-07,61.4
2584,2019-05-08,62.12
2585,2019-05-09,61.7
2586,2019-05-10,61.8
2587,2019-05-13,61.21
2588,2019-05-14,61.96
2589,2019-05-15,62.24
2590,2019-05-16,63.06
2591,2019-05-17,62.92
2592,2019-05-20,63.21
2593,2019-05-21,63.13
2594,2019-05-22,61.42
2595,2019-05-23,57.91
2596,2019-05-24,58.63
2597,2019-05-28,59.14
2598,2019-05-29,58.81
2599,2019-05-30,56.59
2600,2019-05-31,53.5
2601,2019-06-03,53.25
2602,2019-06-04,53.48
2603,2019-06-05,51.68
2604,2019-06-06,52.59
2605,2019-06-07,53.99
2606,2019-06-10,53.26
2607,2019-06-11,53.27
2608,2019-06-12,51.37
2609,2019-06-13,52.54
2610,2019-06-14,52.77
2611,2019-06-17,52.17
2612,2019-06-18,54.11
2613,2019-06-19,53.97
2614,2019-06-20,57.07
2615,2019-06-21,57.43
2616,2019-06-24,57.9
2617,2019-06-25,57.83
2618,2019-06-26,59.38
2619,2019-06-27,59.43
2620,2019-06-28,58.47
2621,2019-07-01,59.09
2622,2019-07-02,56.25
2623,2019-07-03,57.34
2624,2019-07-05,57.51
2625,2019-07-08,57.66
2626,2019-07-09,57.83
2627,2019-07-10,60.52
2628,2019-07-11,60.28
2629,2019-07-12,60.3
2630,2019-07-15,59.68
2631,2019-07-16,57.74
2632,2019-07-17,56.92
2633,2019-07-18,55.42
2634,2019-07-19,55.76
2635,2019-07-22,56.22
2636,2019-07-23,56.77
2637,2019-07-24,55.88
2638,2019-07-25,56.02
2639,2019-07-26,56.2
2640,2019-07-29,56.87
2641,2019-07-30,58.05
2642,2019-07-31,58.58
2643,2019-08-01,53.95
2644,2019-08-02,55.66
2645,2019-08-05,54.69
2646,2019-08-06,53.63
2647,2019-08-07,51.09
2648,2019-08-08,52.54
2649,2019-08-09,54.5
2650,2019-08-12,54.93
2651,2019-08-13,57.1
2652,2019-08-14,55.25
2653,2019-08-15,54.42
2654,2019-08-16,54.81
2655,2019-08-19,56.14
2656,2019-08-20,56.13
2657,2019-08-21,55.68
2658,2019-08-22,55.35
2659,2019-08-23,54.17
2660,2019-08-26,53.64
2661,2019-08-27,54.93
2662,2019-08-28,55.78
2663,2019-08-29,56.71
2664,2019-08-30,55.1
2665,2019-09-03,53.94
2666,2019-09-04,56.26
2667,2019-09-05,56.3
2668,2019-09-06,56.52
2669,2019-09-09,57.85
2670,2019-09-10,57.4
2671,2019-09-11,55.44
2672,2019-09-12,55.05
2673,2019-09-13,54.8
2674,2019-09-16,62.67
2675,2019-09-17,59.1
2676,2019-09-18,58.04
2677,2019-09-19,58.19
2678,2019-09-20,58.09
2679,2019-09-23,58.64
2680,2019-09-24,57.29
2681,2019-09-25,56.49
2682,2019-09-26,56.41
2683,2019-09-27,55.91
2684,2019-09-30,54.07
2685,2019-10-01,53.62
2686,2019-10-02,52.64
2687,2019-10-03,52.45
2688,2019-10-04,52.81
2689,2019-10-07,52.75
2690,2019-10-08,52.63
2691,2019-10-09,52.59
2692,2019-10-10,53.56
2693,2019-10-11,54.78
2694,2019-10-14,53.65
2695,2019-10-15,52.88
2696,2019-10-16,53.45
2697,2019-10-17,54.03
2698,2019-10-18,53.87
2699,2019-10-21,53.51
2700,2019-10-22,54.48
2701,2019-10-23,55.97
2702,2019-10-24,56.23
2703,2019-10-25,56.66
2704,2019-10-28,55.81
2705,2019-10-29,55.54
2706,2019-10-30,55.06
2707,2019-10-31,54.18
2708,2019-11-01,56.2
2709,2019-11-04,56.54
2710,2019-11-05,57.23
2711,2019-11-06,56.35
2712,2019-11-07,57.15
2713,2019-11-08,57.24
2714,2019-11-11,56.86
2715,2019-11-12,56.85
2716,2019-11-13,57.2
2717,2019-11-14,56.88
2718,2019-11-15,57.83
2719,2019-11-18,57.14
2720,2019-11-19,55.35
2721,2019-11-20,57.01
2722,2019-11-21,58.58
2723,2019-11-22,57.77
2724,2019-11-25,58.01
2725,2019-11-26,58.41
2726,2019-11-27,58.11
2727,2019-11-29,55.17
2728,2019-12-02,55.96
2729,2019-12-03,56.1
2730,2019-12-04,58.43
2731,2019-12-05,58.43
2732,2019-12-06,59.2
2733,2019-12-09,59.02
2734,2019-12-10,59.14
2735,2019-12-11,58.65
2736,2019-12-12,59.06
2737,2019-12-13,59.98
2738,2019-12-16,60.14
2739,2019-12-17,60.87
2740,2019-12-18,60.85
2741,2019-12-19,61.18
2742,2019-12-20,60.44
2743,2019-12-23,60.52
2744,2019-12-24,61.11
2745,2019-12-26,61.68
2746,2019-12-27,61.72
2747,2019-12-30,61.68
2748,2019-12-31,61.06
2749,2020-01-02,61.18
2750,2020-01-03,63.05
2751,2020-01-06,63.27
2752,2020-01-07,62.7
2753,2020-01-08,59.61
2754,2020-01-09,59.56
2755,2020-01-10,58.99
2756,2020-01-13,58.08
2757,2020-01-14,58.26
2758,2020-01-15,57.84
2759,2020-01-16,58.53
2760,2020-01-17,58.58
2761,2020-01-21,58.38
2762,2020-01-22,56.74
2763,2020-01-23,55.59
2764,2020-01-24,54.19
2765,2020-01-27,53.14
2766,2020-01-28,53.48
2767,2020-01-29,53.33
2768,2020-01-30,52.14
2769,2020-01-31,51.56
2770,2020-02-03,50.11
2771,2020-02-04,49.61
2772,2020-02-05,50.75
2773,2020-02-06,50.95
2774,2020-02-07,50.32
2775,2020-02-10,49.57
2776,2020-02-11,49.94
2777,2020-02-12,51.41
2778,2020-02-13,51.66
2779,2020-02-14,52.32
2780,2020-02-18,52.29
2781,2020-02-19,53.49
2782,2020-02-20,53.88
2783,2020-02-21,53.38
2784,2020-02-24,51.43
2785,2020-02-25,49.9
2786,2020-02-26,48.73
2787,2020-02-27,47.09
2788,2020-02-28,44.76
2789,2020-03-02,46.75
2790,2020-03-03,47.18
2791,2020-03-04,46.78
2792,2020-03-05,45.9
2793,2020-03-06,41.28
2794,2020-03-09,31.13
2795,2020-03-10,34.36
2796,2020-03-11,33.39
2797,2020-03-12,31.98
2798,2020-03-13,32.11
2799,2020-03-16,29.0
2800,2020-03-17,27.33
2801,2020-03-18,20.83
2802,2020-03-19,25.91
2803,2020-03-20,22.63
2804,2020-03-23,23.36
2805,2020-03-24,24.01
2806,2020-03-25,24.49
2807,2020-03-26,22.6
2808,2020-03-27,21.51
2809,2020-03-30,20.09
2810,2020-03-31,20.48
2811,2020-04-01,20.31
2812,2020-04-02,25.32
2813,2020-04-03,28.34
2814,2020-04-06,26.08
2815,2020-04-07,23.63
2816,2020-04-08,25.09
2817,2020-04-09,22.76
2818,2020-04-13,29.26
2819,2020-04-14,27.4
2820,2020-04-15,26.04
2821,2020-04-16,25.53
2822,2020-04-17,25.03
2823,2020-04-20,-37.63
2824,2020-04-21,11.57
2825,2020-04-22,13.78
2826,2020-04-23,16.5
2827,2020-04-24,21.22
2828,2020-04-27,18.08
2829,2020-04-28,17.6
2830,2020-04-29,19.12
2831,2020-04-30,21.85
2832,2020-05-01,22.29
2833,2020-05-04,22.78
2834,2020-05-05,26.49
2835,2020-05-06,25.62
2836,2020-05-07,24.83
2837,2020-05-08,26.17
2838,2020-05-11,25.08
2839,2020-05-12,26.33
2840,2020-05-13,25.68
2841,2020-05-14,27.88
2842,2020-05-15,29.52
2843,2020-05-18,31.65
2844,2020-05-19,33.01
2845,2020-05-20,34.38
2846,2020-05-21,34.81
2847,2020-05-22,34.14
2848,2020-05-26,35.24
2849,2020-05-27,33.69
2850,2020-05-28,34.49
2851,2020-05-29,36.2
2852,2020-06-01,36.17
2853,2020-06-02,37.35
2854,2020-06-03,37.87
2855,2020-06-04,38.0
2856,2020-06-05,40.03
2857,2020-06-08,38.65
2858,2020-06-09,39.38
2859,2020-06-10,39.97
2860,2020-06-11,36.81
2861,2020-06-12,36.78
2862,2020-06-15,37.71
2863,2020-06-16,38.87
2864,2020-06-17,38.4
2865,2020-06-18,39.23
2866,2020-06-19,39.93
2867,2020-06-22,40.85
2868,2020-06-23,40.37
2869,2020-06-24,38.01
2870,2020-06-25,38.91
2871,2020-06-26,38.65
2872,2020-06-29,39.81
2873,2020-06-30,39.34
2874,2020-07-01,39.92
2875,2020-07-02,40.76
2876,2020-07-06,40.73
2877,2020-07-07,40.7
2878,2020-07-08,41.04
2879,2020-07-09,39.83
2880,2020-07-10,40.76
2881,2020-07-13,40.32
2882,2020-07-14,40.55
2883,2020-07-15,41.4
2884,2020-07-16,40.93
2885,2020-07-17,40.75
2886,2020-07-20,40.92
2887,2020-07-21,41.92
2888,2020-07-22,41.9
2889,2020-07-23,41.07
2890,2020-07-24,41.29
2891,2020-07-27,41.6
2892,2020-07-28,41.04
2893,2020-07-29,41.27
2894,2020-07-30,39.92
2895,2020-07-31,40.27
2896,2020-08-03,41.01
2897,2020-08-04,41.7
2898,2020-08-05,42.19
2899,2020-08-06,41.95
2900,2020-08-07,41.22
2901,2020-08-10,41.94
2902,2020-08-11,41.61
2903,2020-08-12,42.95
2904,2020-08-13,42.52
2905,2020-08-14,42.31
2906,2020-08-17,43.17
2907,2020-08-18,43.12
2908,2020-08-19,43.11
2909,2020-08-20,42.82
2910,2020-08-21,42.34
2911,2020-08-24,42.62
2912,2020-08-25,43.35
2913,2020-08-26,43.39
2914,2020-08-27,43.04
2915,2020-08-28,42.97
2916,2020-08-31,42.61
2917,2020-09-01,42.76
2918,2020-09-02,41.51
2919,2020-09-03,41.37
2920,2020-09-04,39.77
2921,2020-09-08,36.76
2922,2020-09-09,38.87
2923,2020-09-10,38.11
2924,2020-09-11,37.65
2925,2020-09-14,37.56
2926,2020-09-15,38.55
2927,2020-09-16,40.41
2928,2020-09-17,41.22
2929,2020-09-18,41.32
2930,2020-09-21,39.54
2931,2020-09-22,39.8
2932,2020-09-23,39.93
2933,2020-09-24,40.31
2934,2020-09-25,40.25
2935,2020-09-28,40.6
2936,2020-09-29,39.29
2937,2020-09-30,40.22
2938,2020-10-01,38.72
2939,2020-10-02,37.05
2940,2020-10-05,39.22
2941,2020-10-06,40.67
2942,2020-10-07,40.23
2943,2020-10-08,41.47
2944,2020-10-09,40.91
2945,2020-10-12,39.73
2946,2020-10-13,40.49
2947,2020-10-14,41.34
2948,2020-10-15,41.24
2949,2020-10-16,41.12
2950,2020-10-19,41.06
2951,2020-10-20,41.7
2952,2020-10-21,40.03
2953,2020-10-22,40.64
2954,2020-10-23,39.85
2955,2020-10-26,38.56
2956,2020-10-27,39.57
2957,2020-10-28,37.39
2958,2020-10-29,36.17
2959,2020-10-30,35.79
2960,2020-11-02,36.81
2961,2020-11-03,37.66
2962,2020-11-04,39.15
2963,2020-11-05,38.79
2964,2020-11-06,37.14
2965,2020-11-09,40.29
2966,2020-11-10,41.67
2967,2020-11-11,41.74
2968,2020-11-12,41.41
2969,2020-11-13,40.4
2970,2020-11-16,41.57
2971,2020-11-17,41.65
2972,2020-11-18,42.01
2973,2020-11-19,41.9
2974,2020-11-20,42.42
2975,2020-11-23,43.06
2976,2020-11-24,44.91
2977,2020-11-25,45.71
2978,2020-11-27,45.53
2979,2020-11-30,45.34
2980,2020-12-01,44.55
2981,2020-12-02,45.28
2982,2020-12-03,45.64
2983,2020-12-04,46.26
2984,2020-12-07,45.76
2985,2020-12-08,45.6
2986,2020-12-09,45.52
2987,2020-12-10,46.78
2988,2020-12-11,46.75
2989,2020-12-14,47.15
2990,2020-12-15,47.78
2991,2020-12-16,48.0
2992,2020-12-17,48.54
2993,2020-12-18,49.24
2994,2020-12-21,47.97
2995,2020-12-22,47.02
2996,2020-12-23,48.12
2997,2020-12-24,48.23
2998,2020-12-28,47.62
2999,2020-12-29,48.0
3000,2020-12-30,48.4
3001,2020-12-31,48.52
3002,2021-01-04,47.62
3003,2021-01-05,49.93
3004,2021-01-06,50.63
3005,2021-01-07,50.83
3006,2021-01-08,52.26
3007,2021-01-11,52.27
3008,2021-01-12,53.24
3009,2021-01-13,52.96
3010,2021-01-14,53.62
3011,2021-01-15,52.42
3012,2021-01-19,52.98
3013,2021-01-20,53.31
3014,2021-01-21,53.13
3015,2021-01-22,52.27
3016,2021-01-25,52.77
3017,2021-01-26,52.61
3018,2021-01-27,52.85
3019,2021-01-28,52.34
3020,2021-01-29,52.2
3021,2021-02-01,53.55
3022,2021-02-02,54.76
3023,2021-02-03,55.69
3024,2021-02-04,56.23
3025,2021-02-05,56.85
3026,2021-02-08,57.97
3027,2021-02-09,58.36
3028,2021-02-10,58.57
3029,2021-02-11,58.14
3030,2021-02-12,59.38
3031,2021-02-16,60.08
3032,2021-02-17,61.16
3033,2021-02-18,60.53
3034,2021-02-19,59.26
3035,2021-02-22,61.7
3036,2021-02-23,61.67
3037,2021-02-24,63.22
3038,2021-02-25,63.53
3039,2021-02-26,61.5
3040,2021-03-01,60.64
3041,2021-03-02,59.75
3042,2021-03-03,61.28
3043,2021-03-04,63.83
3044,2021-03-05,66.09
3045,2021-03-08,64.52
3046,2021-03-09,63.69
3047,2021-03-10,64.09
3048,2021-03-11,66.0
3049,2021-03-12,65.64
3050,2021-03-15,65.44
3051,2021-03-16,64.86
3052,2021-03-17,64.63
3053,2021-03-18,60.06
3054,2021-03-19,61.44
3055,2021-03-22,61.56
3056,2021-03-23,57.76
3057,2021-03-24,61.18
3058,2021-03-25,58.56
3059,2021-03-26,60.97
