date,gold price
2009-03-26,947.2
2009-03-27,930.3
2009-03-30,922.7
2009-03-31,929.8
2009-04-01,932.4
2009-04-02,913.6
2009-04-03,902.1
2009-04-06,877.4
2009-04-07,888.1
2009-04-08,890.5
2009-04-09,887.9
2009-04-13,900.6
2009-04-14,896.7
2009-04-15,898.2
2009-04-16,884.3
2009-04-17,872.3
2009-04-20,892.0
2009-04-21,887.3
2009-04-22,897.2
2009-04-23,911.2
2009-04-24,918.6
2009-04-27,912.6
2009-04-28,898.0
2009-04-29,905.0
2009-04-30,894.2
2009-05-01,891.3
2009-05-04,905.4
2009-05-05,907.6
2009-05-06,914.3
2009-05-07,918.9
2009-05-08,918.2
2009-05-11,916.9
2009-05-12,927.5
2009-05-13,929.5
2009-05-14,931.9
2009-05-15,934.6
2009-05-18,924.8
2009-05-19,929.7
2009-05-20,940.3
2009-05-21,954.0
2009-05-22,961.8
2009-05-26,956.4
2009-05-27,958.0
2009-05-28,966.0
2009-05-29,983.1
2009-06-01,982.8
2009-06-02,987.1
2009-06-03,968.2
2009-06-04,985.0
2009-06-05,965.5
2009-06-08,955.4
2009-06-09,957.6
2009-06-10,957.6
2009-06-11,964.9
2009-06-12,943.5
2009-06-15,930.1
2009-06-16,934.9
2009-06-17,938.7
2009-06-18,937.4
2009-06-19,939.0
2009-06-22,923.7
2009-06-23,926.9
2009-06-24,937.2
2009-06-25,942.2
2009-06-26,943.7
2009-06-29,943.4
2009-06-30,930.2
2009-07-01,944.2
2009-07-02,933.6
2009-07-06,926.9
2009-07-07,931.7
2009-07-08,912.0
2009-07-09,919.1
2009-07-10,915.4
2009-07-13,925.4
2009-07-14,925.6
2009-07-15,942.2
2009-07-16,938.2
2009-07-17,940.3
2009-07-20,951.6
2009-07-21,949.6
2009-07-22,956.0
2009-07-23,957.6
2009-07-24,955.9
2009-07-27,956.3
2009-07-28,941.7
2009-07-29,929.7
2009-07-30,937.3
2009-07-31,955.8
2009-08-03,958.8
2009-08-04,969.7
2009-08-05,966.3
2009-08-06,962.9
2009-08-07,959.5
2009-08-10,946.9
2009-08-11,947.6
2009-08-12,952.5
2009-08-13,956.5
2009-08-14,948.7
2009-08-17,935.8
2009-08-18,939.2
2009-08-19,944.8
2009-08-20,941.7
2009-08-21,954.7
2009-08-24,943.7
2009-08-25,946.0
2009-08-26,945.8
2009-08-27,947.3
2009-08-28,958.8
2009-08-31,953.5
2009-09-01,956.5
2009-09-02,978.5
2009-09-03,997.7
2009-09-04,996.7
2009-09-08,999.8
2009-09-09,997.1
2009-09-10,996.8
2009-09-11,1006.4
2009-09-14,1001.1
2009-09-15,1006.3
2009-09-16,1020.2
2009-09-17,1013.5
2009-09-18,1010.3
2009-09-21,1004.9
2009-09-22,1015.5
2009-09-23,1014.4
2009-09-24,998.9
2009-09-25,991.6
2009-09-28,994.1
2009-09-29,994.4
2009-09-30,1009.3
2009-10-01,1000.7
2009-10-02,1004.3
2009-10-05,1017.8
2009-10-06,1039.7
2009-10-07,1044.4
2009-10-08,1056.3
2009-10-09,1048.6
2009-10-12,1057.5
2009-10-13,1065.0
2009-10-14,1064.7
2009-10-15,1050.6
2009-10-16,1051.5
2009-10-19,1058.1
2009-10-20,1058.6
2009-10-21,1064.5
2009-10-22,1058.6
2009-10-23,1056.4
2009-10-26,1042.8
2009-10-27,1035.4
2009-10-28,1030.5
2009-10-29,1047.1
2009-10-30,1040.4
2009-11-02,1054.0
2009-11-03,1084.9
2009-11-04,1087.3
2009-11-05,1089.3
2009-11-06,1095.7
2009-11-09,1101.4
2009-11-10,1102.5
2009-11-11,1114.6
2009-11-12,1106.6
2009-11-13,1116.7
2009-11-16,1139.2
2009-11-17,1139.4
2009-11-18,1141.2
2009-11-19,1141.9
2009-11-20,1146.8
2009-11-23,1166.2
2009-11-24,1167.4
2009-11-25,1188.6
2009-11-27,1175.5
2009-11-30,1182.3
2009-12-01,1200.2
2009-12-02,1213.0
2009-12-03,1218.3
2009-12-04,1169.5
2009-12-07,1164.0
2009-12-08,1143.4
2009-12-09,1120.9
2009-12-10,1126.2
2009-12-11,1119.9
2009-12-14,1123.8
2009-12-15,1123.0
2009-12-16,1136.2
2009-12-17,1107.4
2009-12-18,1111.5
2009-12-21,1096.0
2009-12-22,1086.7
2009-12-23,1094.0
2009-12-24,1104.8
2009-12-28,1107.9
2009-12-29,1098.1
2009-12-30,1092.5
2009-12-31,1096.2
2010-01-04,1118.3
2010-01-05,1118.7
2010-01-06,1136.5
2010-01-07,1133.7
2010-01-08,1138.9
2010-01-11,1151.4
2010-01-12,1129.4
2010-01-13,1136.8
2010-01-14,1143.0
2010-01-15,1130.5
2010-01-19,1140.0
2010-01-20,1112.6
2010-01-21,1103.2
2010-01-22,1089.7
2010-01-25,1095.7
2010-01-26,1098.3
2010-01-27,1084.5
2010-01-28,1083.6
2010-01-29,1083.0
2010-02-01,1104.3
2010-02-02,1117.4
2010-02-03,1111.4
2010-02-04,1062.4
2010-02-05,1052.2
2010-02-08,1065.7
2010-02-09,1076.7
2010-02-10,1075.8
2010-02-11,1094.2
2010-02-12,1089.5
2010-02-16,1119.3
2010-02-17,1119.5
2010-02-18,1118.0
2010-02-19,1121.3
2010-02-22,1112.6
2010-02-23,1102.7
2010-02-24,1097.2
2010-02-25,1108.5
2010-02-26,1118.9
2010-03-01,1118.3
2010-03-02,1137.4
2010-03-03,1143.3
2010-03-04,1133.1
2010-03-05,1135.2
2010-03-08,1124.0
2010-03-09,1122.3
2010-03-10,1108.1
2010-03-11,1108.2
2010-03-12,1101.7
2010-03-15,1105.4
2010-03-16,1122.5
2010-03-17,1124.2
2010-03-18,1127.5
2010-03-19,1107.6
2010-03-22,1099.5
2010-03-23,1103.7
2010-03-24,1088.8
2010-03-25,1092.9
2010-03-26,1104.3
2010-03-29,1111.5
2010-03-30,1105.7
2010-03-31,1114.5
2010-04-01,1126.1
2010-04-05,1133.8
2010-04-06,1136.0
2010-04-07,1153.0
2010-04-08,1152.9
2010-04-09,1161.9
2010-04-12,1162.2
2010-04-13,1153.4
2010-04-14,1159.6
2010-04-15,1160.3
2010-04-16,1136.9
2010-04-19,1135.8
2010-04-20,1139.2
2010-04-21,1148.8
2010-04-22,1142.9
2010-04-23,1153.7
2010-04-26,1154.0
2010-04-27,1162.2
2010-04-28,1171.8
2010-04-29,1168.8
2010-04-30,1180.7
2010-05-03,1183.3
2010-05-04,1169.2
2010-05-05,1175.0
2010-05-06,1197.3
2010-05-07,1210.4
2010-05-10,1200.8
2010-05-11,1220.3
2010-05-12,1243.1
2010-05-13,1229.2
2010-05-14,1227.8
2010-05-17,1228.1
2010-05-18,1214.6
2010-05-19,1193.1
2010-05-20,1188.6
2010-05-21,1176.1
2010-05-24,1194.0
2010-05-25,1198.0
2010-05-26,1215.3
2010-05-27,1214.4
2010-05-28,1215.0
2010-06-01,1226.9
2010-06-02,1222.6
2010-06-03,1210.0
2010-06-04,1217.7
2010-06-07,1240.8
2010-06-08,1245.6
2010-06-09,1229.9
2010-06-10,1222.2
2010-06-11,1230.2
2010-06-14,1224.5
2010-06-15,1234.4
2010-06-16,1230.5
2010-06-17,1248.7
2010-06-18,1258.3
2010-06-21,1240.7
2010-06-22,1240.8
2010-06-23,1234.8
2010-06-24,1245.9
2010-06-25,1256.2
2010-06-28,1238.6
2010-06-29,1242.4
2010-06-30,1245.9
2010-07-01,1206.7
2010-07-02,1207.7
2010-07-06,1195.1
2010-07-07,1198.9
2010-07-08,1196.1
2010-07-09,1209.8
2010-07-12,1198.7
2010-07-13,1213.5
2010-07-14,1207.0
2010-07-15,1208.3
2010-07-16,1188.2
2010-07-19,1181.9
2010-07-20,1191.7
2010-07-21,1191.8
2010-07-22,1195.6
2010-07-23,1187.8
2010-07-26,1183.1
2010-07-27,1158.0
2010-07-28,1160.4
2010-07-29,1169.8
2010-07-30,1182.4
2010-08-02,1184.1
2010-08-03,1186.1
2010-08-04,1194.5
2010-08-05,1197.9
2010-08-06,1204.1
2010-08-09,1201.4
2010-08-10,1196.8
2010-08-11,1198.0
2010-08-12,1215.4
2010-08-13,1215.4
2010-08-16,1225.0
2010-08-17,1227.0
2010-08-18,1230.1
2010-08-19,1234.2
2010-08-20,1227.6
2010-08-23,1227.3
2010-08-24,1232.2
2010-08-25,1239.9
2010-08-26,1236.4
2010-08-27,1236.6
2010-08-30,1238.0
2010-08-31,1249.0
2010-09-01,1246.8
2010-09-02,1252.1
2010-09-03,1249.8
2010-09-07,1257.9
2010-09-08,1256.1
2010-09-09,1249.4
2010-09-10,1245.0
2010-09-13,1245.6
2010-09-14,1270.2
2010-09-15,1267.1
2010-09-16,1272.2
2010-09-17,1420.5
2010-09-20,1424.0
2010-09-21,1415.1
2010-09-22,1427.5
2010-09-23,1434.3
2010-09-24,1438.6
2010-09-27,1435.0
2010-09-28,1442.7
2010-09-29,1446.1
2010-09-30,1479.0
2010-10-01,1338.0
2010-10-04,1336.2
2010-10-05,1359.9
2010-10-06,1366.4
2010-10-07,1353.0
2010-10-08,1362.7
2010-10-11,1372.5
2010-10-12,1365.1
2010-10-13,1389.5
2010-10-14,1396.7
2010-10-15,1390.7
2010-10-18,1390.7
2010-10-19,1353.7
2010-10-20,1361.7
2010-10-21,1342.6
2010-10-22,1342.3
2010-10-25,1356.5
2010-10-26,1357.3
2010-10-27,1341.4
2010-10-28,1360.5
2010-10-29,1375.5
2010-11-01,1368.4
2010-11-02,1487.5
2010-11-03,1465.6
2010-11-04,1506.1
2010-11-05,1526.4
2010-11-08,1535.5
2010-11-09,1553.3
2010-11-10,1546.5
2010-11-11,1553.4
2010-11-12,1512.2
2010-11-15,1518.1
2010-11-16,1494.4
2010-11-17,1487.4
2010-11-18,1509.4
2010-11-19,1507.3
2010-11-22,1509.4
2010-11-23,1524.6
2010-11-24,1530.4
2010-11-26,1517.8
2010-11-29,1520.7
2010-11-30,1409.1
2010-12-01,1411.4
2010-12-02,1412.4
2010-12-03,1428.0
2010-12-06,1437.3
2010-12-07,1431.1
2010-12-08,1406.3
2010-12-09,1416.4
2010-12-10,1408.9
2010-12-13,1422.0
2010-12-14,1428.7
2010-12-15,1411.2
2010-12-16,1396.1
2010-12-17,1403.2
2010-12-20,1409.7
2010-12-21,1412.6
2010-12-22,1411.3
2010-12-23,1404.4
2010-12-27,1407.1
2010-12-28,1430.3
2010-12-29,1437.7
2010-12-30,1429.5
2010-12-31,1443.9
2011-01-03,1445.4
2011-01-04,1399.6
2011-01-05,1395.8
2011-01-06,1394.0
2011-01-07,1390.1
2011-01-10,1395.7
2011-01-11,1406.1
2011-01-12,1407.7
2011-01-13,1408.5
2011-01-14,1381.5
2011-01-18,1389.3
2011-01-19,1390.9
2011-01-20,1366.0
2011-01-21,1360.6
2011-01-24,1363.6
2011-01-25,1350.8
2011-01-26,1333.7
2011-01-27,1339.7
2011-01-28,1361.4
2011-01-31,1354.1
2011-02-01,1360.1
2011-02-02,1351.3
2011-02-03,1373.0
2011-02-04,1369.9
2011-02-07,1369.5
2011-02-08,1363.7
2011-02-09,1365.1
2011-02-10,1362.1
2011-02-11,1360.0
2011-02-14,1364.7
2011-02-15,1373.7
2011-02-16,1374.7
2011-02-17,1384.8
2011-02-18,1388.3
2011-02-22,1400.6
2011-02-23,1433.7
2011-02-24,1434.5
2011-02-25,1427.9
2011-02-28,1409.3
2011-03-01,1446.4
2011-03-02,1453.1
2011-03-03,1432.5
2011-03-04,1443.7
2011-03-07,1449.3
2011-03-08,1442.3
2011-03-09,1444.5
2011-03-10,1426.9
2011-03-11,1435.9
2011-03-14,1438.5
2011-03-15,1405.8
2011-03-16,1409.1
2011-03-17,1417.7
2011-03-18,1429.7
2011-03-21,1440.5
2011-03-22,1442.1
2011-03-23,1452.7
2011-03-24,1449.7
2011-03-25,1441.4
2011-03-28,1435.5
2011-03-29,1435.9
2011-03-30,1442.7
2011-03-31,1457.2
2011-04-01,1446.5
2011-04-04,1449.8
2011-04-05,1469.9
2011-04-06,1476.0
2011-04-07,1476.5
2011-04-08,1491.7
2011-04-11,1485.4
2011-04-12,1470.1
2011-04-13,1471.5
2011-04-14,1488.1
2011-04-15,1501.1
2011-04-18,1507.2
2011-04-19,1509.0
2011-04-20,1513.0
2011-04-21,1518.1
2011-04-25,1523.7
2011-04-26,1517.5
2011-04-27,1527.8
2011-04-28,1541.6
2011-04-29,1567.0
2011-05-02,1567.7
2011-05-03,1551.0
2011-05-04,1525.5
2011-05-05,1491.1
2011-05-06,1501.2
2011-05-09,1513.2
2011-05-10,1527.3
2011-05-11,1511.5
2011-05-12,1516.9
2011-05-13,1503.4
2011-05-16,1500.3
2011-05-17,1489.5
2011-05-18,1505.8
2011-05-19,1502.0
2011-05-20,1518.4
2011-05-23,1524.9
2011-05-24,1532.9
2011-05-25,1536.5
2011-05-26,1532.3
2011-05-27,1545.9
2011-05-31,1545.4
2011-06-01,1551.7
2011-06-02,1541.2
2011-06-03,1550.7
2011-06-06,1555.5
2011-06-07,1552.1
2011-06-08,1546.5
2011-06-09,1550.6
2011-06-10,1537.2
2011-06-13,1523.5
2011-06-14,1532.4
2011-06-15,1534.3
2011-06-16,1538.4
2011-06-17,1547.6
2011-06-20,1550.7
2011-06-21,1554.9
2011-06-22,1561.9
2011-06-23,1528.8
2011-06-24,1509.3
2011-06-27,1505.1
2011-06-28,1509.1
2011-06-29,1519.3
2011-06-30,1511.6
2011-07-01,1491.6
2011-07-05,1521.3
2011-07-06,1537.7
2011-07-07,1539.2
2011-07-08,1542.3
2011-07-11,1549.9
2011-07-12,1563.1
2011-07-13,1586.1
2011-07-14,1589.8
2011-07-15,1590.6
2011-07-18,1602.9
2011-07-19,1601.6
2011-07-20,1597.5
2011-07-21,1587.7
2011-07-22,1602.2
2011-07-25,1612.9
2011-07-26,1617.5
2011-07-27,1615.6
2011-07-28,1614.2
2011-07-29,1629.1
2011-08-01,1619.7
2011-08-02,1642.3
2011-08-03,1663.9
2011-08-04,1656.5
2011-08-05,1649.1
2011-08-08,1720.6
2011-08-09,1750.7
2011-08-10,1791.7
2011-08-11,1759.2
2011-08-12,1750.5
2011-08-15,1765.8
2011-08-16,1792.8
2011-08-17,1801.4
2011-08-18,1829.7
2011-08-19,1859.9
2011-08-22,1899.5
2011-08-23,1868.8
2011-08-24,1764.4
2011-08-25,1769.9
2011-08-26,1803.7
2011-08-29,1798.2
2011-08-30,1836.1
2011-08-31,1838.1
2011-09-01,1835.6
2011-09-02,1883.9
2011-09-06,1880.7
2011-09-07,1824.8
2011-09-08,1864.8
2011-09-09,1867.7
2011-09-12,1821.7
2011-09-13,1838.9
2011-09-14,1835.1
2011-09-15,1789.3
2011-09-16,1822.2
2011-09-19,1786.3
2011-09-20,1816.6
2011-09-21,1815.3
2011-09-22,1748.8
2011-09-23,1646.3
2011-09-26,1601.0
2011-09-27,1659.0
2011-09-28,1624.8
2011-09-29,1624.2
2011-09-30,1629.1
2011-10-03,1664.6
2011-10-04,1623.0
2011-10-05,1648.4
2011-10-06,1660.1
2011-10-07,1642.7
2011-10-10,1677.9
2011-10-11,1668.0
2011-10-12,1689.6
2011-10-13,1675.2
2011-10-14,1689.8
2011-10-17,1683.4
2011-10-18,1659.4
2011-10-19,1653.7
2011-10-20,1619.5
2011-10-21,1642.8
2011-10-24,1659.1
2011-10-25,1707.2
2011-10-26,1730.5
2011-10-27,1754.9
2011-10-28,1754.3
2011-10-31,1732.2
2011-11-01,1719.0
2011-11-02,1737.0
2011-11-03,1772.7
2011-11-04,1763.8
2011-11-07,1799.0
2011-11-08,1807.2
2011-11-09,1799.6
2011-11-10,1767.5
2011-11-11,1796.3
2011-11-14,1786.6
2011-11-15,1790.6
2011-11-16,1783.1
2011-11-17,1729.5
2011-11-18,1734.7
2011-11-21,1688.6
2011-11-22,1712.9
2011-11-23,1706.5
2011-11-25,1696.4
2011-11-28,1722.6
2011-11-29,1726.5
2011-11-30,1757.6
2011-12-01,1747.4
2011-12-02,1759.4
2011-12-05,1742.4
2011-12-06,1739.6
2011-12-07,1752.5
2011-12-08,1720.8
2011-12-09,1724.2
2011-12-12,1674.9
2011-12-13,1669.6
2011-12-14,1592.9
2011-12-15,1583.2
2011-12-16,1604.1
2011-12-19,1603.1
2011-12-20,1624.2
2011-12-21,1620.3
2011-12-22,1617.5
2011-12-23,1613.1
2011-12-27,1602.6
2011-12-28,1571.0
2011-12-29,1547.6
2011-12-30,1573.8
2012-01-03,1607.8
2012-01-04,1620.4
2012-01-05,1627.9
2012-01-06,1624.5
2012-01-09,1615.7
2012-01-10,1639.6
2012-01-11,1647.9
2012-01-12,1656.1
2012-01-13,1638.9
2012-01-17,1663.7
2012-01-18,1668.1
2012-01-19,1662.5
2012-01-20,1672.1
2012-01-23,1686.6
2012-01-24,1672.6
2012-01-25,1708.4
2012-01-26,1735.3
2012-01-27,1740.9
2012-01-30,1739.9
2012-01-31,1745.8
2012-02-01,1754.8
2012-02-02,1764.6
2012-02-03,1745.5
2012-02-06,1730.1
2012-02-07,1753.7
2012-02-08,1736.6
2012-02-09,1746.6
2012-02-10,1730.7
2012-02-13,1730.3
2012-02-14,1722.9
2012-02-15,1733.4
2012-02-16,1733.7
2012-02-17,1731.3
2012-02-21,1764.1
2012-02-22,1776.8
2012-02-23,1792.0
2012-02-24,1782.0
2012-02-27,1780.4
2012-02-28,1793.9
2012-02-29,1716.6
2012-03-01,1727.6
2012-03-02,1715.2
2012-03-05,1709.3
2012-03-06,1677.5
2012-03-07,1689.4
2012-03-08,1704.1
2012-03-09,1716.9
2012-03-12,1705.0
2012-03-13,1699.3
2012-03-14,1647.7
2012-03-15,1664.2
2012-03-16,1660.5
2012-03-19,1672.1
2012-03-20,1651.7
2012-03-21,1655.0
2012-03-22,1647.2
2012-03-23,1667.3
2012-03-26,1690.6
2012-03-27,1690.1
2012-03-28,1662.9
2012-03-29,1657.2
2012-03-30,1674.3
2012-04-02,1682.2
2012-04-03,1674.4
2012-04-04,1616.4
2012-04-05,1632.4
2012-04-09,1646.3
2012-04-10,1663.0
2012-04-11,1662.6
2012-04-12,1682.8
2012-04-13,1662.4
2012-04-16,1651.9
2012-04-17,1653.3
2012-04-18,1641.8
2012-04-19,1643.6
2012-04-20,1645.0
2012-04-23,1634.8
2012-04-24,1646.0
2012-04-25,1644.6
2012-04-26,1662.9
2012-04-27,1667.2
2012-04-30,1666.5
2012-05-01,1664.7
2012-05-02,1656.3
2012-05-03,1637.0
2012-05-04,1647.4
2012-05-07,1641.4
2012-05-08,1604.0
2012-05-09,1593.7
2012-05-10,1597.8
2012-05-11,1586.3
2012-05-14,1563.2
2012-05-15,1559.3
2012-05-16,1538.7
2012-05-17,1577.1
2012-05-18,1594.2
2012-05-21,1591.0
2012-05-22,1578.8
2012-05-23,1550.6
2012-05-24,1559.8
2012-05-25,1571.2
2012-05-29,1551.0
2012-05-30,1565.7
2012-05-31,1564.2
2012-06-01,1622.1
2012-06-04,1613.9
2012-06-05,1616.9
2012-06-06,1634.2
2012-06-07,1588.0
2012-06-08,1591.4
2012-06-11,1596.8
2012-06-12,1613.8
2012-06-13,1619.4
2012-06-14,1619.6
2012-06-15,1628.1
2012-06-18,1627.0
2012-06-19,1623.2
2012-06-20,1615.8
2012-06-21,1565.5
2012-06-22,1566.9
2012-06-25,1588.4
2012-06-26,1574.9
2012-06-27,1578.4
2012-06-28,1550.4
2012-06-29,1604.2
2012-07-02,1597.7
2012-07-03,1621.8
2012-07-05,1609.4
2012-07-06,1578.9
2012-07-09,1589.1
2012-07-10,1579.8
2012-07-11,1575.7
2012-07-12,1565.3
2012-07-13,1592.0
2012-07-16,1591.6
2012-07-17,1589.5
2012-07-18,1570.8
2012-07-19,1580.4
2012-07-20,1582.8
2012-07-23,1577.4
2012-07-24,1576.2
2012-07-25,1608.1
2012-07-26,1615.1
2012-07-27,1618.0
2012-07-30,1619.7
2012-07-31,1612.4
2012-08-01,1605.1
2012-08-02,1588.6
2012-08-03,1607.1
2012-08-06,1614.1
2012-08-07,1610.7
2012-08-08,1613.9
2012-08-09,1618.1
2012-08-10,1620.7
2012-08-13,1610.6
2012-08-14,1600.4
2012-08-15,1604.6
2012-08-16,1617.1
2012-08-17,1617.3
2012-08-20,1620.9
2012-08-21,1640.7
2012-08-22,1638.3
2012-08-23,1670.6
2012-08-24,1670.7
2012-08-27,1673.3
2012-08-28,1667.4
2012-08-29,1660.7
2012-08-30,1654.8
2012-08-31,1685.3
2012-09-04,1693.6
2012-09-05,1691.6
2012-09-06,1703.2
2012-09-07,1738.0
2012-09-10,1729.2
2012-09-11,1732.3
2012-09-12,1731.1
2012-09-13,1769.5
2012-09-14,1770.1
2012-09-17,1768.0
2012-09-18,1768.7
2012-09-19,1769.3
2012-09-20,1767.8
2012-09-21,1775.6
2012-09-24,1762.2
2012-09-25,1763.9
2012-09-26,1755.7
2012-09-27,1782.6
2012-09-28,1776.1
2012-10-01,1785.5
2012-10-02,1777.7
2012-10-03,1781.9
2012-10-04,1798.6
2012-10-05,1782.9
2012-10-08,1777.8
2012-10-09,1767.1
2012-10-10,1767.2
2012-10-11,1772.7
2012-10-12,1761.8
2012-10-15,1739.7
2012-10-16,1748.4
2012-10-17,1755.2
2012-10-18,1746.9
2012-10-19,1726.1
2012-10-22,1728.4
2012-10-23,1711.5
2012-10-24,1703.7
2012-10-25,1715.0
2012-10-26,1714.0
2012-10-29,1710.8
2012-10-30,1714.3
2012-10-31,1721.3
2012-11-01,1717.7
2012-11-02,1677.3
2012-11-05,1685.4
2012-11-06,1717.2
2012-11-07,1716.2
2012-11-08,1728.3
2012-11-09,1733.2
2012-11-12,1733.2
2012-11-13,1727.1
2012-11-14,1732.5
2012-11-15,1716.1
2012-11-16,1716.9
2012-11-19,1736.7
2012-11-20,1725.9
2012-11-21,1730.6
2012-11-23,1753.8
2012-11-26,1752.0
2012-11-27,1744.8
2012-11-28,1718.8
2012-11-29,1729.5
2012-11-30,1712.7
2012-12-03,1721.1
2012-12-04,1695.8
2012-12-05,1693.8
2012-12-06,1701.8
2012-12-07,1705.5
2012-12-10,1714.4
2012-12-11,1709.6
2012-12-12,1717.9
2012-12-13,1696.8
2012-12-14,1697.0
2012-12-17,1698.2
2012-12-18,1670.7
2012-12-19,1667.7
2012-12-20,1645.9
2012-12-21,1660.1
2012-12-24,1659.5
2012-12-26,1660.7
2012-12-27,1663.7
2012-12-28,1655.9
2012-12-31,1675.8
2013-01-02,1688.8
2013-01-03,1674.6
2013-01-04,1648.9
2013-01-07,1646.3
2013-01-08,1662.2
2013-01-09,1655.5
2013-01-10,1678.0
2013-01-11,1660.6
2013-01-14,1669.4
2013-01-15,1683.9
2013-01-16,1683.2
2013-01-17,1690.8
2013-01-18,1687.0
2013-01-22,1693.2
2013-01-23,1686.7
2013-01-24,1669.9
2013-01-25,1656.6
2013-01-28,1652.9
2013-01-29,1662.7
2013-01-30,1681.6
2013-01-31,1662.0
2013-02-01,1670.6
2013-02-04,1676.4
2013-02-05,1673.5
2013-02-06,1678.8
2013-02-07,1671.3
2013-02-08,1666.9
2013-02-11,1649.1
2013-02-12,1649.6
2013-02-13,1645.1
2013-02-14,1635.5
2013-02-15,1609.5
2013-02-19,1604.2
2013-02-20,1578.0
2013-02-21,1578.6
2013-02-22,1572.8
2013-02-25,1586.6
2013-02-26,1615.5
2013-02-27,1595.7
2013-02-28,1578.1
2013-03-01,1572.3
2013-03-04,1572.4
2013-03-05,1574.9
2013-03-06,1574.9
2013-03-07,1575.1
2013-03-08,1576.9
2013-03-11,1578.0
2013-03-12,1591.7
2013-03-13,1588.4
2013-03-14,1590.7
2013-03-15,1592.6
2013-03-18,1604.6
2013-03-19,1611.3
2013-03-20,1607.5
2013-03-21,1613.8
2013-03-22,1606.1
2013-03-25,1604.5
2013-03-26,1595.7
2013-03-27,1608.9
2013-03-28,1597.4
2013-04-01,1602.6
2013-04-02,1577.5
2013-04-03,1555.1
2013-04-04,1553.9
2013-04-05,1577.5
2013-04-08,1574.1
2013-04-09,1588.3
2013-04-10,1560.4
2013-04-11,1566.5
2013-04-12,1502.9
2013-04-15,1362.1
2013-04-16,1388.5
2013-04-17,1383.9
2013-04-18,1393.8
2013-04-19,1397.0
2013-04-22,1422.7
2013-04-23,1410.3
2013-04-24,1425.3
2013-04-25,1463.7
2013-04-26,1455.1
2013-04-29,1468.1
2013-04-30,1472.7
2013-05-01,1446.8
2013-05-02,1468.2
2013-05-03,1464.8
2013-05-06,1468.6
2013-05-07,1449.4
2013-05-08,1474.3
2013-05-09,1469.1
2013-05-10,1437.0
2013-05-13,1434.9
2013-05-14,1425.1
2013-05-15,1396.8
2013-05-16,1387.5
2013-05-17,1365.3
2013-05-20,1384.8
2013-05-21,1378.2
2013-05-22,1367.9
2013-05-23,1392.3
2013-05-24,1387.0
2013-05-28,1379.3
2013-05-29,1391.6
2013-05-30,1411.8
2013-05-31,1392.8
2013-06-03,1411.8
2013-06-04,1397.1
2013-06-05,1398.4
2013-06-06,1415.8
2013-06-07,1383.1
2013-06-10,1386.3
2013-06-11,1377.1
2013-06-12,1392.1
2013-06-13,1377.9
2013-06-14,1387.6
2013-06-17,1383.0
2013-06-18,1366.7
2013-06-19,1373.7
2013-06-20,1285.9
2013-06-21,1291.7
2013-06-24,1276.8
2013-06-25,1274.9
2013-06-26,1229.6
2013-06-27,1211.4
2013-06-28,1223.8
2013-07-01,1255.9
2013-07-02,1243.6
2013-07-03,1252.1
2013-07-05,1212.9
2013-07-08,1235.5
2013-07-09,1245.9
2013-07-10,1247.4
2013-07-11,1280.1
2013-07-12,1278.1
2013-07-15,1284.0
2013-07-16,1290.8
2013-07-17,1277.8
2013-07-18,1284.5
2013-07-19,1293.2
2013-07-22,1336.4
2013-07-23,1334.9
2013-07-24,1319.7
2013-07-25,1329.0
2013-07-26,1321.4
2013-07-29,1328.8
2013-07-30,1324.3
2013-07-31,1312.4
2013-08-01,1310.7
2013-08-02,1310.2
2013-08-05,1302.1
2013-08-06,1282.5
2013-08-07,1285.4
2013-08-08,1310.1
2013-08-09,1312.5
2013-08-12,1334.9
2013-08-13,1321.3
2013-08-14,1334.1
2013-08-15,1361.1
2013-08-16,1371.2
2013-08-19,1365.6
2013-08-20,1372.5
2013-08-21,1370.0
2013-08-22,1370.5
2013-08-23,1395.0
2013-08-26,1392.6
2013-08-27,1419.9
2013-08-28,1418.6
2013-08-29,1412.7
2013-08-30,1395.9
2013-09-03,1411.8
2013-09-04,1389.8
2013-09-05,1372.8
2013-09-06,1386.3
2013-09-09,1386.5
2013-09-10,1363.8
2013-09-11,1363.6
2013-09-12,1330.4
2013-09-13,1308.4
2013-09-16,1317.8
2013-09-17,1309.4
2013-09-18,1307.6
2013-09-19,1369.4
2013-09-20,1332.5
2013-09-23,1327.0
2013-09-24,1316.1
2013-09-25,1336.0
2013-09-26,1323.8
2013-09-27,1338.9
2013-09-30,1326.8
2013-10-01,1285.9
2013-10-02,1320.5
2013-10-03,1317.4
2013-10-04,1309.7
2013-10-07,1324.9
2013-10-08,1324.4
2013-10-09,1319.0
2013-10-10,1308.4
2013-10-11,1279.1
2013-10-14,1287.7
2013-10-15,1283.9
2013-10-16,1292.9
2013-10-17,1333.3
2013-10-18,1324.7
2013-10-21,1325.8
2013-10-22,1352.0
2013-10-23,1343.2
2013-10-24,1359.6
2013-10-25,1361.7
2013-10-28,1361.6
2013-10-29,1354.8
2013-10-30,1349.7
2013-10-31,1324.1
2013-11-01,1313.6
2013-11-04,1315.1
2013-11-05,1308.5
2013-11-06,1318.2
2013-11-07,1308.9
2013-11-08,1285.1
2013-11-11,1281.6
2013-11-12,1271.7
2013-11-13,1268.9
2013-11-14,1286.8
2013-11-15,1287.8
2013-11-18,1272.7
2013-11-19,1273.9
2013-11-20,1258.4
2013-11-21,1243.9
2013-11-22,1244.3
2013-11-25,1241.4
2013-11-26,1241.4
2013-11-27,1237.8
2013-11-29,1250.5
2013-12-02,1222.3
2013-12-03,1221.3
2013-12-04,1247.4
2013-12-05,1232.5
2013-12-06,1229.6
2013-12-09,1234.9
2013-12-10,1261.8
2013-12-11,1257.9
2013-12-12,1225.7
2013-12-13,1235.4
2013-12-16,1245.2
2013-12-17,1230.8
2013-12-18,1235.7
2013-12-19,1194.3
2013-12-20,1204.3
2013-12-23,1197.4
2013-12-24,1203.6
2013-12-26,1212.2
2013-12-27,1214.1
2013-12-30,1203.1
2013-12-31,1201.9
2014-01-02,1225.0
2014-01-03,1238.4
2014-01-06,1237.8
2014-01-07,1229.4
2014-01-08,1225.3
2014-01-09,1229.3
2014-01-10,1246.7
2014-01-13,1250.9
2014-01-14,1245.2
2014-01-15,1238.1
2014-01-16,1240.0
2014-01-17,1251.7
2014-01-21,1242.3
2014-01-22,1238.5
2014-01-23,1262.3
2014-01-24,1264.4
2014-01-27,1263.5
2014-01-28,1250.6
2014-01-29,1262.2
2014-01-30,1242.4
2014-01-31,1239.8
2014-02-03,1259.9
2014-02-04,1251.2
2014-02-05,1257.0
2014-02-06,1257.4
2014-02-07,1263.2
2014-02-10,1274.8
2014-02-11,1289.9
2014-02-12,1295.1
2014-02-13,1300.2
2014-02-14,1318.8
2014-02-18,1324.6
2014-02-19,1320.6
2014-02-20,1317.0
2014-02-21,1323.7
2014-02-24,1338.1
2014-02-25,1342.8
2014-02-26,1328.0
2014-02-27,1331.6
2014-02-28,1321.4
2014-03-03,1350.1
2014-03-04,1337.8
2014-03-05,1340.7
2014-03-06,1352.2
2014-03-07,1338.6
2014-03-10,1341.9
2014-03-11,1347.1
2014-03-12,1370.7
2014-03-13,1372.6
2014-03-14,1379.2
2014-03-17,1373.1
2014-03-18,1359.1
2014-03-19,1341.5
2014-03-20,1330.7
2014-03-21,1336.0
2014-03-24,1311.2
2014-03-25,1311.5
2014-03-26,1303.5
2014-03-27,1294.8
2014-03-28,1294.1
2014-03-31,1283.7
2014-04-01,1279.9
2014-04-02,1290.7
2014-04-03,1284.4
2014-04-04,1303.2
2014-04-07,1298.0
2014-04-08,1308.7
2014-04-09,1305.5
2014-04-10,1320.1
2014-04-11,1318.6
2014-04-14,1327.2
2014-04-15,1300.0
2014-04-16,1303.2
2014-04-17,1293.5
2014-04-21,1288.1
2014-04-22,1280.7
2014-04-23,1284.2
2014-04-24,1290.3
2014-04-25,1300.5
2014-04-28,1298.7
2014-04-29,1296.0
2014-04-30,1295.6
2014-05-01,1286.1
2014-05-02,1305.8
2014-05-05,1312.5
2014-05-06,1311.8
2014-05-07,1292.2
2014-05-08,1291.0
2014-05-09,1291.1
2014-05-12,1299.4
2014-05-13,1298.7
2014-05-14,1309.7
2014-05-15,1297.4
2014-05-16,1297.3
2014-05-19,1297.9
2014-05-20,1299.0
2014-05-21,1292.5
2014-05-22,1299.1
2014-05-23,1295.7
2014-05-27,1269.6
2014-05-28,1266.2
2014-05-29,1263.2
2014-05-30,1252.0
2014-06-02,1250.1
2014-06-03,1250.5
2014-06-04,1250.4
2014-06-05,1259.3
2014-06-06,1258.4
2014-06-09,1259.8
2014-06-10,1266.1
2014-06-11,1267.2
2014-06-12,1280.2
2014-06-13,1280.7
2014-06-16,1281.9
2014-06-17,1278.6
2014-06-18,1279.3
2014-06-19,1320.8
2014-06-20,1323.5
2014-06-23,1325.3
2014-06-24,1328.2
2014-06-25,1329.5
2014-06-26,1323.7
2014-06-27,1326.7
2014-06-30,1325.9
2014-07-01,1330.5
2014-07-02,1335.0
2014-07-03,1321.1
2014-07-07,1317.6
2014-07-08,1317.1
2014-07-09,1325.0
2014-07-10,1339.8
2014-07-11,1338.0
2014-07-14,1307.3
2014-07-15,1297.7
2014-07-16,1300.4
2014-07-17,1317.5
2014-07-18,1310.0
2014-07-21,1314.5
2014-07-22,1306.9
2014-07-23,1305.3
2014-07-24,1291.4
2014-07-25,1304.0
2014-07-28,1304.1
2014-07-29,1299.0
2014-07-30,1295.5
2014-07-31,1281.7
2014-08-01,1293.9
2014-08-04,1288.0
2014-08-05,1284.1
2014-08-06,1306.7
2014-08-07,1310.8
2014-08-08,1309.2
2014-08-11,1308.7
2014-08-12,1309.0
2014-08-13,1313.0
2014-08-14,1314.2
2014-08-15,1304.7
2014-08-18,1297.9
2014-08-19,1295.3
2014-08-20,1293.7
2014-08-21,1282.8
2014-08-22,1278.7
2014-08-25,1286.4
2014-08-26,1292.7
2014-08-27,1290.5
2014-08-28,1297.5
2014-08-29,1291.4
2014-09-02,1268.9
2014-09-03,1274.5
2014-09-04,1270.8
2014-09-05,1271.7
2014-09-08,1258.9
2014-09-09,1253.3
2014-09-10,1250.2
2014-09-11,1243.6
2014-09-12,1235.9
2014-09-15,1239.5
2014-09-16,1241.2
2014-09-17,1240.3
2014-09-18,1231.2
2014-09-19,1220.9
2014-09-22,1222.0
2014-09-23,1225.7
2014-09-24,1223.1
2014-09-25,1225.4
2014-09-26,1221.8
2014-09-29,1225.3
2014-09-30,1218.0
2014-10-01,1221.8
2014-10-02,1221.2
2014-10-03,1199.3
2014-10-06,1213.7
2014-10-07,1218.6
2014-10-08,1212.1
2014-10-09,1231.0
2014-10-10,1227.0
2014-10-13,1234.9
2014-10-14,1239.2
2014-10-15,1249.2
2014-10-16,1245.5
2014-10-17,1243.6
2014-10-20,1249.3
2014-10-21,1256.7
2014-10-22,1250.6
2014-10-23,1234.0
2014-10-24,1236.9
2014-10-27,1234.3
2014-10-28,1232.8
2014-10-29,1228.3
2014-10-30,1202.1
2014-10-31,1175.0
2014-11-03,1173.1
2014-11-04,1171.0
2014-11-05,1148.8
2014-11-06,1145.6
2014-11-07,1172.9
2014-11-10,1163.0
2014-11-11,1166.4
2014-11-12,1162.2
2014-11-13,1164.5
2014-11-14,1188.6
2014-11-17,1186.7
2014-11-18,1199.9
2014-11-19,1196.7
2014-11-20,1193.6
2014-11-21,1200.5
2014-11-24,1198.8
2014-11-25,1200.1
2014-11-26,1199.7
2014-11-28,1177.3
2014-12-01,1220.2
2014-12-02,1201.3
2014-12-03,1210.5
2014-12-04,1209.6
2014-12-05,1192.8
2014-12-08,1197.4
2014-12-09,1234.7
2014-12-10,1232.0
2014-12-11,1228.1
2014-12-12,1224.7
2014-12-15,1209.8
2014-12-16,1196.5
2014-12-17,1196.7
2014-12-18,1197.1
2014-12-19,1198.4
2014-12-22,1182.2
2014-12-23,1180.5
2014-12-24,1176.1
2014-12-26,1197.9
2014-12-29,1184.3
2014-12-30,1202.6
2014-12-31,1186.4
2015-01-02,1188.7
2015-01-05,1206.7
2015-01-06,1221.9
2015-01-07,1213.2
2015-01-08,1211.1
2015-01-09,1218.7
2015-01-12,1235.4
2015-01-13,1236.9
2015-01-14,1236.9
2015-01-15,1267.4
2015-01-16,1279.7
2015-01-20,1297.0
2015-01-21,1296.5
2015-01-22,1303.6
2015-01-23,1295.5
2015-01-26,1282.5
2015-01-27,1295.0
2015-01-28,1289.2
2015-01-29,1257.9
2015-01-30,1281.3
2015-02-02,1279.1
2015-02-03,1262.6
2015-02-04,1266.9
2015-02-05,1265.1
2015-02-06,1237.0
2015-02-09,1243.8
2015-02-10,1234.5
2015-02-11,1221.9
2015-02-12,1222.9
2015-02-13,1229.4
2015-02-17,1210.9
2015-02-18,1202.4
2015-02-19,1209.7
2015-02-20,1207.0
2015-02-23,1202.8
2015-02-24,1199.3
2015-02-25,1203.5
2015-02-26,1212.3
2015-02-27,1215.4
2015-03-02,1210.6
2015-03-03,1207.0
2015-03-04,1203.5
2015-03-05,1198.8
2015-03-06,1167.0
2015-03-09,1169.3
2015-03-10,1162.7
2015-03-11,1153.0
2015-03-12,1154.3
2015-03-13,1154.7
2015-03-16,1155.4
2015-03-17,1150.4
2015-03-18,1153.4
2015-03-19,1171.2
2015-03-20,1186.9
2015-03-23,1189.9
2015-03-24,1193.6
2015-03-25,1199.6
2015-03-26,1207.3
2015-03-27,1202.4
2015-03-30,1187.0
2015-03-31,1184.9
2015-04-01,1209.9
2015-04-02,1202.6
2015-04-06,1220.3
2015-04-07,1212.3
2015-04-08,1204.7
2015-04-09,1195.2
2015-04-10,1206.4
2015-04-13,1201.1
2015-04-14,1194.4
2015-04-15,1203.1
2015-04-16,1199.8
2015-04-17,1205.0
2015-04-20,1195.5
2015-04-21,1204.9
2015-04-22,1188.7
2015-04-23,1196.2
2015-04-24,1176.8
2015-04-27,1205.0
2015-04-28,1215.8
2015-04-29,1210.5
2015-04-30,1182.9
2015-05-01,1175.0
2015-05-04,1187.3
2015-05-05,1193.7
2015-05-06,1190.8
2015-05-07,1182.7
2015-05-08,1189.4
2015-05-11,1183.5
2015-05-12,1192.9
2015-05-13,1218.7
2015-05-14,1225.7
2015-05-15,1225.8
2015-05-18,1228.1
2015-05-19,1207.2
2015-05-20,1209.2
2015-05-21,1204.6
2015-05-22,1204.4
2015-05-26,1187.3
2015-05-27,1186.0
2015-05-28,1188.4
2015-05-29,1189.6
2015-06-01,1188.4
2015-06-02,1194.1
2015-06-03,1184.6
2015-06-04,1174.9
2015-06-05,1167.8
2015-06-08,1173.3
2015-06-09,1177.3
2015-06-10,1201.9
2015-06-11,1179.9
2015-06-12,1178.8
2015-06-15,1185.3
2015-06-16,1180.5
2015-06-17,1176.4
2015-06-18,1201.5
2015-06-19,1201.5
2015-06-22,1183.7
2015-06-23,1176.2
2015-06-24,1172.6
2015-06-25,1171.5
2015-06-26,1172.9
2015-06-29,1178.5
2015-06-30,1171.5
2015-07-01,1169.0
2015-07-02,1163.0
2015-07-06,1172.9
2015-07-07,1152.4
2015-07-08,1163.3
2015-07-09,1159.7
2015-07-10,1158.4
2015-07-13,1155.9
2015-07-14,1154.0
2015-07-15,1147.9
2015-07-16,1144.3
2015-07-17,1132.2
2015-07-20,1107.1
2015-07-21,1103.7
2015-07-22,1091.7
2015-07-23,1094.2
2015-07-24,1085.7
2015-07-27,1096.6
2015-07-28,1096.3
2015-07-29,1092.8
2015-07-30,1088.4
2015-07-31,1094.8
2015-08-03,1089.2
2015-08-04,1090.5
2015-08-05,1085.3
2015-08-06,1089.8
2015-08-07,1093.8
2015-08-10,1104.2
2015-08-11,1107.8
2015-08-12,1123.2
2015-08-13,1115.2
2015-08-14,1112.4
2015-08-17,1118.1
2015-08-18,1116.4
2015-08-19,1127.1
2015-08-20,1152.2
2015-08-21,1158.6
2015-08-24,1152.5
2015-08-25,1137.2
2015-08-26,1124.7
2015-08-27,1122.4
2015-08-28,1143.9
2015-08-31,1142.4
2015-09-01,1149.2
2015-09-02,1142.9
2015-09-03,1133.3
2015-09-04,1130.3
2015-09-08,1129.7
2015-09-09,1110.5
2015-09-10,1117.8
2015-09-11,1111.9
2015-09-14,1116.2
2015-09-15,1111.0
2015-09-16,1127.5
2015-09-17,1125.8
2015-09-18,1145.7
2015-09-21,1140.8
2015-09-22,1132.6
2015-09-23,1139.3
2015-09-24,1161.3
2015-09-25,1153.2
2015-09-28,1139.2
2015-09-29,1134.2
2015-09-30,1122.3
2015-10-01,1120.8
2015-10-02,1143.0
2015-10-05,1144.1
2015-10-06,1152.8
2015-10-07,1155.1
2015-10-08,1150.8
2015-10-09,1162.8
2015-10-12,1171.5
2015-10-13,1172.3
2015-10-14,1186.2
2015-10-15,1193.8
2015-10-16,1189.6
2015-10-19,1179.3
2015-10-20,1183.9
2015-10-21,1173.2
2015-10-22,1172.0
2015-10-23,1168.8
2015-10-26,1172.3
2015-10-27,1171.8
2015-10-28,1182.4
2015-10-29,1154.0
2015-10-30,1148.0
2015-11-02,1142.7
2015-11-03,1120.9
2015-11-04,1113.2
2015-11-05,1111.4
2015-11-06,1095.6
2015-11-09,1096.2
2015-11-10,1096.4
2015-11-11,1092.4
2015-11-12,1088.3
2015-11-13,1088.3
2015-11-16,1091.0
2015-11-17,1075.8
2015-11-18,1075.8
2015-11-19,1084.8
2015-11-20,1083.0
2015-11-23,1073.5
2015-11-24,1080.3
2015-11-25,1077.0
2015-11-27,1063.4
2015-11-30,1072.8
2015-12-01,1070.9
2015-12-02,1061.2
2015-12-03,1068.8
2015-12-04,1091.5
2015-12-07,1082.5
2015-12-08,1082.6
2015-12-09,1083.7
2015-12-10,1079.1
2015-12-11,1082.7
2015-12-14,1070.3
2015-12-15,1068.6
2015-12-16,1084.1
2015-12-17,1056.9
2015-12-18,1072.3
2015-12-21,1088.2
2015-12-22,1081.7
2015-12-23,1075.7
2015-12-24,1083.4
2015-12-28,1075.6
2015-12-29,1075.4
2015-12-30,1067.1
2015-12-31,1067.3
2016-01-04,1082.2
2016-01-05,1085.3
2016-01-06,1098.8
2016-01-07,1114.5
2016-01-08,1104.3
2016-01-11,1101.7
2016-01-12,1090.3
2016-01-13,1092.3
2016-01-14,1078.2
2016-01-15,1094.8
2016-01-19,1093.1
2016-01-20,1109.8
2016-01-21,1101.6
2016-01-22,1100.3
2016-01-25,1105.5
2016-01-26,1120.3
2016-01-27,1116.0
2016-01-28,1115.6
2016-01-29,1116.5
2016-02-01,1128.0
2016-02-02,1127.2
2016-02-03,1141.2
2016-02-04,1157.2
2016-02-05,1157.4
2016-02-08,1197.6
2016-02-09,1198.4
2016-02-10,1194.3
2016-02-11,1247.5
2016-02-12,1239.0
2016-02-16,1207.7
2016-02-17,1210.9
2016-02-18,1225.8
2016-02-19,1230.3
2016-02-22,1209.7
2016-02-23,1226.5
2016-02-24,1243.2
2016-02-25,1243.1
2016-02-26,1224.9
2016-02-29,1239.2
2016-03-01,1235.8
2016-03-02,1247.0
2016-03-03,1264.0
2016-03-04,1276.8
2016-03-07,1270.3
2016-03-08,1269.3
2016-03-09,1263.7
2016-03-10,1279.3
2016-03-11,1266.3
2016-03-14,1252.2
2016-03-15,1237.9
2016-03-16,1236.9
2016-03-17,1271.7
2016-03-18,1260.8
2016-03-21,1251.4
2016-03-22,1256.7
2016-03-23,1231.9
2016-03-24,1230.3
2016-03-28,1228.8
2016-03-29,1244.4
2016-03-30,1235.4
2016-03-31,1242.2
2016-04-01,1230.1
2016-04-04,1225.9
2016-04-05,1236.1
2016-04-06,1230.4
2016-04-07,1236.7
2016-04-08,1243.1
2016-04-11,1257.3
2016-04-12,1260.1
2016-04-13,1247.5
2016-04-14,1225.7
2016-04-15,1233.7
2016-04-18,1234.0
2016-04-19,1253.3
2016-04-20,1262.9
2016-04-21,1258.9
2016-04-22,1238.4
2016-04-25,1248.6
2016-04-26,1251.9
2016-04-27,1259.1
2016-04-28,1275.1
2016-04-29,1299.9
2016-05-02,1305.7
2016-05-03,1301.4
2016-05-04,1283.9
2016-05-05,1281.8
2016-05-06,1304.0
2016-05-09,1276.7
2016-05-10,1275.1
2016-05-11,1286.3
2016-05-12,1281.5
2016-05-13,1283.1
2016-05-16,1284.9
2016-05-17,1287.8
2016-05-18,1285.9
2016-05-19,1266.7
2016-05-20,1265.8
2016-05-23,1264.8
2016-05-24,1241.9
2016-05-25,1236.4
2016-05-26,1232.5
2016-05-27,1226.5
2016-05-31,1227.9
2016-06-01,1225.2
2016-06-02,1223.0
2016-06-03,1252.9
2016-06-06,1257.6
2016-06-07,1257.1
2016-06-08,1272.7
2016-06-09,1283.4
2016-06-10,1287.0
2016-06-13,1298.1
2016-06-14,1299.3
2016-06-15,1299.7
2016-06-16,1310.2
2016-06-17,1306.8
2016-06-20,1304.2
2016-06-21,1284.5
2016-06-22,1282.0
2016-06-23,1274.9
2016-06-24,1334.2
2016-06-27,1336.6
2016-06-28,1330.3
2016-06-29,1339.3
2016-06-30,1332.9
2016-07-01,1351.7
2016-07-05,1371.6
2016-07-06,1380.2
2016-07-07,1375.2
2016-07-08,1371.7
2016-07-11,1370.2
2016-07-12,1349.1
2016-07-13,1357.3
2016-07-14,1345.8
2016-07-15,1341.1
2016-07-18,1343.0
2016-07-19,1346.2
2016-07-20,1333.3
2016-07-21,1345.3
2016-07-22,1325.3
2016-07-25,1321.3
2016-07-26,1322.5
2016-07-27,1328.6
2016-07-28,1334.6
2016-07-29,1350.3
2016-08-01,1352.8
2016-08-02,1365.7
2016-08-03,1357.0
2016-08-04,1359.7
2016-08-05,1352.6
2016-08-08,1349.5
2016-08-09,1354.9
2016-08-10,1360.1
2016-08-11,1358.1
2016-08-12,1351.2
2016-08-15,1355.2
2016-08-16,1364.4
2016-08-17,1356.1
2016-08-18,1364.5
2016-08-19,1353.5
2016-08-22,1350.7
2016-08-23,1353.4
2016-08-24,1336.3
2016-08-25,1330.6
2016-08-26,1331.5
2016-08-29,1332.7
2016-08-30,1322.4
2016-08-31,1317.2
2016-09-01,1322.9
2016-09-02,1332.4
2016-09-06,1360.0
2016-09-07,1355.5
2016-09-08,1347.9
2016-09-09,1340.8
2016-09-12,1331.9
2016-09-13,1330.2
2016-09-14,1332.8
2016-09-15,1324.6
2016-09-16,1316.8
2016-09-19,1324.3
2016-09-20,1324.6
2016-09-21,1338.0
2016-09-22,1351.5
2016-09-23,1348.4
2016-09-26,1351.1
2016-09-27,1337.3
2016-09-28,1330.7
2016-09-29,1333.1
2016-09-30,1324.2
2016-10-03,1319.7
2016-10-04,1276.3
2016-10-05,1275.3
2016-10-06,1259.6
2016-10-07,1258.5
2016-10-10,1267.3
2016-10-11,1262.7
2016-10-12,1260.7
2016-10-13,1264.9
2016-10-14,1262.9
2016-10-17,1264.2
2016-10-18,1270.6
2016-10-19,1277.6
2016-10-20,1275.2
2016-10-21,1275.1
2016-10-24,1270.4
2016-10-25,1280.5
2016-10-26,1273.5
2016-10-27,1276.5
2016-10-28,1283.8
2016-10-31,1280.3
2016-11-01,1295.3
2016-11-02,1315.5
2016-11-03,1310.8
2016-11-04,1312.2
2016-11-07,1286.9
2016-11-08,1281.9
2016-11-09,1280.8
2016-11-10,1272.8
2016-11-11,1229.6
2016-11-14,1227.0
2016-11-15,1230.2
2016-11-16,1229.8
2016-11-17,1222.4
2016-11-18,1214.4
2016-11-21,1215.5
2016-11-22,1217.0
2016-11-23,1195.4
2016-11-25,1184.1
2016-11-28,1197.0
2016-11-29,1194.0
2016-11-30,1202.7
2016-12-01,1197.9
2016-12-02,1206.6
2016-12-05,1205.8
2016-12-06,1199.1
2016-12-07,1206.6
2016-12-08,1202.4
2016-12-09,1191.9
2016-12-12,1196.1
2016-12-13,1189.3
2016-12-14,1194.0
2016-12-15,1162.1
2016-12-16,1169.9
2016-12-19,1174.9
2016-12-20,1166.0
2016-12-21,1165.5
2016-12-22,1162.8
2016-12-23,1165.8
2016-12-27,1170.9
2016-12-28,1173.0
2016-12-29,1190.2
2016-12-30,1183.5
2017-01-03,1163.2
2017-01-04,1166.5
2017-01-05,1182.6
2017-01-06,1174.8
2017-01-09,1186.3
2017-01-10,1186.9
2017-01-11,1198.0
2017-01-12,1201.2
2017-01-13,1197.5
2017-01-17,1214.3
2017-01-18,1213.5
2017-01-19,1202.7
2017-01-20,1206.0
2017-01-23,1216.6
2017-01-24,1211.7
2017-01-25,1199.0
2017-01-26,1191.0
2017-01-27,1189.8
2017-01-30,1194.5
2017-01-31,1209.8
2017-02-01,1206.9
2017-02-02,1218.0
2017-02-03,1219.6
2017-02-06,1230.9
2017-02-07,1234.9
2017-02-08,1238.2
2017-02-09,1235.7
2017-02-10,1234.9
2017-02-13,1224.8
2017-02-14,1224.3
2017-02-15,1231.9
2017-02-16,1240.2
2017-02-17,1237.8
2017-02-21,1237.7
2017-02-22,1232.1
2017-02-23,1250.1
2017-02-24,1256.8
2017-02-27,1257.4
2017-02-28,1252.6
2017-03-01,1248.9
2017-03-02,1234.4
2017-03-03,1228.1
2017-03-06,1227.1
2017-03-07,1217.7
2017-03-08,1211.0
2017-03-09,1204.8
2017-03-10,1203.0
2017-03-13,1204.7
2017-03-14,1204.2
2017-03-15,1202.3
2017-03-16,1228.6
2017-03-17,1231.7
2017-03-20,1235.6
2017-03-21,1248.0
2017-03-22,1251.2
2017-03-23,1248.6
2017-03-24,1250.1
2017-03-27,1257.3
2017-03-28,1257.2
2017-03-29,1255.3
2017-03-30,1246.5
2017-03-31,1249.5
2017-04-03,1252.3
2017-04-04,1256.7
2017-04-05,1246.9
2017-04-06,1251.7
2017-04-07,1255.6
2017-04-10,1252.3
2017-04-11,1272.5
2017-04-12,1276.4
2017-04-13,1286.8
2017-04-17,1290.2
2017-04-18,1292.4
2017-04-19,1281.7
2017-04-20,1282.1
2017-04-21,1287.4
2017-04-24,1275.9
2017-04-25,1265.4
2017-04-26,1262.1
2017-04-27,1263.7
2017-04-28,1266.1
2017-05-01,1253.3
2017-05-02,1255.1
2017-05-03,1246.4
2017-05-04,1226.5
2017-05-05,1228.5
2017-05-08,1228.7
2017-05-09,1217.7
2017-05-10,1220.5
2017-05-11,1225.8
2017-05-12,1229.3
2017-05-15,1231.6
2017-05-16,1238.0
2017-05-17,1260.4
2017-05-18,1254.5
2017-05-19,1255.2
2017-05-22,1263.0
2017-05-23,1257.1
2017-05-24,1254.7
2017-05-25,1258.0
2017-05-26,1269.7
2017-05-30,1263.8
2017-05-31,1273.6
2017-06-01,1268.3
2017-06-02,1278.4
2017-06-05,1280.7
2017-06-06,1295.2
2017-06-07,1290.9
2017-06-08,1277.5
2017-06-09,1269.5
2017-06-12,1267.2
2017-06-13,1266.9
2017-06-14,1274.2
2017-06-15,1253.0
2017-06-16,1255.1
2017-06-19,1245.3
2017-06-20,1242.1
2017-06-21,1244.2
2017-06-22,1247.9
2017-06-23,1254.8
2017-06-26,1244.9
2017-06-27,1245.3
2017-06-28,1247.5
2017-06-29,1244.2
2017-06-30,1266.6
2017-07-03,1243.5
2017-07-05,1246.4
2017-07-06,1248.7
2017-07-07,1234.7
2017-07-10,1214.9
2017-07-11,1216.4
2017-07-12,1220.8
2017-07-13,1218.9
2017-07-14,1229.1
2017-07-17,1235.3
2017-07-18,1266.3
2017-07-19,1266.4
2017-07-20,1246.8
2017-07-21,1256.0
2017-07-24,1255.6
2017-07-25,1275.8
2017-07-26,1250.8
2017-07-27,1261.5
2017-07-28,1270.2
2017-07-31,1268.9
2017-08-01,1275.2
2017-08-02,1274.2
2017-08-03,1270.2
2017-08-04,1260.2
2017-08-07,1260.2
2017-08-08,1257.9
2017-08-09,1274.6
2017-08-10,1285.1
2017-08-11,1289.0
2017-08-14,1285.3
2017-08-15,1274.7
2017-08-16,1277.9
2017-08-17,1287.3
2017-08-18,1286.5
2017-08-21,1291.5
2017-08-22,1309.0
2017-08-23,1312.3
2017-08-24,1309.5
2017-08-25,1315.4
2017-08-28,1333.2
2017-08-29,1336.9
2017-08-30,1332.1
2017-08-31,1339.7
2017-09-01,1348.3
2017-09-05,1362.6
2017-09-06,1357.2
2017-09-07,1369.3
2017-09-08,1370.4
2017-09-11,1355.2
2017-09-12,1351.9
2017-09-13,1347.4
2017-09-14,1349.2
2017-09-15,1345.1
2017-09-18,1330.3
2017-09-19,1330.1
2017-09-20,1335.8
2017-09-21,1314.2
2017-09-22,1316.9
2017-09-25,1331.0
2017-09-26,1321.2
2017-09-27,1307.6
2017-09-28,1330.8
2017-09-29,1327.1
2017-10-02,1318.4
2017-10-03,1317.1
2017-10-04,1319.3
2017-10-05,1316.1
2017-10-06,1315.9
2017-10-09,1326.3
2017-10-10,1335.3
2017-10-11,1330.4
2017-10-12,1338.2
2017-10-13,1346.3
2017-10-16,1345.4
2017-10-17,1328.2
2017-10-18,1325.0
2017-10-19,1331.6
2017-10-20,1321.9
2017-10-23,1322.6
2017-10-24,1319.9
2017-10-25,1321.0
2017-10-26,1311.6
2017-10-27,1313.5
2017-10-30,1319.3
2017-10-31,1312.1
2017-11-01,1279.2
2017-11-02,1279.8
2017-11-03,1270.8
2017-11-06,1283.3
2017-11-07,1277.5
2017-11-08,1285.4
2017-11-09,1289.2
2017-11-10,1275.9
2017-11-13,1280.6
2017-11-14,1284.6
2017-11-15,1279.4
2017-11-16,1279.9
2017-11-17,1298.2
2017-11-20,1277.1
2017-11-21,1283.5
2017-11-22,1294.1
2017-11-24,1289.2
2017-11-27,1296.2
2017-11-28,1296.6
2017-11-29,1283.7
2017-11-30,1274.8
2017-12-01,1280.2
2017-12-04,1275.5
2017-12-05,1263.0
2017-12-06,1264.3
2017-12-07,1251.4
2017-12-08,1246.5
2017-12-11,1245.1
2017-12-12,1239.8
2017-12-13,1246.9
2017-12-14,1255.3
2017-12-15,1255.8
2017-12-18,1263.7
2017-12-19,1262.4
2017-12-20,1267.8
2017-12-21,1268.8
2017-12-22,1277.0
2017-12-26,1285.5
2017-12-27,1288.3
2017-12-28,1299.5
2017-12-29,1311.4
2018-01-02,1318.3
2018-01-03,1320.8
2018-01-04,1323.9
2018-01-05,1324.5
2018-01-08,1322.7
2018-01-09,1315.9
2018-01-10,1321.6
2018-01-11,1324.7
2018-01-12,1337.2
2018-01-16,1339.3
2018-01-17,1341.4
2018-01-18,1329.5
2018-01-19,1335.3
2018-01-22,1334.3
2018-01-23,1339.0
2018-01-24,1358.7
2018-01-25,1365.2
2018-01-26,1354.4
2018-01-29,1342.2
2018-01-30,1337.2
2018-01-31,1340.4
2018-02-01,1345.0
2018-02-02,1334.6
2018-02-05,1333.8
2018-02-06,1326.9
2018-02-07,1312.2
2018-02-08,1316.5
2018-02-09,1313.3
2018-02-12,1324.0
2018-02-13,1328.0
2018-02-14,1355.6
2018-02-15,1352.9
2018-02-16,1353.7
2018-02-20,1328.9
2018-02-21,1329.8
2018-02-22,1330.4
2018-02-23,1327.9
2018-02-26,1330.3
2018-02-27,1315.5
2018-02-28,1315.5
2018-03-01,1302.9
2018-03-02,1321.1
2018-03-05,1318.1
2018-03-06,1333.6
2018-03-07,1326.0
2018-03-08,1319.9
2018-03-09,1322.4
2018-03-12,1319.4
2018-03-13,1325.9
2018-03-14,1324.4
2018-03-15,1316.8
2018-03-16,1311.3
2018-03-19,1316.8
2018-03-20,1314.5
2018-03-21,1324.0
2018-03-22,1329.8
2018-03-23,1352.4
2018-03-26,1357.6
2018-03-27,1344.7
2018-03-28,1326.9
2018-03-29,1324.3
2018-04-02,1343.9
2018-04-03,1334.2
2018-04-04,1337.1
2018-04-05,1325.5
2018-04-06,1333.1
2018-04-09,1337.1
2018-04-10,1342.9
2018-04-11,1356.9
2018-04-12,1338.7
2018-04-13,1344.7
2018-04-16,1347.5
2018-04-17,1346.3
2018-04-18,1350.2
2018-04-19,1345.4
2018-04-20,1334.9
2018-04-23,1320.6
2018-04-24,1329.7
2018-04-25,1319.5
2018-04-26,1314.6
2018-04-27,1326.5
2018-04-30,1322.3
2018-05-01,1309.9
2018-05-02,1308.6
2018-05-03,1315.7
2018-05-04,1317.7
2018-05-07,1317.2
2018-05-08,1316.8
2018-05-09,1316.1
2018-05-10,1325.3
2018-05-11,1323.8
2018-05-14,1321.2
2018-05-15,1293.4
2018-05-16,1294.5
2018-05-17,1292.4
2018-05-18,1294.1
2018-05-21,1293.5
2018-05-22,1294.6
2018-05-23,1292.2
2018-05-24,1307.3
2018-05-25,1306.4
2018-05-29,1301.6
2018-05-30,1304.5
2018-05-31,1302.6
2018-06-01,1297.1
2018-06-04,1295.1
2018-06-05,1299.9
2018-06-06,1299.2
2018-06-07,1300.7
2018-06-08,1300.5
2018-06-11,1301.0
2018-06-12,1297.2
2018-06-13,1299.2
2018-06-14,1306.2
2018-06-15,1276.3
2018-06-18,1278.0
2018-06-19,1276.5
2018-06-20,1272.4
2018-06-21,1268.6
2018-06-22,1268.9
2018-06-25,1267.2
2018-06-26,1258.0
2018-06-27,1253.0
2018-06-28,1247.8
2018-06-29,1251.3
2018-07-02,1239.8
2018-07-03,1251.6
2018-07-05,1257.3
2018-07-06,1254.3
2018-07-09,1262.8
2018-07-10,1258.7
2018-07-11,1247.4
2018-07-12,1249.1
2018-07-13,1243.8
2018-07-16,1242.2
2018-07-17,1229.9
2018-07-18,1230.5
2018-07-19,1226.5
2018-07-20,1233.6
2018-07-23,1228.0
2018-07-24,1228.2
2018-07-25,1234.5
2018-07-26,1228.6
2018-07-27,1226.5
2018-07-30,1224.2
2018-07-31,1226.4
2018-08-01,1220.3
2018-08-02,1212.9
2018-08-03,1215.9
2018-08-06,1210.6
2018-08-07,1211.2
2018-08-08,1214.2
2018-08-09,1213.0
2018-08-10,1212.1
2018-08-13,1192.2
2018-08-14,1194.0
2018-08-15,1178.2
2018-08-16,1177.1
2018-08-17,1177.3
2018-08-20,1187.8
2018-08-21,1193.2
2018-08-22,1196.4
2018-08-23,1187.2
2018-08-24,1206.3
2018-08-27,1209.2
2018-08-28,1207.5
2018-08-29,1204.2
2018-08-30,1197.7
2018-08-31,1200.3
2018-09-04,1192.7
2018-09-05,1194.9
2018-09-06,1197.9
2018-09-07,1193.6
2018-09-10,1193.0
2018-09-11,1195.4
2018-09-12,1204.7
2018-09-13,1202.0
2018-09-14,1195.0
2018-09-17,1203.4
2018-09-18,1200.7
2018-09-19,1206.1
2018-09-20,1208.9
2018-09-21,1198.6
2018-09-24,1201.7
2018-09-25,1202.5
2018-09-26,1196.9
2018-09-27,1185.5
2018-09-28,1193.9
2018-10-01,1189.4
2018-10-02,1204.2
2018-10-03,1200.1
2018-10-04,1198.8
2018-10-05,1202.8
2018-10-08,1185.8
2018-10-09,1188.8
2018-10-10,1190.8
2018-10-11,1225.1
2018-10-12,1219.5
2018-10-15,1227.8
2018-10-16,1228.4
2018-10-17,1224.8
2018-10-18,1227.4
2018-10-19,1226.0
2018-10-22,1222.0
2018-10-23,1234.1
2018-10-24,1228.4
2018-10-25,1229.5
2018-10-26,1232.4
2018-10-29,1224.7
2018-10-30,1222.6
2018-10-31,1212.3
2018-11-01,1236.0
2018-11-02,1282.2
2018-11-05,1236.2
2018-11-06,1230.5
2018-11-07,1233.1
2018-11-08,1229.3
2018-11-09,1212.6
2018-11-12,1207.3
2018-11-13,1205.1
2018-11-14,1213.8
2018-11-15,1218.6
2018-11-16,1226.4
2018-11-19,1228.6
2018-11-20,1224.4
2018-11-21,1231.2
2018-11-23,1226.6
2018-11-26,1226.1
2018-11-27,1217.1
2018-11-28,1227.2
2018-11-29,1227.9
2018-11-30,1223.6
2018-12-03,1236.9
2018-12-04,1243.3
2018-12-05,1239.1
2018-12-06,1239.7
2018-12-07,1248.2
2018-12-10,1244.9
2018-12-11,1242.8
2018-12-12,1246.1
2018-12-13,1243.7
2018-12-14,1237.9
2018-12-17,1248.2
2018-12-18,1250.1
2018-12-19,1252.6
2018-12-20,1263.9
2018-12-21,1254.6
2018-12-24,1267.9
2018-12-26,1269.0
2018-12-27,1277.4
2018-12-28,1279.9
2018-12-31,1278.3
2019-01-02,1281.0
2019-01-03,1291.8
2019-01-04,1329.2
2019-01-07,1333.4
2019-01-08,1329.3
2019-01-09,1335.5
2019-01-10,1331.2
2019-01-11,1333.2
2019-01-14,1335.3
2019-01-15,1331.8
2019-01-16,1337.4
2019-01-17,1335.9
2019-01-18,1326.1
2019-01-22,1326.4
2019-01-23,1327.3
2019-01-24,1322.9
2019-01-25,1341.3
2019-01-28,1347.1
2019-01-29,1352.7
2019-01-30,1353.2
2019-01-31,1322.3
2019-02-01,1359.3
2019-02-04,1356.5
2019-02-05,1316.5
2019-02-06,1352.0
2019-02-07,1311.6
2019-02-08,1315.9
2019-02-11,1349.4
2019-02-12,1351.4
2019-02-13,1352.6
2019-02-14,1351.2
2019-02-15,1359.2
2019-02-19,1381.9
2019-02-20,1384.9
2019-02-21,1364.7
2019-02-22,1369.9
2019-02-25,1366.4
2019-02-26,1365.5
2019-02-27,1358.1
2019-02-28,1352.8
2019-03-01,1335.8
2019-03-04,1323.9
2019-03-05,1321.1
2019-03-06,1324.1
2019-03-07,1322.3
2019-03-08,1335.9
2019-03-11,1327.4
2019-03-12,1334.1
2019-03-13,1345.7
2019-03-14,1331.2
2019-03-15,1338.9
2019-03-18,1337.6
2019-03-19,1342.9
2019-03-20,1337.7
2019-03-21,1343.2
2019-03-22,1348.1
2019-03-25,1358.2
2019-03-26,1350.8
2019-03-27,1346.0
2019-03-28,1324.6
2019-03-29,1328.0
2019-04-01,1323.8
2019-04-02,1325.1
2019-04-03,1324.9
2019-04-04,1323.8
2019-04-05,1325.3
2019-04-08,1331.6
2019-04-09,1338.1
2019-04-10,1343.6
2019-04-11,1323.1
2019-04-12,1325.6
2019-04-15,1321.6
2019-04-16,1307.3
2019-04-17,1306.7
2019-04-18,1306.0
2019-04-22,1307.6
2019-04-23,1303.0
2019-04-24,1309.2
2019-04-25,1309.5
2019-04-26,1318.6
2019-04-29,1311.0
2019-04-30,1315.2
2019-05-01,1313.8
2019-05-02,1301.6
2019-05-03,1311.0
2019-05-06,1313.5
2019-05-07,1315.2
2019-05-08,1310.9
2019-05-09,1314.6
2019-05-10,1316.7
2019-05-13,1330.4
2019-05-14,1324.4
2019-05-15,1325.6
2019-05-16,1314.5
2019-05-17,1303.8
2019-05-20,1305.7
2019-05-21,1301.6
2019-05-22,1302.9
2019-05-23,1313.4
2019-05-24,1311.7
2019-05-28,1305.1
2019-05-29,1308.6
2019-05-30,1314.9
2019-05-31,1333.0
2019-06-03,1348.9
2019-06-04,1350.0
2019-06-05,1354.4
2019-06-06,1363.3
2019-06-07,1366.8
2019-06-10,1350.7
2019-06-11,1353.0
2019-06-12,1358.2
2019-06-13,1364.9
2019-06-14,1365.5
2019-06-17,1363.6
2019-06-18,1371.4
2019-06-19,1369.4
2019-06-20,1416.8
2019-06-21,1419.9
2019-06-24,1438.1
2019-06-25,1438.5
2019-06-26,1435.3
2019-06-27,1432.1
2019-06-28,1434.0
2019-07-01,1410.1
2019-07-02,1429.3
2019-07-03,1442.2
2019-07-05,1422.2
2019-07-08,1422.7
2019-07-09,1423.3
2019-07-10,1435.6
2019-07-11,1430.4
2019-07-12,1435.9
2019-07-15,1437.1
2019-07-16,1434.7
2019-07-17,1447.1
2019-07-18,1451.9
2019-07-19,1450.3
2019-07-22,1450.7
2019-07-23,1445.5
2019-07-24,1447.6
2019-07-25,1438.6
2019-07-26,1443.5
2019-07-29,1444.5
2019-07-30,1453.0
2019-07-31,1449.0
2019-08-01,1443.7
2019-08-02,1468.4
2019-08-05,1486.9
2019-08-06,1494.7
2019-08-07,1530.1
2019-08-08,1520.2
2019-08-09,1519.4
2019-08-12,1528.1
2019-08-13,1525.2
2019-08-14,1538.8
2019-08-15,1542.1
2019-08-16,1534.3
2019-08-19,1522.3
2019-08-20,1526.4
2019-08-21,1526.4
2019-08-22,1519.3
2019-08-23,1548.4
2019-08-26,1548.1
2019-08-27,1563.1
2019-08-28,1560.4
2019-08-29,1548.2
2019-08-30,1541.0
2019-09-03,1567.5
2019-09-04,1571.8
2019-09-05,1536.8
2019-09-06,1527.0
2019-09-09,1522.9
2019-09-10,1511.1
2019-09-11,1515.1
2019-09-12,1519.4
2019-09-13,1511.7
2019-09-16,1523.6
2019-09-17,1525.4
2019-09-18,1527.8
2019-09-19,1518.1
2019-09-20,1527.0
2019-09-23,1543.6
2019-09-24,1552.1
2019-09-25,1524.1
2019-09-26,1527.2
2019-09-27,1518.6
2019-09-30,1485.1
2019-10-01,1500.9
2019-10-02,1519.9
2019-10-03,1525.8
2019-10-04,1525.0
2019-10-07,1516.5
2019-10-08,1516.0
2019-10-09,1524.9
2019-10-10,1513.0
2019-10-11,1500.6
2019-10-14,1509.6
2019-10-15,1495.4
2019-10-16,1505.9
2019-10-17,1510.4
2019-10-18,1505.9
2019-10-21,1500.0
2019-10-22,1499.5
2019-10-23,1507.7
2019-10-24,1516.8
2019-10-25,1517.5
2019-10-28,1508.0
2019-10-29,1502.7
2019-10-30,1508.9
2019-10-31,1526.9
2019-11-01,1523.7
2019-11-04,1523.6
2019-11-05,1496.0
2019-11-06,1505.6
2019-11-07,1478.6
2019-11-08,1475.1
2019-11-11,1469.4
2019-11-12,1465.9
2019-11-13,1475.5
2019-11-14,1485.6
2019-11-15,1480.8
2019-11-18,1484.3
2019-11-19,1486.7
2019-11-20,1486.5
2019-11-21,1476.1
2019-11-22,1476.2
2019-11-25,1469.5
2019-11-26,1472.7
2019-11-27,1466.0
2019-11-29,1478.1
2019-12-02,1474.6
2019-12-03,1489.9
2019-12-04,1485.6
2019-12-05,1488.6
2019-12-06,1470.7
2019-12-09,1470.5
2019-12-10,1473.7
2019-12-11,1480.6
2019-12-12,1477.9
2019-12-13,1486.9
2019-12-16,1486.1
2019-12-17,1486.4
2019-12-18,1484.4
2019-12-19,1490.0
2019-12-20,1486.6
2019-12-23,1494.4
2019-12-24,1510.6
2019-12-26,1520.3
2019-12-27,1524.1
2019-12-30,1524.6
2019-12-31,1519.5
2020-01-02,1534.3
2020-01-03,1558.7
2020-01-06,1575.1
2020-01-07,1580.5
2020-01-08,1566.5
2020-01-09,1560.6
2020-01-10,1566.4
2020-01-13,1557.0
2020-01-14,1550.9
2020-01-15,1560.1
2020-01-16,1556.5
2020-01-17,1566.5
2020-01-21,1564.1
2020-01-22,1562.9
2020-01-23,1571.6
2020-01-24,1578.2
2020-01-27,1583.7
2020-01-28,1575.8
2020-01-29,1576.0
2020-01-30,1589.2
2020-01-31,1587.9
2020-02-03,1582.4
2020-02-04,1555.5
2020-02-05,1562.8
2020-02-06,1570.0
2020-02-07,1573.4
2020-02-10,1579.5
2020-02-11,1570.1
2020-02-12,1571.6
2020-02-13,1578.8
2020-02-14,1586.4
2020-02-18,1603.6
2020-02-19,1611.8
2020-02-20,1620.5
2020-02-21,1648.8
2020-02-24,1676.6
2020-02-25,1650.0
2020-02-26,1643.1
2020-02-27,1642.5
2020-02-28,1566.7
2020-03-02,1594.8
2020-03-03,1644.4
2020-03-04,1643.0
2020-03-05,1668.0
2020-03-06,1672.4
2020-03-09,1675.7
2020-03-10,1660.3
2020-03-11,1642.3
2020-03-12,1590.3
2020-03-13,1516.7
2020-03-16,1486.5
2020-03-17,1525.8
2020-03-18,1477.9
2020-03-19,1479.3
2020-03-20,1484.6
2020-03-23,1567.6
2020-03-24,1660.8
2020-03-25,1633.4
2020-03-26,1651.2
2020-03-27,1625.0
2020-03-30,1643.5
2020-03-31,1596.6
2020-04-01,1591.7
2020-04-02,1637.7
2020-04-03,1645.5
2020-04-06,1692.2
2020-04-07,1682.8
2020-04-08,1683.8
2020-04-09,1752.1
2020-04-13,1760.9
2020-04-14,1769.4
2020-04-15,1741.2
2020-04-16,1733.2
2020-04-17,1700.1
2020-04-20,1712.6
2020-04-21,1689.8
2020-04-22,1741.4
2020-04-23,1748.8
2020-04-24,1739.7
2020-04-27,1728.7
2020-04-28,1727.8
2020-04-29,1719.2
2020-04-30,1701.0
2020-05-01,1707.2
2020-05-04,1720.3
2020-05-05,1718.9
2020-05-06,1696.5
2020-05-07,1735.7
2020-05-08,1726.6
2020-05-11,1711.3
2020-05-12,1717.3
2020-05-13,1726.9
2020-05-14,1752.1
2020-05-15,1768.0
2020-05-18,1746.7
2020-05-19,1757.9
2020-05-20,1765.6
2020-05-21,1736.9
2020-05-22,1753.5
2020-05-26,1728.2
2020-05-27,1726.8
2020-05-28,1728.3
2020-05-29,1751.7
2020-06-01,1750.3
2020-06-02,1734.0
2020-06-03,1704.8
2020-06-04,1727.4
2020-06-05,1683.0
2020-06-08,1705.1
2020-06-09,1721.9
2020-06-10,1720.7
2020-06-11,1739.8
2020-06-12,1737.3
2020-06-15,1727.2
2020-06-16,1736.5
2020-06-17,1735.6
2020-06-18,1731.1
2020-06-19,1753.0
2020-06-22,1766.4
2020-06-23,1782.0
2020-06-24,1775.1
2020-06-25,1770.6
2020-06-26,1780.3
2020-06-29,1781.2
2020-06-30,1800.5
2020-07-01,1779.9
2020-07-02,1790.0
2020-07-06,1793.5
2020-07-07,1809.9
2020-07-08,1820.6
2020-07-09,1803.8
2020-07-10,1801.9
2020-07-13,1814.1
2020-07-14,1813.4
2020-07-15,1813.8
2020-07-16,1800.3
2020-07-17,1810.0
2020-07-20,1817.4
2020-07-21,1843.9
2020-07-22,1865.1
2020-07-23,1890.0
2020-07-24,1897.5
2020-07-27,1931.0
2020-07-28,1944.6
2020-07-29,1953.4
2020-07-30,1955.2
2020-07-31,1973.9
2020-08-03,1974.7
2020-08-04,2008.5
2020-08-05,2037.1
2020-08-06,2058.4
2020-08-07,2018.0
2020-08-10,2030.3
2020-08-11,1938.9
2020-08-12,1940.5
2020-08-13,1961.9
2020-08-14,1942.3
2020-08-17,1989.9
2020-08-18,2004.8
2020-08-19,1963.5
2020-08-20,1938.3
2020-08-21,1938.3
2020-08-24,1931.5
2020-08-25,1915.6
2020-08-26,1944.1
2020-08-27,1925.0
2020-08-28,1966.8
2020-08-31,1970.5
2020-09-01,1970.8
2020-09-02,1936.9
2020-09-03,1930.2
2020-09-04,1926.2
2020-09-08,1935.1
2020-09-09,1946.8
2020-09-10,1956.0
2020-09-11,1939.5
2020-09-14,1954.7
2020-09-15,1958.0
2020-09-16,1962.0
2020-09-17,1941.3
2020-09-18,1953.2
2020-09-21,1902.1
2020-09-22,1899.3
2020-09-23,1860.5
2020-09-24,1868.9
2020-09-25,1857.8
2020-09-28,1872.8
2020-09-29,1894.3
2020-09-30,1887.5
2020-10-01,1908.4
2020-10-02,1900.2
2020-10-05,1912.5
2020-10-06,1901.1
2020-10-07,1883.6
2020-10-08,1888.6
2020-10-09,1919.5
2020-10-12,1922.5
2020-10-13,1888.5
2020-10-14,1901.3
2020-10-15,1903.2
2020-10-16,1900.8
2020-10-19,1907.7
2020-10-20,1911.6
2020-10-21,1925.7
2020-10-22,1901.6
2020-10-23,1902.3
2020-10-26,1903.1
2020-10-27,1909.2
2020-10-28,1876.5
2020-10-29,1865.6
2020-10-30,1877.4
2020-11-02,1890.4
2020-11-03,1908.5
2020-11-04,1894.6
2020-11-05,1945.3
2020-11-06,1951.7
2020-11-09,1854.4
2020-11-10,1876.4
2020-11-11,1861.6
2020-11-12,1873.3
2020-11-13,1886.2
2020-11-16,1887.8
2020-11-17,1885.1
2020-11-18,1873.9
2020-11-19,1861.5
2020-11-20,1872.4
2020-11-23,1837.8
2020-11-24,1804.6
2020-11-25,1811.2
2020-11-27,1788.1
2020-11-30,1780.9
2020-12-01,1818.9
2020-12-02,1830.2
2020-12-03,1841.1
2020-12-04,1840.0
2020-12-07,1866.0
2020-12-08,1874.9
2020-12-09,1838.5
2020-12-10,1837.4
2020-12-11,1843.6
2020-12-14,1832.1
2020-12-15,1855.3
2020-12-16,1859.1
2020-12-17,1890.4
2020-12-18,1888.9
2020-12-21,1882.8
2020-12-22,1870.3
2020-12-23,1878.1
2020-12-24,1883.2
2020-12-28,1880.4
2020-12-29,1882.9
2020-12-30,1893.4
2020-12-31,1895.1
2021-01-04,1946.6
2021-01-05,1954.4
2021-01-06,1908.6
2021-01-07,1913.6
2021-01-08,1835.4
2021-01-11,1850.8
2021-01-12,1844.2
2021-01-13,1854.9
2021-01-14,1851.4
2021-01-15,1829.9
2021-01-19,1840.2
2021-01-20,1866.5
2021-01-21,1865.9
2021-01-22,1856.2
2021-01-25,1855.2
2021-01-26,1850.9
2021-01-27,1848.9
2021-01-28,1841.2
2021-01-29,1850.3
2021-02-01,1863.9
2021-02-02,1833.4
2021-02-03,1835.1
2021-02-04,1791.2
2021-02-05,1813.0
2021-02-08,1834.2
2021-02-09,1837.5
2021-02-10,1842.7
2021-02-11,1826.8
2021-02-12,1823.2
2021-02-16,1799.0
2021-02-17,1772.8
2021-02-18,1775.0
2021-02-19,1777.4
2021-02-22,1808.4
2021-02-23,1805.9
2021-02-24,1797.9
2021-02-25,1775.4
2021-02-26,1728.8
2021-03-01,1723.0
2021-03-02,1733.6
2021-03-03,1715.8
2021-03-04,1700.7
2021-03-05,1698.5
2021-03-08,1678.0
2021-03-09,1716.9
2021-03-10,1721.8
2021-03-11,1722.6
2021-03-12,1719.8
2021-03-15,1729.2
2021-03-16,1730.9
2021-03-17,1727.1
2021-03-18,1732.5
2021-03-19,1741.7
2021-03-22,1738.1
2021-03-23,1725.1
2021-03-24,1733.2
2021-03-25,1725.1
2021-03-26,1732.3
