Date,bitcoin,ishares
2014-09-17,,
2014-09-18,-0.07192557719547721,0.004610696634925748
2014-09-19,-0.0698426440964911,0.00013105166191840212
2014-09-22,0.018632453688296025,-0.010751278917072504
2014-09-23,0.08364741771971951,-0.004373678164277139
2014-09-24,-0.0288808131265037,0.00612353551321787
2014-09-25,-0.027483092962701794,-0.016803439618855776
2014-09-26,-0.017369942982672137,0.009554542041570357
2014-09-29,-0.07160284072259149,-0.0011996268301587287
2014-09-30,0.03056723944934614,-0.0028025890831444578
2014-10-01,-0.008603337950711332,-0.014721627014945615
2014-10-02,-0.022269721524698416,0.0009508285533599281
2014-10-03,-0.04148536380579804,0.011399049765258518
2014-10-06,-0.0818692660414253,-0.0030859252136301585
2014-10-07,0.018504666503937894,-0.01386282563322605
2014-10-08,0.04983235342833536,0.01596841905109425
2014-10-09,0.03424377778521115,-0.019075845806667213
2014-10-10,-0.009489704816945443,-0.01670764265722513
2014-10-13,0.07979817581057169,-0.017409469782202258
2014-10-14,0.02678181103448707,0.004819220137818769
2014-10-15,-0.01520938228365043,-0.005360389335590354
2014-10-16,-0.030946923144517968,0.002552829313492433
2014-10-17,0.003142013195453819,0.012165822261541281
2014-10-20,-0.0023790904932700085,0.010901438943315744
2014-10-21,0.009481657042715197,0.019770495789561915
2014-10-22,-0.008582743899355871,-0.00840566680028021
2014-10-23,-0.06457126993489026,0.013125485370522272
2014-10-24,-0.0002008582227037703,0.007422456340687056
2014-10-27,-0.014946453794677073,-0.0018754185699820791
2014-10-28,0.01311371407156603,0.014360488139565364
2014-10-29,-0.06159367627599721,-0.003572426473341439
2014-10-30,0.028945919029897293,0.006904846817284538
2014-10-31,-0.020225537254250026,0.011868679628941559
2014-11-03,-0.03182488688095497,0.00221553487733428
2014-11-04,0.008969568759880753,-0.00442137829853384
2014-11-05,0.02721393525756821,0.0026123825133852474
2014-11-06,0.028879003054712138,0.004820166627926836
2014-11-07,-0.01968278457114414,-0.00038895372459368804
2014-11-10,0.07157689165430248,0.004150454063565734
2014-11-11,0.0021012416110319787,0.0005166882076126367
2014-11-12,0.15193569925196204,0.0028401755744902335
2014-11-13,-0.006672049519761636,0.0003861997940266537
2014-11-14,-0.054468947953068336,0.00038602496461215274
2014-11-17,-0.02616775305082797,-0.002058091125754946
2014-11-18,-0.031517140366671303,0.006702706710422612
2014-11-19,0.014277781407564971,-0.0026888348960009134
2014-11-20,-0.05968913144702859,0.002952907947104899
2014-11-21,-0.019539470372674672,0.003840194474137526
2014-11-24,0.07425725554672691,0.006886024149095116
2014-11-25,-0.004120469290024631,-0.00012669706180334916
2014-11-26,-0.0185907401897063,0.003546649958031667
2014-11-28,0.021926313515301388,-0.0010097437329422698
2014-12-01,0.007432664005541101,-0.011244472236399905
2014-12-02,0.00545823155820413,0.004088934216996298
2014-12-03,-0.016534864788771086,0.005217561587743447
2014-12-04,-0.014415631198751333,-0.0008861881475170641
2014-12-05,0.01961558836359356,0.0006336036653218358
2014-12-08,-0.03965728595522622,-0.007724477454109646
2014-12-09,-0.02677469496565177,0.0028075803981622016
2014-12-10,-0.016620352961430718,-0.0174344867031182
2014-12-11,0.01195565983732938,0.004921590467556136
2014-12-12,0.005808687812179469,-0.013790437622911988
2014-12-15,-0.020414563834426747,-0.006664846140347458
2014-12-16,-0.05294122963140868,-0.011051229810518759
2014-12-17,-0.022277154584372738,0.020753040328669314
2014-12-18,-0.026205859644858,0.024110490076346247
2014-12-19,0.02070351283514893,0.0040722829200234845
2014-12-22,0.04418218923924222,0.003928998632978464
2014-12-23,0.008093155822493925,0.0
2014-12-24,-0.035980280250058394,-0.002398737533139572
2014-12-26,0.016711460032537317,0.004302759013047774
2014-12-29,-0.046516868202127526,0.0027722026209675565
2014-12-30,-0.006182278183485268,-0.006659939515960223
2014-12-31,0.030430856319009214,-0.008981757926286749
2015-01-02,-0.016118341477884823,-0.0039570847054931635
2015-01-05,-0.12874251608200848,-0.01627574051712788
2015-01-06,0.04268162391585939,-0.009119384858796709
2015-01-07,0.028470734872247716,0.011701262469136609
2015-01-08,-0.037331381294270494,0.01910334082408549
2015-01-09,0.02491270844404858,-0.0067584546482646335
2015-01-12,-0.0778628714726477,-0.007318012581846278
2015-01-13,-0.15659307669244793,-0.002457346094154045
2015-01-14,-0.21144861968905204,-0.0050563984197172784
2015-01-15,0.17821708525208035,-0.010945999764034431
2015-01-16,-0.008325203722533092,0.013965717682062673
2015-01-20,0.015463951907043194,0.0033784043659044194
2015-01-21,0.07373826208515011,0.0036259776320648474
2015-01-22,0.02868703823293761,0.01587101935483859
2015-01-23,-0.002257902480881313,-0.0024133620010992063
2015-01-26,0.1743136751215324,0.004074357015533492
2015-01-27,-0.03655931771134446,-0.01268069997463861
2015-01-28,-0.1121928544523878,-0.009247367069098344
2015-01-29,-0.0017185431119415284,0.009722582317863715
2015-01-30,-0.03035375760664294,-0.012068352805238214
2015-02-02,0.052132056281787964,0.010006576218665408
2015-02-03,-0.0460103464144106,0.012480699627362535
2015-02-04,-0.0018260731421477772,-0.001270885721924464
2015-02-05,-0.04294413178945122,0.009797735579474942
2015-02-06,0.023743680375243326,-0.0031502016129032473
2015-02-09,-0.009700111316167659,-0.004171432183036172
2015-02-10,-0.0012311844022027119,0.011805052343362377
2015-02-11,-0.0029749361356505855,0.003512708568561118
2015-02-12,0.011766361856571983,0.007250931547716721
2015-02-13,0.06161051165705844,0.006329924289437683
2015-02-17,0.03475811580865318,0.00209666990388091
2015-02-18,-0.02990023796272634,0.0015999753846154263
2015-02-19,0.016743823925529533,0.003317817727152006
2015-02-20,0.014549518389783689,0.0061236985640245045
2015-02-23,-0.02004688205166083,0.0
2015-02-24,-0.0006571881909581689,0.0020693608747568426
2015-02-25,-0.005298762203703955,0.001700680272108901
2015-02-26,-0.004396370049284615,0.000606378850351863
2015-02-27,0.0736044613029967,-0.003757192976434509
2015-03-02,0.08605043471109841,0.006447786201838612
2015-03-03,0.021881172109931457,-0.0036263022542581957
2015-03-04,-0.03056416398270745,-0.002911537061749403
2015-03-05,0.011300217095329801,0.0006082978316510612
2015-03-06,-0.012510109014508775,-0.01398348769415092
2015-03-09,0.06190898272339296,0.004316266090332643
2015-03-10,0.007434264493507925,-0.014734822820854143
2015-03-11,0.015831463674545354,-0.0026171486195699645
2015-03-12,-0.006832447689157917,0.012245458259289244
2015-03-13,-0.030633175963184822,-0.006542377322740989
2015-03-16,0.018420257062625955,0.013295227967434098
2015-03-17,-0.017508963490574625,-0.0008583690566098534
2015-03-18,-0.102295908963137,0.010922900789253731
2015-03-19,0.018060928061872206,0.00024278256057352898
2015-03-20,0.0031464004310859384,0.007161111785410679
2015-03-23,0.019067874694746134,-0.0024102915203521036
2015-03-24,-0.07927191194691119,-0.004228050355835955
2015-03-25,0.0024512103159624044,-0.02086618949411634
2015-03-26,0.009484242062635095,-0.0024779829017469446
2015-03-27,-0.006047474820525811,0.004719885611231156
2015-03-30,0.0020118851872323873,0.012486116948942971
2015-03-31,-0.013340020792401597,-0.007814407623579767
2015-04-01,0.012480362341458662,-0.006522249408755898
2015-04-02,0.023185002468718574,0.003344431891766142
2015-04-06,0.00982984111322227,0.007283901234567791
2015-04-07,-0.00904924993269074,-0.002941512584459516
2015-04-08,-0.032222095843094434,0.005285802219687996
2015-04-09,-0.005493416850404276,0.004891196011034493
2015-04-10,-0.031205326564892055,0.004258919445120357
2015-04-13,-0.048650410502293906,-0.004240857972636847
2015-04-14,-0.02416884706143685,-0.001338525188610551
2015-04-15,0.021326963820700318,0.0071890337516755665
2015-04-16,0.021176525124694257,-0.001209847509806683
2015-04-17,-0.024897927794603314,-0.01441371158947935
2015-04-20,0.00782478158263511,0.012043701313906752
2015-04-21,0.04738093394501752,0.00048575593165156583
2015-04-22,-0.004645754493525556,0.005947299429542419
2015-04-23,0.009761935675772326,0.003981684459017476
2015-04-24,-0.02196547803963067,0.00036050955414013153
2015-04-27,-0.0085701867839435,-0.003964368187514888
2015-04-28,-0.014963840246762672,-0.0006031117788873885
2015-04-29,-0.00020808483687473345,-0.00591356504948104
2015-04-30,0.04577785129746448,-0.013475779689795298
2015-05-01,-0.017218272379796007,0.012429165335240855
2015-05-04,0.02989934526388316,0.002309517554856644
2015-05-05,-0.012120438374506493,-0.012854693184574217
2015-05-06,-0.026846421734226023,-0.003317002375503586
2015-05-07,0.032865942788085745,0.00530013571552157
2015-05-08,0.027509783680383038,0.01336444368230616
2015-05-11,-0.006991638547293122,-0.00483970950176138
2015-05-12,-0.004319514442646666,-0.002188449848024354
2015-05-13,-0.019638180596569188,-0.0008529304252467007
2015-05-14,0.0023352610547355823,0.011463439024390398
2015-05-15,0.0028531543084504563,0.002411357549762183
2015-05-18,-0.018842154312277204,0.0034880923743083603
2015-05-19,-0.005065886421213639,0.000479467817331658
2015-05-20,0.008928759356350513,-0.0016772492709417053
2015-05-21,0.005666183676764636,0.0024000479443166967
2015-05-22,0.02126254813199102,-0.00023938705230197588
2015-05-26,-0.01344720948736644,-0.01137593075377974
2015-05-27,0.0007043303788567545,0.009568798681414803
2015-05-28,0.0005267971045799236,-0.0014396401065300823
2015-05-29,-0.0013142438057217598,-0.006848491801105694
2015-06-01,-0.059764814329865135,0.0
2015-06-02,0.012905623680181444,0.0018145897984711556
2015-06-03,0.00031442895748323707,0.004105832728072301
2015-06-04,-0.006862180012021213,-0.01070354754771985
2015-06-05,0.0027994819368528656,0.0007293702715931438
2015-06-08,0.01572336348595904,-0.0070456997084547
2015-06-09,0.0024465335525694076,-0.0023243700103834364
2015-06-10,-0.0010696884309019383,0.013979128682814146
2015-06-11,0.003942291069845005,0.0010883540672788072
2015-06-12,0.0012058640325125491,-0.005798429712453035
2015-06-15,0.029745819884726243,-0.004495795650265033
2015-06-16,0.05941993015391178,0.005004223117295092
2015-06-17,-0.006421040572015535,0.0019432111704256183
2015-06-18,-0.0011111543594192197,0.011151490909091066
2015-06-19,-0.01767420566210265,-0.0038360106409977
2015-06-22,0.00974629392067694,0.006618580183359368
2015-06-23,-0.010907323962360271,0.0009563896962010432
2015-06-24,-0.015477150352909086,-0.006807595518566911
2015-06-25,0.009496276778979684,-0.0034872773695393544
2015-06-26,0.0032743051375716536,-0.00024139012329216225
2015-06-29,0.055296933962994066,-0.023657188259678663
2015-06-30,0.023371596632970837,0.005315861045864567
2015-07-01,-0.01691928123203379,0.008116133792424929
2015-07-02,-0.01240811448097312,-0.00500126835807424
2015-07-06,0.05331776048128778,-0.0014711781292141568
2015-07-07,-0.01049324614538616,0.005156611671288447
2015-07-08,0.01719715478106454,-0.016489629498237846
2015-07-09,-0.005749974987536599,0.0012420020487828864
2015-07-10,0.05818865487455205,0.015504837124662885
2015-07-13,0.025132062094727514,0.0124587513751373
2015-07-14,-0.015716262129700898,0.0059114247798286446
2015-07-15,-0.005687595881792462,-0.0028783641851370945
2015-07-16,-0.027079200253326108,0.009381741640606345
2015-07-17,0.0049732138081886035,0.004051525358711228
2015-07-20,-0.0017568737703709258,0.0036790647121036635
2015-07-21,-0.011283851356924779,-0.004729833274210504
2015-07-22,0.005035572102378705,-0.004395794330421698
2015-07-23,-0.004231172358137525,-0.004892648931138499
2015-07-24,0.04430011886548635,-0.00887394171963063
2015-07-27,0.018544522030235377,-0.008469521876115604
2015-07-28,0.0027348207883000075,0.012446687611796792
2015-07-29,-0.01642854074912614,0.005303145587486124
2015-07-30,-0.006450537055154193,0.0014386044148853028
2015-07-31,-0.010676942187786032,0.0015563989358649
2015-08-03,-0.012025308526793732,-0.00394456113102748
2015-08-04,0.014191372599052343,-0.0007201007867488896
2015-08-05,-0.011696310022691558,0.005284064142383249
2015-08-06,-0.011724739887513547,-0.013379572333054535
2015-08-07,0.0036183712742741125,-0.0026636882268404882
2015-08-10,-0.05406223683874356,0.011290542399161385
2015-08-11,0.02236921003376846,-0.009003601008230389
2015-08-12,-0.014830572617029025,0.0004844578808258504
2015-08-13,-0.008619469996034579,-0.00048422329503439165
2015-08-14,0.006058793088322911,0.002664954443854395
2015-08-17,-0.02899721545837286,0.008819669388409723
2015-08-18,-0.18178828897553367,-0.0029940119760478723
2015-08-19,0.07392972000837905,-0.006846846846846777
2015-08-20,0.03822942850233546,-0.02382680212868904
2015-08-21,-0.011816468787343104,-0.031099045967042493
2015-08-24,-0.09491378902605252,-0.034271101497242995
2015-08-25,0.052799350407357615,-0.012314619296325269
2015-08-26,0.019051573330999494,0.03928140712060113
2015-08-27,-0.004702618454577534,0.021800878317898675
2015-08-28,0.02948359911042342,0.000504986744098046
2015-08-31,-0.005790921291481621,-0.010473211356466838
2015-09-01,-0.00841098689014852,-0.027416501591851605
2015-09-02,0.005098149621489023,0.02150266272467083
2015-09-03,-0.00916329978319419,-0.0011552303347335258
2015-09-04,0.013711435335000521,-0.012593215111796341
2015-09-08,0.05779030112653527,0.026418611474159803
2015-09-09,-0.02232692866639563,-0.013186255529700763
2015-09-10,0.0012974287112350602,0.00552486173648048
2015-09-11,0.00683499861967829,0.0066444669909413445
2015-09-14,-0.03941158815468915,-0.00266562586102137
2015-09-15,-0.0014741159727648112,0.011836578846888157
2015-09-16,-0.005266942800529084,0.006037786163521908
2015-09-17,0.0031384689515721043,0.0017504125156082573
2015-09-18,0.01377228156975141,-0.014103893806692636
2015-09-21,-0.025281677640562106,0.002911811695450295
2015-09-22,0.015558002030490847,-0.012370663661432246
2015-09-23,-0.0014525796156862336,-0.0029396217520353263
2015-09-24,0.01843819086866616,-0.004102038095063709
2015-09-25,0.0026222342722834746,-0.010426103477253146
2015-09-28,0.017002351967335017,-0.02887609336306174
2015-09-29,-0.010265875590786067,-0.002410929418112606
2015-09-30,-0.002649059773440099,0.019736733633902714
2015-10-01,0.006307709957703134,0.0032916394096980106
2015-10-02,-0.0010776597851838154,0.015223150405414776
2015-10-05,0.013021863320965332,0.015253360910031155
2015-10-06,0.02362899246001593,-0.007384772090654579
2015-10-07,-0.012574056033226366,0.008465905592611733
2015-10-08,-0.002736945933109469,0.006741287032783427
2015-10-09,0.006714701339166185,0.004674592427679425
2015-10-12,0.005645034866416987,0.001760664072467888
2015-10-13,0.01712132102141517,-0.0085362787579073
2015-10-14,0.009943577118867175,-0.005571081004249967
2015-10-15,0.009250439576730995,0.016042831678125813
2015-10-16,0.03361505490993477,0.002506215413222268
2015-10-19,0.0021608634944796368,0.0040000000000000036
2015-10-20,0.02287454201765704,-0.002739068725099547
2015-10-21,-0.011842107621649722,-0.007740249881154848
2015-10-22,0.029109357772022282,0.015098086809356648
2015-10-23,0.00902476036592681,0.013510114030738762
2015-10-26,0.03184127776285184,0.0015898985735549598
2015-10-27,0.02975116143362766,-0.001220976771160509
2015-10-28,0.03686337502273829,0.011613642463880636
2015-10-29,0.03032322340257143,-0.0004833836858006979
2015-10-30,0.04511638655978012,-0.0041107242171442016
2015-11-02,0.1011355532002094,0.01165472838036341
2015-11-03,0.11691385281547695,0.0015600383640936855
2015-11-04,0.02019249600671258,-0.0020369039060625926
2015-11-05,-0.0612518247146171,0.00024010085244308144
2015-11-06,-0.03075936285624714,-0.000480158455891333
2015-11-09,0.015453809342660607,-0.010327753588459498
2015-11-10,-0.11423324292929682,0.0012134206424743166
2015-11-11,-0.07640597769128221,-0.0030299356919176734
2015-11-12,0.08701184147954377,-0.012278166489711473
2015-11-13,-0.004137242917096717,-0.01353843692307688
2015-11-16,-0.017823105244520243,0.011727934828997144
2015-11-17,0.013130684134243564,0.0014798866188130422
2015-11-18,-0.0015040496368908807,0.017362418421376757
2015-11-19,-0.02522791805168023,-0.0007262648093376844
2015-11-20,-0.01265367719814503,0.005450629977001853
2015-11-23,0.0031798665633417933,0.0009636670048507323
2015-11-24,-0.00928660343377119,0.00036112650673381097
2015-11-25,0.02549634819670743,0.002165567801598378
2015-11-27,0.09090631659822779,0.0010803841017823501
2015-11-30,0.05384570086963425,-0.00611586521165608
2015-12-01,-0.039311372676423484,0.009290589027282525
2015-12-02,-0.009106494383964492,-0.008248678822506239
2015-12-03,0.005175515644758377,-0.015188090646094499
2015-12-04,0.005918980016922593,0.02080790799549126
2015-12-07,0.08908180105581698,-0.006235059802516596
2015-12-08,0.05063249980543505,-0.0027750483295136963
2015-12-09,0.00481274814589594,-0.011131251999243807
2015-12-10,-0.004990825479963434,0.003181132843208978
2015-12-11,0.08775168816954237,-0.020490304195397213
2015-12-14,-0.017161604481011228,0.004980724815856652
2015-12-15,0.04759086740764795,0.0069383719489533036
2015-12-16,-0.022322275778415612,0.01611918376371002
2015-12-17,0.00251467910762182,-0.014168054876045999
2015-12-18,0.016527861353576423,-0.016951307360210888
2015-12-21,-0.053874303651347044,0.008371835770881741
2015-12-22,-0.004712341953864607,0.007311078429297568
2015-12-23,0.013351772720572974,0.009349292655923103
2015-12-24,0.028444745765844104,-0.0029251186873801016
2015-12-28,-0.07188367545799335,-0.0012223200396607181
2015-12-29,0.02534819444676506,0.01150412434218584
2015-12-30,-0.01469574318300837,-0.007380544286012203
2015-12-31,0.009251772177250928,-0.010482691370063413
2016-01-04,0.005862077405070831,-0.018107908351810975
2016-01-05,-0.0026114880987264666,0.0007526784594156233
2016-01-06,-0.00660936211566876,-0.011282362355891418
2016-01-07,0.06744967375829591,-0.024977810955298274
2016-01-08,-0.010518532900320232,-0.010923328714607883
2016-01-11,-0.010595066265371433,0.0
2016-01-12,-0.02840591297676942,0.010255035767947396
2016-01-13,-0.007617801612991859,-0.03006244300168881
2016-01-14,-0.004775995592784854,0.014490836293863829
2016-01-15,-0.15332113891044985,-0.019706361592381927
2016-01-19,0.04341654501126513,-0.0001349433314909998
2016-01-20,0.10543504091989075,-0.004048063689110815
2016-01-21,-0.023720385834128277,0.0024386940099905274
2016-01-22,-0.06768842708761469,0.022705771663894536
2016-01-25,0.02414170467207999,-0.012950918804041756
2016-01-26,0.0010900527047714714,0.009907591112395364
2016-01-27,0.007188444031215768,-0.015776242874188107
2016-01-28,-0.037174747976112865,0.0033674569872699234
2016-01-29,-0.002143112206392739,0.023358921287660595
2016-02-01,-0.016912882086553727,0.0034106517953220727
2016-02-02,0.0037313379224566123,-0.01830307277560661
2016-02-03,-0.012015000811941845,0.001598135655780153
2016-02-04,0.053101883596091914,0.0006648318042814516
2016-02-05,-0.007815785271063524,-0.02644174790215914
2016-02-08,-0.033894848071413075,-0.0174696065221569
2016-02-09,0.006913969217119842,0.0009723572988569185
2016-02-10,0.01494564280830768,0.0018041077381103499
2016-02-11,-0.005227303275928685,-0.00817293231270455
2016-02-12,0.012140022486580193,0.016340754646389843
2016-02-16,0.06044039368869769,0.02020066072286153
2016-02-17,0.021679126374877677,0.01899251128751378
2016-02-18,0.014534411178870332,-0.007138162402163584
2016-02-19,-0.0037596675276008185,0.0021301557715351915
2016-02-22,0.040312705630545675,0.01315273087034563
2016-02-23,-0.0388625294554753,-0.009572567281076028
2016-02-24,0.010027654111417261,0.005428359735955457
2016-02-25,-0.0009671165478051247,0.011193020511113483
2016-02-26,0.017920408467620774,-0.00013025133480926154
2016-02-29,0.012831093914528413,-0.007944777492700617
2016-03-01,-0.005880792084312025,0.023893922118784827
2016-03-02,-0.02558810349770868,0.0029491474022091957
2016-03-03,-0.005514324482001731,0.002556839617570139
2016-03-04,-0.025404910636035782,0.003060520353494356
2016-03-07,0.008229978272079164,-0.0027968724740974338
2016-03-08,-0.0008424120143709635,-0.009051478606540764
2016-03-09,0.0021450726913319063,0.003988112492571139
2016-03-10,0.005474201133184753,-0.0011533059969247583
2016-03-11,0.01092939596636855,0.016549096423301934
2016-03-14,-0.012454679919112643,0.0002524482648271764
2016-03-15,0.0009413142203540392,-0.00315417604960444
2016-03-16,0.00043422739640841534,0.007340766805701282
2016-03-17,0.008656884641403684,0.004397612986436261
2016-03-18,-0.026325356906453212,0.00512879646913178
2016-03-21,0.009178418557254098,0.0022401991845726332
2016-03-22,0.011570048218418005,0.0006209363124531908
2016-03-23,-0.00011481766146215211,-0.011665450194453864
2016-03-24,-0.003939740501759714,0.00012559015570068333
2016-03-28,0.01882105835854353,0.0008788449245737961
2016-03-29,-0.018185840304527745,0.013923732716414117
2016-03-30,-0.004081430333367386,0.0037114436790439687
2016-03-31,0.004611668676915315,-0.0002464932884628235
2016-04-01,0.002953926864183387,0.007767205030206004
2016-04-04,0.008335747619441447,-0.003058478176131141
2016-04-05,0.006136044171942023,-0.008099104383338052
2016-04-06,-0.0014550975201166327,0.011134504240145837
2016-04-07,-0.0015776535190604735,-0.011746090211863791
2016-04-08,-0.005667709915761487,-0.00024756717828744446
2016-04-11,0.005076741005870744,-0.003591331269349962
2016-04-12,0.00640735837225459,0.007457096694009513
2016-04-13,-0.003424334987067734,0.011596373343113253
2016-04-14,0.0012932735828621311,0.00024385365853674124
2016-04-15,0.012800448365931416,0.00024389174561778582
2016-04-18,-0.0026110682386990547,0.005485104826913556
2016-04-19,0.01614126276934469,-0.002060831665919194
2016-04-20,0.013501454526761991,-0.00012150145772593657
2016-04-21,0.018206117176347902,-0.0017008869323503761
2016-04-22,-0.00820601457077852,-0.003772642175310814
2016-04-25,0.03519787453139411,-0.0008551184949913138
2016-04-26,0.010105616177952914,-0.0006113461303338674
2016-04-27,-0.045918220565386636,-0.002079740691943832
2016-04-28,0.009723634563898687,-0.008949417678067895
2016-04-29,0.013554231833427854,-0.005195423314963921
2016-05-02,-0.022913751010677386,0.00808259159618463
2016-05-03,0.012672302148263537,-0.007647761194029767
2016-05-04,-0.007954628676104969,-0.005469161241474785
2016-05-05,0.002807177712554232,-0.00037492812461126235
2016-05-06,0.025954478951086157,0.003250737521843572
2016-05-09,0.001914706835560498,0.0037388086674678966
2016-05-10,-0.02082164370531958,0.011671268934690726
2016-05-11,0.00406526584840794,-0.012027539910282714
2016-05-12,0.004501585971057098,-0.0014907080745341084
2016-05-13,0.001987883918083133,-0.006842448540493984
2016-05-16,-0.003307259545297203,0.010397118617133438
2016-05-17,-0.0008367128212124486,-0.011157971179867499
2016-05-18,0.0018422858908837547,-0.0002508024009327814
2016-05-19,-0.034983123054244336,-0.004890895532753792
2016-05-20,0.00902863826428213,0.007813535168583075
2016-05-23,0.003341053087823287,-0.0016256845910794793
2016-05-24,0.004111152647411798,0.01590686452439205
2016-05-25,0.00811247810411131,0.004684971027000273
2016-05-26,0.008418621946264748,0.0009817401149032623
2016-05-27,0.04428913650930033,0.0047811695476278615
2016-05-31,0.122336647233376,0.00036600780868734084
2016-06-01,0.010414269750802285,0.002683278514044929
2016-06-02,0.001959327336118255,0.0035275513927746083
2016-06-03,0.05803645147060954,-0.0026666909090908852
2016-06-06,0.028712561730054764,0.0043753282541401095
2016-06-07,-0.015268039762618701,0.0004840271055179812
2016-06-08,0.008754875816771701,0.003023705853894443
2016-06-09,-0.01206064654348804,-0.0014470276136502314
2016-06-10,0.004942251492767058,-0.010385243578921455
2016-06-13,0.21976208698824284,-0.008175692894481612
2016-06-14,-0.02671436365581792,-0.0008611958873326886
2016-06-15,0.012996653427451488,0.00036938800640329283
2016-06-16,0.10344448725669109,0.0017232890626117658
2016-06-17,-0.022704952037541304,-0.006389751938799537
2016-06-20,-0.015600004869483541,0.007296512490724716
2016-06-21,-0.09572917091301825,-0.00036829958837558685
2016-06-22,-0.10580625622924344,-0.0012281749257720964
2016-06-23,0.04673748178433468,0.012911977373339933
2016-06-24,0.06622362949633764,-0.034842806001145865
2016-06-27,-0.01506688997618233,-0.018238943396226448
2016-06-28,-0.012626831020496776,0.017424726845625793
2016-06-29,-0.010990651100670767,0.01649663687209979
2016-06-30,0.05226985765671022,0.011892938258351471
2016-07-01,0.004394599004458266,0.0048971841332026145
2016-07-05,-0.008382434354141988,-0.005848001806822545
2016-07-06,0.009996585076425202,0.0025735294748412407
2016-07-07,-0.05428510185671509,0.0017112578342808327
2016-07-08,0.040528469552765234,0.015009201464756705
2016-07-11,-0.028302118181936398,0.004808872325077873
2016-07-12,0.02608166964134684,0.0050251015787246
2016-07-13,-0.015172660368705237,-0.0009524047619047238
2016-07-14,0.0055159074251356355,0.003813155476957819
2016-07-15,0.007866851613941517,-0.0005934947909186361
2016-07-18,0.014852527196534293,0.0027318683280230793
2016-07-19,-0.00035953325854820584,-0.0015398957957805104
2016-07-20,-0.01066934157664734,0.007355605647170416
2016-07-21,-0.0010109496263576156,-0.0036509949993642765
2016-07-22,-0.02164322520580475,0.0041370922963852585
2016-07-25,0.005345626085978328,-0.0008239906214945192
2016-07-26,-0.003536154504671818,0.0007069274436128925
2016-07-27,0.003939944846482524,0.0007063574121413119
2016-07-28,0.0010437547534623004,0.0025882588235293102
2016-07-29,0.0029876740642365007,0.001173409970114836
2016-08-01,-0.07720037792118994,0.0023440693858416406
2016-08-02,-0.09699763244704707,-0.006080402529485718
2016-08-03,0.03450440131950194,0.001411788235294198
2016-08-04,0.021071627197486675,0.0018796522114743475
2016-08-05,-0.005613060242174561,0.00609763147508513
2016-08-08,0.027843109410438327,-0.002331072152397584
2016-08-09,-0.005503711863790284,0.0011682009618738665
2016-08-10,0.007318806563836766,-0.0007000700443440255
2016-08-11,-0.005038028626730862,0.0044371321812237685
2016-08-12,-0.0026496707177626755,-0.0013949547265731388
2016-08-15,-0.03458211051788107,0.0032595808321402853
2016-08-16,0.017980107502646225,-0.006498004177303396
2016-08-17,-0.007313366104216179,0.0
2016-08-18,0.0019224690068535555,0.0007007474725357898
2016-08-19,0.0022844696074149073,0.0009337301587299951
2016-08-22,0.019323151856894594,0.0006996035284607682
2016-08-23,-0.005688957791780469,0.0034957119552552207
2016-08-24,-0.005541460404535625,-0.006967092267368913
2016-08-25,-0.004172864671413312,-0.00187086070490472
2016-08-26,0.0032712748797474323,-0.0018744611059043903
2016-08-29,-0.009564386139997327,0.003521173874233563
2016-08-30,0.005915266717835266,-0.003040959064327442
2016-08-31,-0.0035168752918197654,-0.0025809714354990687
2016-09-01,-0.005506794566202844,0.0011762644637149933
2016-09-02,0.005650866968490709,0.004464262113151651
2016-09-06,0.06063726187592544,0.002806994152046771
2016-09-07,0.006729668916923837,0.0006998600583125736
2016-09-08,0.01915562251859315,-0.003729603555729488
2016-09-09,-0.005516314633256303,-0.02573708349381909
2016-09-12,-0.023469187282890935,0.013928962870532358
2016-09-13,0.00164086891452353,-0.011605897403934362
2016-09-14,0.0023685092330978375,0.0016774263120058475
2016-09-15,-0.005778752806109511,0.012201005076579063
2016-09-16,-0.00029977022557114985,-0.0037815881876249735
2016-09-19,0.003713456641899926,0.0
2016-09-20,-0.0015018671447895038,0.00189793585300424
2016-09-21,-0.018350821255852412,0.009235117215249833
2016-09-22,-0.0014251267581905092,0.008212154111031378
2016-09-23,0.010974389123113326,-0.004421735992047315
2016-09-26,0.008627551120444554,-0.0121552363757651
2016-09-27,-0.0030869756043417906,0.007098982825318512
2016-09-28,-0.002372269249749537,0.00305446421394584
2016-09-29,0.0015957024594792646,-0.009369829219251224
2016-09-30,0.006673334588171542,0.006147978100071505
2016-10-03,0.0039328742141964135,-0.0030552527157521325
2016-10-04,-0.003151303740535516,-0.0028288308735894274
2016-10-05,0.003780714448602396,0.00189130028111828
2016-10-06,0.0008326544529928537,0.00023591316102145043
2016-10-07,0.006688149389258546,-0.004718094001370576
2016-10-10,0.0030351374932691133,0.004977554040709986
2016-10-11,0.035667553033335464,-0.012735872040760876
2016-10-12,-0.007612255472306706,0.0009555900392836936
2016-10-13,0.0009336709423062306,-0.003579999829116942
2016-10-14,0.005640796025589756,0.00047904191616776615
2016-10-17,-0.0018504664692636785,-0.0047881254488868485
2016-10-18,-0.001928949493349652,0.008419485205677146
2016-10-19,-0.011662175909825212,0.001669942827764448
2016-10-20,0.0005344398104916159,-0.0016671587679371047
2016-10-21,0.003124334065599088,0.002862667121310336
2016-10-24,0.03307847140260001,0.0061845383876180104
2016-10-25,0.005853862622509087,-0.0056737117180546415
2016-10-26,0.03150301190176963,-0.004992938540348546
2016-10-27,0.01475587902165687,-0.0050178974918946295
2016-10-28,0.0019439020087179681,-0.004082564939542843
2016-10-31,0.016415526090130417,-0.00024118639399117736
2016-11-01,0.041115830042765644,-0.007959430968630832
2016-11-02,0.015122025761194147,-0.00583520530427406
2016-11-03,-0.07036572336892888,-0.0070922232108640015
2016-11-04,0.02110494082581793,0.0
2016-11-07,-0.00014789366601264398,0.022660148899514843
2016-11-08,0.009553043716615806,0.003371868978805148
2016-11-09,0.018912482086200777,0.009841574651944462
2016-11-10,-0.010699988652970727,-0.003565533634418805
2016-11-11,0.0012256776109549339,0.001669942827764448
2016-11-14,-0.01589871571641721,-0.0028578946007193906
2016-11-15,0.009358619158059911,0.0071650109186771616
2016-11-16,0.04578148999696707,0.002608513284729108
2016-11-17,-0.004328159990562019,0.00709562457652857
2016-11-18,0.014316277216651407,-0.002818294841789748
2016-11-21,-0.01641469113789762,0.007065450001541462
2016-11-22,0.016366630994108622,0.003507998293170944
2016-11-23,-0.008987846008326028,-0.0004661151246794226
2016-11-25,-0.003955185005158568,0.003963674608619128
2016-11-28,-0.007868950274720787,-0.005805852164285863
2016-11-29,-0.0002840178189407183,0.0039710113531647995
2016-11-30,0.013712506926484735,-0.010470009306654315
2016-12-01,0.01486273578750108,-0.008934799175518315
2016-12-02,0.0279739834662156,0.0009489204769195236
2016-12-05,-0.02473694602967358,0.00758471219684087
2016-12-06,0.007280857931500906,0.003999106280832887
2016-12-07,0.005113710123096915,0.011246485473289436
2016-12-08,0.003486352519826319,0.0023169138090826102
2016-12-09,0.002573926136334226,0.006010217568664711
2016-12-12,0.009437144883859272,-0.0034467141544118896
2016-12-13,0.0006012855169128528,0.006917200989559724
2016-12-14,0.001185037286817181,-0.006411701690483218
2016-12-15,-0.004341762527621529,0.0036874856807440626
2016-12-16,0.008763750226286948,-0.0020665901737447756
2016-12-19,0.009946410439753306,0.0027612287795957258
2016-12-20,0.010296258314169915,0.0039008258879840163
2016-12-21,0.0417106143264927,-0.002742834285714313
2016-12-22,0.03626952044021481,-0.0075636486921006885
2016-12-23,0.06644462079462099,0.0023095381595736875
2016-12-27,0.01216288882511396,0.002995322442611803
2016-12-28,0.04578130588745655,-0.007810705440172372
2016-12-29,-0.0024838198459093963,0.0009261634852086864
2016-12-30,-0.012592779316900837,-0.0071709923664121655
2017-01-03,0.08593292406499753,0.008620759954369062
2017-01-04,0.10623277285016308,0.007160937695520175
2017-01-05,-0.12240954807460713,0.0011468807865542274
2017-01-06,-0.10971108118518669,0.005269163561550272
2017-01-09,0.0006949826121283031,0.0006836599661881326
2017-01-10,0.005373130855357511,0.0009109769984059213
2017-01-11,-0.1431364994781371,0.0009101478746267322
2017-01-12,0.03481416989950681,-0.0020459194341476694
2017-01-13,0.023793757943501692,0.0034167879992350603
2017-01-17,0.1018878741371303,-0.0024971623722397362
2017-01-18,-0.023481787613010452,0.002503413802990684
2017-01-19,0.01404778299888787,-0.003632236177803283
2017-01-20,-0.004501299682008741,0.0018227842748412826
2017-01-23,0.029033819096837554,-0.0006823288450688025
2017-01-24,-0.030754226070777158,0.006372371560591228
2017-01-25,0.00991946772045127,0.006784237747981869
2017-01-26,0.017796183807708754,0.0
2017-01-27,0.0023583631423740314,-0.0002246630727762433
2017-01-30,0.0006871639032346444,-0.004942642324989643
2017-01-31,0.0543480804355001,-0.0018063219280576304
2017-02-01,0.019187898957630622,0.0022619769794609557
2017-02-02,0.02302977561664621,0.0006770254868648795
2017-02-03,0.01789883990391994,0.005638249887234936
2017-02-06,0.008000689116502091,-0.0008970845481049983
2017-02-07,0.02234739822151166,0.0008978900313780791
2017-02-08,0.0016205493370644586,0.0022426328773266224
2017-02-09,-0.06461188208588486,0.00514654296591055
2017-02-10,-0.005741233531712631,0.003784550480167015
2017-02-13,0.0019905630957259834,0.003770192947438522
2017-02-14,0.014039338724644468,0.004198033769245768
2017-02-15,0.002916720954657004,0.004620439942344401
2017-02-16,0.019811769361412157,0.00043802014892690977
2017-02-17,0.018268727203393675,0.0008756786339756406
2017-02-21,0.06603845363311334,0.005686767154707395
2017-02-22,0.0019186693320052406,-0.00021746411483236638
2017-02-23,0.04410083100833062,-0.0008701544296247921
2017-02-24,0.00596551286769742,0.0017417374265187302
2017-02-27,0.005359141086673125,0.003042903848854639
2017-02-28,0.0,-0.0032503140519907214
2017-03-01,0.03604331469889588,0.01260873913043481
2017-03-02,0.023321071574642138,-0.005581837458916383
2017-03-03,0.019168495702124755,0.0015112046632124176
2017-03-06,-0.0016941576145237391,-0.0023712007409184555
2017-03-07,-0.03872466763345095,-0.0034572170150650727
2017-03-08,-0.06010431751796552,-0.0004336730362894947
2017-03-09,0.03346955652173911,0.001084685513435435
2017-03-10,-0.060387567084178806,0.0034669337609130046
2017-03-13,0.10315932014436946,0.0019434462979173173
2017-03-14,0.006558831508061802,-0.0036638360489726907
2017-03-15,0.007749987903225897,0.009517585983127796
2017-03-16,-0.04945537146936296,-0.0023569103217017107
2017-03-17,-0.0737323937749208,0.0008590420777696561
2017-03-20,-0.04180944060440894,-0.000643733933207491
2017-03-21,0.06289904504518073,-0.011595469186171381
2017-03-22,-0.06371929740566817,0.003693287066984352
2017-03-23,-0.010055901833083691,-0.0017316449841635606
2017-03-24,-0.09731457967888735,-0.0032523417877783345
2017-03-27,0.11546420096714294,-0.00043506633815393325
2017-03-28,0.0013196056241888687,0.006093558082838735
2017-03-29,-0.006856756754464843,0.0025956738048886763
2017-03-30,-0.013019526887858679,0.0008630205334636543
2017-03-31,0.04419198836124494,-0.00021552059097917908
2017-04-03,0.06719601543152609,-0.001940491549364154
2017-04-04,-0.00923235367350439,0.0008641391042527591
2017-04-05,-0.007474053386278379,-0.002805978726268976
2017-04-06,0.05147675412718411,0.0019480519058863166
2017-04-07,-0.0048872304732382466,-0.00021607258120392991
2017-04-10,0.008692310979169449,0.0006482714055375816
2017-04-11,0.015061539110874378,-0.001295638063147475
2017-04-12,-0.003850602867605968,-0.004324345945945995
2017-04-13,-0.02590031917617197,-0.004560238969820496
2017-04-17,0.021064248417091536,0.00807153141361261
2017-04-18,0.014875501079840925,-0.0015148236640299961
2017-04-19,-0.0011389280496233445,0.0
2017-04-20,0.015525135624123054,0.007368899162741416
2017-04-21,-0.005719649861412379,-0.001075731497418131
2017-04-24,0.022994127796152286,0.009907365927202205
2017-04-25,0.0122705001043939,0.006611260537668029
2017-04-26,0.01231931198444336,-0.000635656766193704
2017-04-27,0.028608693648158212,0.0029680518536379097
2017-04-28,-0.00094860101763794,-0.0006341576699607776
2017-05-01,0.079849293264604,0.003807106679507566
2017-05-02,0.021961149779873068,0.0010534977044562854
2017-05-03,0.025653571251285534,-0.0027362030198360143
2017-05-04,0.031931010264919735,0.001688433902734765
2017-05-05,0.011562888325344911,0.0035820059751792144
2017-05-08,0.10794305846488772,0.0008397438412819369
2017-05-09,0.018574293930880614,0.0006293895795841387
2017-05-10,0.018098863065971083,0.0016771068830794267
2017-05-11,0.03437911110445491,-0.0014650481679581162
2017-05-12,-0.06725737171537893,-0.0008384196361019836
2017-05-15,0.008229749966534472,0.0052443887243291964
2017-05-16,-0.002289481242481961,0.0006261060361480997
2017-05-17,0.06033037444503342,-0.01856100065566213
2017-05-18,0.026948142242215978,0.005737377693638468
2017-05-19,0.052450128791039496,0.005493302113107834
2017-05-22,0.09341903227500103,0.006514015549485164
2017-05-23,0.06764517651110125,0.001043820415706831
2017-05-24,0.05310244487721638,0.0035453179656868006
2017-05-25,-0.056743186014110436,0.007689173060872134
2017-05-26,-0.04449498862892509,0.00020618683414364014
2017-05-30,-0.012236517991322526,0.0
2017-05-31,0.050995850312290925,0.0004123711340207059
2017-06-01,0.05312694384435468,0.00577079554822757
2017-06-02,0.03350257069280893,0.007172192769921981
2017-06-05,0.07966888593607702,-0.0006104374115794009
2017-06-06,0.06565030207816425,-0.0030537052738945913
2017-06-07,-0.04576698841945459,0.0018378598767028187
2017-06-08,0.026887227455960172,-0.0010192213408229955
2017-06-09,0.006483394487294403,-0.008365640006759545
2017-06-12,-0.05814136665344316,-0.0037037038561195113
2017-06-13,0.021578241907578954,0.006195849078721727
2017-06-14,-0.07752975739943202,-0.0006158045850614968
2017-06-15,-0.016673530663548042,-0.0018484494115517114
2017-06-16,0.02190230355339251,0.0008230658774925903
2017-06-19,0.028206609068598842,0.00966287026445034
2017-06-20,0.0510464689517478,-0.006108735367364337
2017-06-21,-0.012010456549400361,0.0024584920619035167
2017-06-22,0.0060651568947287515,-0.0004087471898631678
2017-06-23,0.014600375279470779,0.002657963606624403
2017-06-26,-0.09707420991672966,-0.001223511394300325
2017-06-27,0.029857371124295984,-0.014087362188648478
2017-06-28,0.008752409813656659,0.009111596415166678
2017-06-29,-0.013775869279724184,-0.012723147958136671
2017-06-30,-0.02302977900933123,0.0018707129106068088
2017-07-03,0.033545076686942066,-0.0026971161266158283
2017-07-05,0.014792918312058978,0.0056168088204702205
2017-07-06,0.0025250170159185625,-0.00868849813818795
2017-07-07,-0.03446351433996242,0.007721264929935856
2017-07-10,-0.05800697914947406,0.003313315317595489
2017-07-11,-0.014655064207164892,0.00020635706488425498
2017-07-12,0.026114427720854927,0.009079715416419942
2017-07-13,-0.01706665909278393,0.0010224743958087146
2017-07-14,-0.052826591109464416,0.006537262379218367
2017-07-17,-0.0022075348158976382,0.00040594682362482537
2017-07-18,0.04059844219540509,0.002637390898003966
2017-07-19,-0.01959995915838475,0.005868090079647503
2017-07-20,0.23936086982072857,-0.0004023335425937802
2017-07-21,-0.0531800407397629,-0.0002012276152389969
2017-07-24,0.032649150101024205,0.0006038446054750235
2017-07-25,-0.06475106541589626,0.00020120700465109387
2017-07-26,-0.018253597685629952,0.001005611403748663
2017-07-27,0.05626918134661274,-0.002812919429375227
2017-07-28,0.051362754235183994,-0.0016119685349190727
2017-07-31,0.023613329167168073,-0.0028254087351243795
2017-08-01,-0.05463008659586421,0.001416717263711842
2017-08-02,-0.002792259744129444,0.0014146928051739227
2017-08-03,0.03469993053621234,-0.002421776032730083
2017-08-04,0.03250220650474156,0.0022253894396115914
2017-08-07,0.16680539172695674,0.003027815845219717
2017-08-08,0.01213398305856428,-0.0028174683601824846
2017-08-09,-0.022652435813638183,0.0008072855864236228
2017-08-10,0.011611191225867179,-0.01673728574309341
2017-08-11,0.07965625020405542,0.004101743400399593
2017-08-14,0.1847658053652257,0.011437929155186488
2017-08-15,-0.03310876456285139,-0.00040387722132473325
2017-08-16,0.04655737872367571,0.002626282828282811
2017-08-17,-0.010268161393897746,-0.01531335854698046
2017-08-18,-0.03949262905010842,-0.0028647227924027963
2017-08-21,-0.03818664586820297,0.0022573363431153126
2017-08-22,0.02468426990430217,0.011466052416052364
2017-08-23,0.012437446897284099,-0.004048603074955359
2017-08-24,0.044118817955260514,-0.0016260568775191553
2017-08-25,0.008517334728503467,0.000814352622442005
2017-08-28,0.0025299793558564154,0.001423921887713675
2017-08-29,0.04480380796379513,0.0026406865732278018
2017-08-30,-0.00299632125216176,0.006482961781139496
2017-08-31,0.030247812388741968,0.007648973429951633
2017-09-01,0.04010290949844708,0.0005992608749649797
2017-09-05,-0.10537182173728321,-0.005989199441006288
2017-09-06,0.05040302313400136,0.0024101023818015044
2017-09-07,0.0006003249707993152,0.0030054297735926383
2017-09-08,-0.08068251616125943,-0.0027967038993866877
2017-09-11,-0.015957429500443432,0.00921480405508035
2017-09-12,-0.0073198713021750406,0.001984894760125089
2017-09-13,-0.06008990184847429,-0.00019807844690955534
2017-09-14,-0.18741101185235398,-0.0009907469587726592
2017-09-15,0.15295648948315121,0.0009917295117702896
2017-09-18,0.1175745916581925,0.0009906677037712086
2017-09-19,-0.03449522328305277,0.00039590261282640427
2017-09-20,-0.0048459020426987465,-0.00019790264744945496
2017-09-21,-0.07038234371887375,-0.004155927254223646
2017-09-22,-9.366131916677123e-05,0.0003974562798092496
2017-09-25,0.08135349133399106,-0.005959455701231797
2017-09-26,-0.008588733623182021,-0.002997641826585795
2017-09-27,0.07921174001239595,0.0054119263462000244
2017-09-28,-0.006175191691245696,0.0015949362041467463
2017-09-29,-0.0027930323771502286,0.004777030064608612
2017-10-02,0.059151061694995954,0.0029714936608558062
2017-10-03,-0.020828573944696505,0.0019750937788840517
2017-10-04,-0.020410081206676534,0.0017740981667653255
2017-10-05,0.023419689080262263,0.005706434474616273
2017-10-06,0.00979572209468782,0.0007826452595844913
2017-10-09,0.09179304421473589,-0.000782033205003696
2017-10-10,0.002089306825665771,0.0007826452595844913
2017-10-11,0.009303604529276921,0.0037145257589628056
2017-10-12,0.12854713550474517,0.0003895792754187166
2017-10-13,0.03677310608462325,0.0017523364144795828
2017-10-16,0.013879399480681176,0.001360524754897563
2017-10-17,-0.02097252532432703,0.0013586956521738358
2017-10-18,-0.002643796125356812,0.000775363442527599
2017-10-19,0.02107612481527177,-0.0007747627198380069
2017-10-20,0.05306632436054781,0.0034890482651677157
2017-10-23,-0.013495973245770232,-0.005408499130770794
2017-10-24,-0.06807047494577079,0.001359467805031489
2017-10-25,0.040559845121683535,-0.0034910782876051982
2017-10-26,0.026784147983395235,0.0005838653058802823
2017-10-27,-0.020987932652242525,0.014977630811126241
2017-10-30,0.06048018283088408,-0.0021080873898045027
2017-10-31,0.05511271111131233,0.0013443249471865037
2017-11-01,0.04621083444571483,0.00019184887211065593
2017-11-02,0.045984288925278616,0.0
2017-11-03,0.01826089793035246,0.006136126322679791
2017-11-06,-0.025666782191142157,0.0028587382721794175
2017-11-07,0.01731799478444529,0.00019007982117225097
2017-11-08,0.044133999474226915,0.003230058840394179
2017-11-09,-0.04237573753067059,-0.005113636460485571
2017-11-10,-0.0735541472570862,0.0
2017-11-13,-0.008861991705510497,0.0011422235130826852
2017-11-14,0.011625867754893715,-0.0019014641566839074
2017-11-15,0.10244358798930042,-0.006286949655669671
2017-11-16,0.07602308223796173,0.009202434815950955
2017-11-17,-0.02066896793693207,-0.003229445350103388
2017-11-20,0.06377611062881017,0.0013340956482923438
2017-11-21,-0.01577680370720269,0.008374552562341986
2017-11-22,0.022585078944911796,-0.0007550207625518501
2017-11-24,1.7038123392154603e-05,0.0034000756214596084
2017-11-27,0.18957085830513765,0.00037650603118422055
2017-11-28,0.024489879213466903,0.006398212389879587
2017-11-29,-0.01691945920977611,-0.006544483919222133
2017-11-30,0.03488753674374734,0.009222623579472566
2017-12-01,0.07250625667897381,-0.0029839612641543445
2017-12-04,0.062101444138057404,-0.006172802210490214
2017-12-05,0.022260919917228783,-0.0022586673770248478
2017-12-06,0.19928333902336637,0.0015091870027990062
2017-12-07,0.2524716942938108,0.004332265963458148
2017-12-08,-0.07431961910219842,0.005251275318829629
2017-12-11,0.022173426999782198,0.003544832221822114
2017-12-12,0.0282579700965071,0.00018587097628053328
2017-12-13,-0.05783393716979979,0.0011152788311390438
2017-12-14,0.009495300423923991,-0.002599331552184614
2017-12-15,0.0689990576551558,0.008935219491153612
2017-12-18,0.07947742388133028,0.005535036798246518
2017-12-19,-0.06997415819913033,-0.00697249541284406
2017-12-20,-0.06480953498772235,-0.0009238544147053274
2017-12-21,-0.04942670724864617,-0.0011097096356573743
2017-12-22,-0.12473030502189153,-0.000740548074080638
2017-12-26,0.16396998452653655,-0.002038169315579763
2017-12-27,-0.016230003364318235,0.001299647209438426
2017-12-28,-0.07778514379518264,0.0018542369738550057
2017-12-29,0.003402608085441461,-0.0048121229837518875
2018-01-02,0.022236282915348182,0.008182983076064687
2018-01-03,0.014610795329948356,0.009038959768289168
2018-01-04,0.026195657851457055,0.003656325344491229
2018-01-05,0.11733292618339908,0.009471693644018453
2018-01-08,-0.1296308207923348,0.002526218063017671
2018-01-09,-0.03788368124221464,0.002159809176389249
2018-01-10,0.02589167846556828,-0.003053196839080452
2018-01-11,-0.10468634305155422,0.00630522451108706
2018-01-12,0.04287694970542644,0.006802738868550984
2018-01-16,-0.17811107381953784,-0.0021337659269641263
2018-01-17,-0.026273912449414683,0.011047808464857534
2018-01-18,0.025588616270592057,-0.00035250263121233694
2018-01-19,0.011546941192092763,0.004936512606902088
2018-01-22,-0.05823870782678853,0.007543859649122853
2018-01-23,-0.005763214020764296,0.004004875500609462
2018-01-24,0.0451768413322895,-0.0026014915019075824
2018-01-25,-0.008803281560462395,0.0010433316307887353
2018-01-26,-0.007815691506125044,0.01354868855306579
2018-01-29,0.011189286537496512,-0.006855133054160523
2018-01-30,-0.10535219581524113,-0.009836065404036809
2018-01-31,0.011359231985499152,0.0026141163713120363
2018-02-01,-0.10278341961122761,-0.002781157705217363
2018-02-02,-0.03705234779576316,-0.019696653646446904
2018-02-05,-0.21238059960931976,-0.03965156331253317
2018-02-06,0.11483809797509492,0.021477504961211036
2018-02-07,-0.017113772891410917,-0.00725028121262572
2018-02-08,0.08453807821302473,-0.039802811758261836
2018-02-09,0.05703048831320645,0.0165430500095074
2018-02-12,0.02169969873146571,0.016460924363279617
2018-02-13,-0.03677344506231539,0.003496485093853474
2018-02-14,0.10424378253689692,0.014670878684593491
2018-02-15,0.070752679807224,0.015543050224361199
2018-02-16,0.0066395181582417084,-0.0003559530228858243
2018-02-20,0.11430635039488535,-0.0026704291497392507
2018-02-21,-0.06254985590665996,-0.003570153516601282
2018-02-22,-0.06411363147605043,0.0012540128986027188
2018-02-23,0.02959516331834089,0.015745231986853403
2018-02-26,0.006368309063110589,0.012330473841817957
2018-02-27,0.034620410279936786,-0.011658291079549521
2018-02-28,-0.03055299749629148,-0.009507060026532677
2018-03-01,0.05319339368539655,-0.01439738764299281
2018-03-02,0.012364203360423653,0.006131650024677082
2018-03-05,0.04391862072700081,0.011292292323135111
2018-03-06,-0.06855429543588165,0.0035448601043905903
2018-03-07,-0.07554152157842509,0.0026492582594359604
2018-03-08,-0.05725317559153731,0.004756050731019812
2018-03-09,-0.006116008650458582,0.017882187624786328
2018-03-12,-0.014182487993701254,0.00017221839179781817
2018-03-13,-0.0011157386182317763,-0.006716032374720182
2018-03-14,-0.10060415105588716,-0.003294001386962564
2018-03-15,0.0037547154788959425,-0.0003479039711982157
2018-03-16,0.004516309805280505,0.0
2018-03-19,0.03505499237936771,-0.015312354005353135
2018-03-20,0.03276917997917317,0.0035342109913412134
2018-03-21,0.0017737813089899745,-0.003873939005565319
2018-03-22,-0.022488995737674822,-0.029520912144246014
2018-03-23,0.01731694039476861,-0.022040126701634688
2018-03-26,-0.07547842330741916,0.030359490228338393
2018-03-27,-0.045845047637413816,-0.023680441070137337
2018-03-28,0.015503551672832128,-0.0049990003702649055
2018-03-29,-0.09916170346562359,0.01637508312709035
2018-04-02,-0.011429502738217856,-0.025082369554785267
2018-04-03,0.052557958757842194,0.01314555868544609
2018-04-04,-0.08077536812979225,0.012048136940720378
2018-04-05,-0.00618188197628966,0.006410311590121287
2018-04-06,-0.02571403609962053,-0.023293957719855207
2018-04-09,0.020253718862962344,0.0037264953876092743
2018-04-10,0.009456851209417083,0.017820735433835777
2018-04-11,0.019541295169495765,-0.004924329566867391
2018-04-12,0.13215957350696939,0.008614332686687431
2018-04-13,0.000850519504388858,-0.0029075050501090605
2018-04-16,0.02060673582486028,0.0076544925761707905
2018-04-17,-0.019430015066449036,0.015916024309712062
2018-04-18,0.033071008196448926,0.0017803454434874855
2018-04-19,0.0160336781949999,-0.007997156566554198
2018-04-20,0.06649384175324458,-0.010928000716588948
2018-04-23,0.009614677678641215,-0.0014489766609124821
2018-04-24,0.08583925962986783,-0.018320369702151784
2018-04-25,-0.08783292250580044,0.0011086659480536998
2018-04-26,0.049263206975607154,0.015503875968992276
2018-04-27,-0.03172543782463755,0.0009087604507451719
2018-04-30,0.028207254382741187,-0.007263519157435949
2018-05-01,-0.01315290124124835,0.006767935129611713
2018-05-02,0.012820488079297476,-0.005087263715710888
2018-05-03,0.054996192505966324,0.0005478999469648027
2018-05-04,-0.004423358344945227,0.01423615597305794
2018-05-07,-0.0337860134572886,0.005578567572431137
2018-05-08,-0.014743338207250378,0.00017891910918188536
2018-05-09,0.009784638134517909,0.009482895141937675
2018-05-10,-0.03015912480077021,0.009925594112924152
2018-05-11,-0.06661368467240114,0.0017550368550369733
2018-05-14,0.032612701948190104,0.0005255605982634748
2018-05-15,-0.023679606262912767,-0.009280318520743847
2018-05-16,-0.016632607115782627,0.004241746050132722
2018-05-17,-0.03280150886581312,-0.0019359556494191743
2018-05-18,0.01935306565667516,-0.0003526714927292174
2018-05-21,0.020363728453660412,0.007408749469196341
2018-05-22,-0.04480471392835694,-0.004377516995665909
2018-05-23,-0.060180703020830006,0.006507192991431765
2018-05-24,0.003905890943081136,-0.0003494845360824117
2018-05-25,-0.014128760435684451,-0.00017475966045732427
2018-05-29,-0.0010093785492939489,-0.008391608244901927
2018-05-30,-0.008841623236293339,0.010930870752276611
2018-05-31,0.011834154469753333,-0.005406365538890956
2018-06-01,0.006308940615451508,0.012975644625208727
2018-06-04,-0.0035775585997886994,0.00709710922624196
2018-06-05,0.015874645528819897,0.002578239944998284
2018-06-06,0.0026487883585306626,0.00805755158383148
2018-06-07,0.003169626006782389,-0.0045918368127864095
2018-06-08,-0.006944340158034135,0.002733640914635904
2018-06-11,-0.0941649233493419,0.001022337724013278
2018-06-12,-0.04699056347333752,0.003744697872340552
2018-06-13,-0.0353155959015059,-0.003222011137493541
2018-06-14,0.0512528072918903,0.0056141885950016235
2018-06-15,-0.032772815925496634,-0.0016918118475415245
2018-06-18,0.04309398205221182,-0.0006778003957905732
2018-06-19,0.005214707730538892,-0.005087383329025252
2018-06-20,0.0009763548949628387,0.003238503604516829
2018-06-21,-0.0069075816377033306,-0.006795820475775982
2018-06-22,-0.09599929128557216,-0.0013684228766408513
2018-06-25,0.027202279637018822,-0.01747173659692136
2018-06-26,-0.02488490483875594,-0.00017438981564865674
2018-06-27,0.010414079169416501,-0.011857018722127965
2018-06-28,-0.04120262960514198,0.008293647725203801
2018-06-29,0.05333498217086374,0.0010500875227525963
2018-07-02,0.06366376395709983,0.005594388014084073
2018-07-03,-0.012789239142130038,-0.007127938108484111
2018-07-05,0.016777515221827466,0.009455454220706594
2018-07-06,0.005175348357012721,0.011274882522987584
2018-07-09,0.010227017307260056,0.008919399809938167
2018-07-10,-0.0610820343382652,0.0027201632097926254
2018-07-11,0.01023069123847975,-0.005595083079009799
2018-07-12,-0.025943303607479984,0.012276163264239859
2018-07-13,0.0014833886267970886,0.0013475156029563173
2018-07-16,0.08074642087600337,-0.0025231622788366437
2018-07-17,0.08592576690028553,0.006576728610062865
2018-07-18,0.0067940819521583595,0.001172709016128426
2018-07-19,0.013035266390067468,-0.005020063755691528
2018-07-20,-0.015097374541419017,0.0
2018-07-23,0.04854142987400922,0.0018500000311132414
2018-07-24,0.09248469813949023,0.004196743327178121
2018-07-25,-0.02883091443195651,0.011868923436977541
2018-07-26,-0.02808936563979436,-0.008095126517348894
2018-07-27,0.026841166900966718,-0.010493021144353465
2018-07-30,0.001894696325339229,-0.012792425517589523
2018-07-31,-0.04890178082191221,0.007672565808267029
2018-08-01,-0.019989844556271952,0.0025381049928292487
2018-08-02,-0.007575204535957503,0.008776371308016895
2018-08-03,-0.017544222953071342,0.0028442195081144206
2018-08-06,-0.06491323741515942,0.004671371449305628
2018-08-07,-0.02857960435757967,0.002490833568733919
2018-08-08,-0.06623905753933457,0.000828209389236445
2018-08-09,0.041617270309138865,0.00016554121699896562
2018-08-10,-0.0583901629766016,-0.0076120966407412505
2018-08-13,0.01824820625569834,-0.00200105049189514
2018-08-14,-0.015539305753634824,0.0065163577783242665
2018-08-15,0.01755083055247475,-0.008466168377617267
2018-08-16,0.004154692371096003,0.005859735476310135
2018-08-17,0.038817740263018985,0.0014979360353550852
2018-08-20,-0.04134864030310026,0.0014957620573630148
2018-08-21,0.02856925260597798,0.0026551610572571605
2018-08-22,-0.017268293023748882,0.001489573038383707
2018-08-23,0.02480431491589985,-0.0009915220952412263
2018-08-24,0.028321879103160308,0.007278709557010599
2018-08-27,0.024506124583440814,0.008868467874338481
2018-08-28,0.030740843934977446,0.0017906723099463395
2018-08-29,-0.0069218844927489975,0.007637260194389706
2018-08-30,-0.009781269968912598,-0.0025802290785431614
2018-08-31,0.008505036115189712,0.0009701212924857483
2018-09-04,0.0460499311422542,-0.0011306735583911376
2018-09-05,-0.07726926616360907,-0.008893903622251065
2018-09-06,-0.038814478350329806,-0.003589508833585997
2018-09-07,-0.009511178104088525,-0.0009825118716226822
2018-09-10,-0.02124140186181478,0.0016391247873830395
2018-09-11,-0.0013428756083446736,0.005236442395083696
2018-09-12,0.004840791156116797,-0.000651163926420284
2018-09-13,0.026057221430328292,0.00814464909830015
2018-09-14,-0.0007058277047365946,-0.0006463241338879877
2018-09-17,-0.035547378493184456,-0.009862506381972724
2018-09-18,0.014344330255819715,0.007184813612514329
2018-09-19,0.004275459456267283,-0.001621238651102419
2018-09-20,0.01893086270644484,0.009256251729254483
2018-09-21,0.03302011843783048,-0.0019308607584599402
2018-09-24,-0.020718793006605174,-0.00032244075967169383
2018-09-25,-0.022582362199946804,0.0
2018-09-26,0.007528117462961115,-0.00419283999976916
2018-09-27,0.027983063895304028,0.0048582834008097375
2018-09-28,-0.0048856280375931815,0.0011281225000503436
2018-10-01,-0.008204199339851947,0.002575660054340956
2018-10-02,-0.005086790802025898,-0.0020872993270278917
2018-10-03,-0.0081619031436575,0.00032173772094168385
2018-10-04,0.011395474538252293,-0.013832990633198983
2018-10-05,0.006962474954846032,-0.007992187114790661
2018-10-08,0.004492274810923735,-0.005097040447221257
2018-10-09,-0.0014415982353033208,0.0004958354154960265
2018-10-10,-0.008597538150816209,-0.038817343263671145
2018-10-11,-0.050001983401552486,-0.016497663112178484
2018-10-12,0.0029314481723912156,0.020094373580290092
2018-10-15,0.051311794095808994,-0.008050719286558428
2018-10-16,-6.52123685230821e-05,0.026247625625971382
2018-10-17,-0.007834873595706782,-0.0013461551405014038
2018-10-18,-0.010347763392502318,-0.018197102550871147
2018-10-19,-0.0017446828819017712,-0.0029174875579200954
2018-10-22,0.003364055717302916,0.0006884853937516588
2018-10-23,-0.001760388478992292,-0.005159941609218066
2018-10-24,0.0031038320367562378,-0.03665281811894883
2018-10-25,-0.0030095885165729586,0.026202422358176047
2018-10-26,-0.0002377964839015423,-0.020811437565582458
2018-10-29,-0.02194990030503119,-0.01250224995526883
2018-10-30,0.0002589977671683119,0.01519262045229497
2018-10-31,-0.0026301621098243633,0.0158560303606623
2018-11-01,0.009524159184376657,0.012100999649245825
2018-11-02,0.0016714525053171947,-0.008490695000705206
2018-11-05,0.004886985756825224,0.001223348458172735
2018-11-06,0.006441090181596776,0.005760132557861342
2018-11-07,0.01069962335667518,0.026553332637162974
2018-11-08,-0.011702646558379715,-0.0015215722224320993
2018-11-09,-0.010552068532769465,-0.011683067868556218
2018-11-12,-0.0022472519093011956,-0.024841545739961335
2018-11-13,-0.0018488913455280143,-0.0007026880078245812
2018-11-14,-0.09767137194097308,-0.008263027280889124
2018-11-15,-0.015739770396978714,0.013827317851444754
2018-11-16,-0.012832789974389303,0.0005246022123555072
2018-11-19,-0.1262762589563129,-0.0263894088362564
2018-11-20,-0.08613793661563962,-0.016334590133451732
2018-11-21,0.03376104896368415,0.0040146168615806666
2018-11-23,-0.055421695270468585,-0.005270810614322219
2018-11-26,-0.1306569187115112,0.018636945002740823
2018-11-27,0.01100520206703881,0.0019731121076231872
2018-11-28,0.11429781672423966,0.030075187431521933
2018-11-29,0.005032803527149854,-0.002259315219685143
2018-11-30,-0.06113285765125842,0.008709284096847236
2018-12-03,-0.030652094654398887,0.014505266793300109
2018-12-04,0.01611731661634952,-0.03472342127659567
2018-12-06,-0.1101348719821934,0.0012343502245519833
2018-12-07,-0.028730936094742643,-0.027474428099232506
2018-12-10,0.024187212749262166,0.006519395028623753
2018-12-11,-0.022288192407781682,0.0014393306427011865
2018-12-12,0.018210090539836576,0.007545849802371718
2018-12-13,-0.04969183363974017,-0.001069935767833874
2018-12-14,-0.02148440470052948,-0.020528400571224625
2018-12-17,0.09356400902957751,-0.02606160062076912
2018-12-18,0.04235760435291014,0.0041167852566763585
2018-12-19,0.01349859428464617,-0.01826313827804693
2018-12-20,0.10370951322433375,-0.019362186788154934
2018-12-21,-0.057540470800906074,-0.021873809523809573
2018-12-24,0.046722283636464246,-0.025925153887297547
2018-12-26,-0.054259197198507914,0.052214545871301254
2018-12-27,-0.05248858958473401,0.008882004076423922
2018-12-28,0.073624477091637,-0.0017224880382775698
2018-12-31,-0.046182980792598194,0.010352779907975451
2019-01-02,0.05362678319337433,-0.0024668120974039587
2019-01-03,-0.027049743389769842,-0.025109377972227565
2019-01-04,0.0054672225324607915,0.03453658536585369
2019-01-07,0.043427431049734455,0.0084873821199547
2019-01-08,0.0013911213905786202,0.011782251509589337
2019-01-09,0.001103610731627791,0.004621072259558989
2019-01-10,-0.08831366814791541,0.004967819870020929
2019-01-11,0.0022943982297114474,-0.0014646283680819216
2019-01-14,0.005067782704595958,-0.007150696605231044
2019-01-15,-0.020338880295429185,0.014404394666504228
2019-01-16,0.006701657690763918,-0.00018208629164395695
2019-01-17,0.006445166878478625,0.007465477329405612
2019-01-18,-0.005633885993878485,0.011566943373687355
2019-01-22,-0.014561111582769404,-0.013042683347459727
2019-01-23,-0.005397054966847947,0.0012671795341354652
2019-01-24,0.0043910437085759035,0.0018079732090403589
2019-01-25,-0.00030537380705086825,0.005955639776213717
2019-01-28,-0.03592328909877773,-0.009687853976036775
2019-01-29,-0.006435330627120428,-0.0034420832709767257
2019-01-30,0.011039271181702448,0.017633194605824132
2019-01-31,-0.008143269319683788,0.012147195426938096
2019-02-01,0.008720183769835632,0.0003529827038475375
2019-02-04,-0.00825450441917519,0.007233592095977404
2019-02-05,0.002082407689750765,0.005955508845682189
2019-02-06,-0.01517143029343393,-0.0027860003482499396
2019-02-07,-0.004187789781094131,-0.009079797450672333
2019-02-08,0.0786323929605437,0.00317180616740087
2019-02-11,-0.005004283767728213,0.0022835236255049907
2019-02-12,0.0013972857015764895,0.012092516437214984
2019-02-13,-0.00587322820230185,0.0025974372294372827
2019-02-14,-0.004182104329092828,-0.0006908635339943903
2019-02-15,0.001086552793194917,0.009505685974668499
2019-02-19,0.090113433104823,0.0011984249272385394
2019-02-20,0.013358199364227996,0.0008549760601914702
2019-02-21,-0.011426110833901548,-0.0030753631142210747
2019-02-22,0.013001241962884214,0.008911756946418325
2019-02-25,-0.030665211825751548,0.0011890606622908528
2019-02-26,-0.007298633962250611,0.0001696980008432103
2019-02-27,-0.0008589101161080581,0.00033927056252291976
2019-02-28,0.0009706546421408557,0.00016956079074836872
2019-03-01,0.001244774871254739,0.008138335028823551
2019-03-04,-0.025398234007483977,-0.0030272452577742026
2019-03-05,0.035840973930878706,-0.0008434379359554267
2019-03-06,0.0019422224503544694,-0.006415701502616833
2019-03-07,0.0019318285949800895,-0.008835956120168409
2019-03-08,-0.0026467657818523005,-0.003085890516513312
2019-03-11,0.001049875633110986,0.015477161978429521
2019-03-12,0.0010060758832219907,0.0027095682084601336
2019-03-13,-0.0006239108503273139,0.006924506112557127
2019-03-14,0.004518334630400522,-0.001341798076850087
2019-03-15,0.009311558287987243,0.0058783673853146645
2019-03-18,0.01807568728404485,0.0015027717732971624
2019-03-19,0.00959275678676974,0.002334094698232869
2019-03-20,0.004000336819440342,-0.0028276447576122132
2019-03-21,-0.014226238753709097,0.011009174128287391
2019-03-22,-0.001329909964535414,-0.017653852208317944
2019-03-25,-0.015133743865497706,0.0006718340498517161
2019-03-26,0.005553838540957257,0.007384994716851612
2019-03-27,0.02559178993773248,-0.005664778407197701
2019-03-28,-0.004394101609358714,0.0038538873994637957
2019-03-29,0.007192568964080603,0.006843598731430589
2019-04-01,0.014593247353281269,0.010112732095490795
2019-04-02,0.17356013594788533,0.0003282619399311848
2019-04-03,0.01908737151545914,0.0024609843730765135
2019-04-04,-0.01009911986568246,0.0
2019-04-05,0.023133653837783763,0.004419001781309495
2019-04-08,0.05024932815123728,0.00016297865672121326
2019-04-09,-0.016033302777026304,-0.003910100946397765
2019-04-10,0.022976794549256496,0.003434723641392301
2019-04-11,-0.04884241468951078,-0.0008149796516701002
2019-04-12,0.004946456783768927,0.006362153447996066
2019-04-15,-0.004407209517865107,0.0008105527769581844
2019-04-16,0.03324404349954069,-0.002429575561076147
2019-04-17,0.0031283032464854976,-0.003896768955999441
2019-04-18,0.008843926585981654,0.0030970335157955997
2019-04-22,0.019058539131936225,0.0014624634146496174
2019-04-23,0.03204026093856949,0.010709070084227168
2019-04-24,-0.019290850112804958,-0.0012843473866694932
2019-04-25,-0.04654296033360583,0.002411220099842737
2019-04-26,0.013210308720646102,0.004971087155691389
2019-04-29,-0.006060522079852193,0.0006382798990993699
2019-04-30,0.01970022468124477,-0.0011162494198094786
2019-05-01,0.009712831031092994,-0.00941890181064664
2019-05-02,0.018988001723803993,-0.0020951007589863346
2019-05-03,0.047773352793782475,0.011143459662256383
2019-05-06,-0.0037242274005256926,-0.002874956031385434
2019-05-07,0.014389613944532975,-0.016017940092904026
2019-05-08,0.02623827370459364,-0.0016278365619404322
2019-05-09,0.032105750581242765,-0.003424147939861455
2019-05-10,0.03309083467262841,0.005072005973036697
2019-05-13,0.22512931263294567,-0.0229529545824515
2019-05-14,0.02296902475640583,0.00783075641452835
2019-05-15,0.02636239502400195,0.008100479150257023
2019-05-16,-0.03903135075478925,0.01147917349950811
2019-05-17,-0.06861381147829526,-0.006809370946822213
2019-05-20,0.08638651970318856,-0.007182468402953668
2019-05-21,-0.0018777719496727574,0.007563285103584283
2019-05-22,-0.03557071163113823,0.00016321801832930305
2019-05-23,0.02627324600245129,-0.011584254991283127
2019-05-24,0.013388347462754746,0.0016506767365243036
2019-05-28,0.09171857406145145,-0.006097544495715201
2019-05-29,-0.006935191873132629,-0.007627308777527597
2019-05-30,-0.03926498613880702,0.004010058613535872
2019-05-31,0.03065450270048964,-0.0133133466466967
2019-06-03,-0.042627179747987465,-0.01011978394130908
2019-06-04,-0.06105791438004582,0.020446413706703304
2019-06-05,0.015109484838150777,0.010185356656960298
2019-06-06,-0.0002822011357308529,0.007438033057851179
2019-06-07,0.028372164281924572,0.012961460000632252
2019-06-10,-0.005422904871904333,0.004859070137380295
2019-06-11,-0.009076530433291818,-0.0025789812608159046
2019-06-12,0.0275165144998466,0.0
2019-06-13,0.010442903870408582,0.0033936489432184747
2019-06-14,0.05624024589138732,-0.002254775326139491
2019-06-17,0.07206482231985367,-0.0014527844801810463
2019-06-18,-0.025598800367437446,0.008567701122410343
2019-06-19,0.021114710375065737,0.005129027169883393
2019-06-20,0.027350847511122156,0.00893001130489579
2019-06-21,0.06480383187545935,-0.0009483325430693634
2019-06-24,0.0854197900081497,-0.0012655909075398597
2019-06-25,0.07082074208627076,-0.011563424496064845
2019-06-26,0.10392020008548619,-0.0030449197742012934
2019-06-27,-0.14085680726768912,0.0040186465844502806
2019-06-28,0.10950072100061825,0.0035222703093542584
2019-07-01,-0.14702574739212282,0.008455631780472261
2019-07-02,0.020650116702860544,0.004429726379207688
2019-07-03,0.10735293401227852,0.008347692287047126
2019-07-05,-0.0821659914487215,-0.001405763889679723
2019-07-08,0.1190966721784994,-0.005005459095886122
2019-07-09,0.023429551998514375,0.002829743706496801
2019-07-10,-0.03318800920564069,0.0056435333807254295
2019-07-11,-0.06563153480094308,0.001714731045526774
2019-07-12,0.040262155402760014,0.0026454714396058066
2019-07-15,-0.07793648862116398,0.00015523824305452294
2019-07-16,-0.13009972953831117,-0.004034791929398152
2019-07-17,0.02280748113057851,-0.004206918043004215
2019-07-18,0.10034036329091234,0.0023470192458143746
2019-07-19,-0.012726782328915776,-0.006088042650266634
2019-07-22,-0.017816992159826017,0.0021988849442087233
2019-07-23,-0.04276653917777584,0.00548508062239339
2019-07-24,-0.008973223166798938,0.005143297684333081
2019-07-25,0.010183119830918352,-0.005582276495030958
2019-07-26,-0.004190753530042279,0.008888196267964776
2019-07-29,-0.03557724395133366,-0.003400216540968337
2019-07-30,0.009273765163670511,-0.0029466810043417
2019-07-31,0.04977443595298836,-0.012443599122047067
2019-08-01,0.031137477723709672,-0.004725200670177898
2019-08-02,0.011395156963816433,-0.009020414765317564
2019-08-05,0.122405126257074,-0.027946343467683543
2019-08-06,-0.02773962322315593,0.013635649969371721
2019-08-07,0.04040712479685493,0.0027552349634483164
2019-08-08,0.0020464361875005554,0.019718781634375127
2019-08-09,-0.008646764399471318,-0.007132683468061507
2019-08-12,-0.040489158065437625,-0.011813489971479796
2019-08-13,-0.04276575121012838,0.01567038721581948
2019-08-14,-0.07747238805645418,-0.02815334862658425
2019-08-15,0.02585052179841818,0.0037643863752663265
2019-08-16,0.0060895785773673605,0.012391944810306699
2019-08-19,0.05221680638591386,0.012884506361732884
2019-08-20,-0.013999682765027499,-0.008109365687857695
2019-08-21,-0.05808502432058682,0.00849629675382646
2019-08-22,-0.0006898901795245882,-0.00031793037672855906
2019-08-23,0.0273327073884293,-0.025759246712660944
2019-08-26,-0.003568856309253632,0.011751297535498528
2019-08-27,-0.017869397733918713,-0.0014518470252670168
2019-08-28,-0.0423226300132542,0.004200290655887118
2019-08-29,-0.025037120156209514,0.013674356499356666
2019-08-30,0.009250450168888591,-0.0017456912155433546
2019-09-03,0.10682930205001884,-0.0066772970849826585
2019-09-04,-0.002734199230516987,0.010563364276568565
2019-09-05,-0.0017896052889462277,0.013145423078007923
2019-09-06,-0.021013642029600876,0.0
2019-09-09,-0.001770268432295552,-0.007190917505222494
2019-09-10,-0.021190088150704223,-0.0044087231745780775
2019-09-11,0.006168113344040993,0.00537719436976114
2019-09-12,0.022769346748787278,0.006292291961617069
2019-09-13,-0.004762677556560679,-0.0025011723854749812
2019-09-16,-0.008083832929909995,-0.004074627737429393
2019-09-17,-0.003456475257760827,0.004406026819921749
2019-09-18,-0.004201080887540454,-0.0001566974727652548
2019-09-19,0.00668418650790259,0.0025070510811657787
2019-09-20,-0.00825735533562233,-0.005001562988433905
2019-09-23,-0.044424799131718595,-0.0009425384857052466
2019-09-24,-0.11396041369808119,-0.013207547585142976
2019-09-25,-0.015494717598490082,0.0071701882463413025
2019-09-26,-0.04336346028427163,-0.0020565891798226543
2019-09-27,0.01636635761037164,-0.007133813978002057
2019-09-30,0.005092492335953436,0.0038319973841289823
2019-10-01,0.005957196572578649,-0.010338762690293657
2019-10-02,0.005964758065169384,-0.017839922567664535
2019-10-03,-0.01585239346196754,0.009981999509376616
2019-10-04,-0.006543920837906669,0.014257890242095117
2019-10-07,0.004835959883361163,-0.005431310077677609
2019-10-08,-0.002042276721117564,-0.01461612639306542
2019-10-09,0.0445943248166043,0.009127987257635972
2019-10-10,-0.0010780457235489704,0.004522678081085418
2019-10-11,-0.030829512593228636,0.00980865106622697
2019-10-14,0.006360398175902615,-0.0012738535234689818
2019-10-15,-0.020217757588298135,0.010044594865360246
2019-10-16,-0.019236463745586296,-0.001420678813596754
2019-10-17,0.007006410667019791,0.002371198304495614
2019-10-18,-0.016128460795647226,-0.006781264784734287
2019-10-21,0.03392777402587921,0.00508096221022547
2019-10-22,-0.020078018647546658,-0.008214850050787592
2019-10-23,-0.06975948008239763,0.0030264734473794963
2019-10-24,-0.0028188995277987905,0.003970144450212043
2019-10-25,0.15576341819219142,0.0036380891547280747
2019-10-28,0.06875289867945833,0.007092214230225213
2019-10-29,0.018532445017386268,-0.0007825351867751795
2019-10-30,-0.023543518704878585,0.005011746437329601
2019-10-31,-0.0006671501654942347,-0.0024933147107158993
2019-11-01,0.0066872072230215185,0.005936525357396638
2019-11-04,0.016359583582161052,0.0013977947103243071
2019-11-05,-0.007445856551721697,-0.0027915631455537326
2019-11-06,0.0019644083794718714,0.0
2019-11-07,-0.009968973127138625,0.001710746420960474
2019-11-08,-0.049924746963020405,0.0024840240655783496
2019-11-11,-0.005348484977154899,-0.0009291931237416229
2019-11-12,0.006608292234487445,0.002325251826840846
2019-11-13,-0.000839348639785964,0.001391834123610547
2019-11-14,-0.011372045937828368,0.002007675675675724
2019-11-15,-0.024816282525034983,0.007860697034249187
2019-11-18,-0.02151509927884554,0.0001529744632662311
2019-11-19,-0.012412693864323754,0.0027522934938135624
2019-11-20,-0.021797985646929585,-0.002897270420943121
2019-11-21,-0.04790148564100538,-0.002905673694841404
2019-11-22,-0.04529421517124066,0.000613512298167862
2019-11-25,-0.020618412560584387,0.008277146176491446
2019-11-26,0.010108585583885166,0.0054727881646821075
2019-11-27,0.043402102208407234,0.0045358785082534325
2019-11-29,0.030481987909355412,-0.0037627933846239303
2019-12-02,-0.05659600325610292,-0.010273454894290657
2019-12-03,-0.00025167658418445704,-0.004426820197624193
2019-12-04,-0.009304574605185523,0.0062863537827912985
2019-12-05,0.027064535400811662,0.0
2019-12-06,0.013249850848634726,0.008532759798846268
2019-12-09,-0.01935831908927177,-0.0033237799267631374
2019-12-10,-0.016589846467544578,-0.0021221615564323004
2019-12-11,-0.008339019704783124,0.002734315578480473
2019-12-12,0.0035617998109016558,0.005908195548910866
2019-12-13,0.003665580670554336,0.0028613553355012478
2019-12-16,-0.046384970042792406,-0.00030028534616532987
2019-12-17,-0.042115565028359225,-0.00030039056632102934
2019-12-18,0.0958190116087072,0.0003004808279269966
2019-12-19,-0.010163597764501375,0.005708231936307762
2019-12-20,0.0022174806884946996,0.005675952457473654
2019-12-23,0.018952139008035607,0.0007425367371889369
2019-12-24,-0.004499437589725264,0.000742104515083275
2019-12-26,-0.011412094533619577,0.007266765534628572
2019-12-27,0.007061999789968132,-0.0005889428913117278
2019-12-30,0.0003987246585890336,-0.004861432153569489
2019-12-31,-0.013628967852769791,0.0013322871355017085
2020-01-02,-0.028932513822241934,0.012418746487562693
2020-01-03,0.051451663372384715,-0.00657131980557879
2020-01-06,0.05777285863152071,0.004409863360427035
2020-01-07,0.0507738464980616,-0.001170818054417655
2020-01-08,-0.010268587554152053,0.005860835164835265
2020-01-09,-0.024850855657345572,0.009613925430038472
2020-01-10,0.03648690301880575,-0.0021641033664434595
2020-01-13,-0.002737980114396188,0.008820025516482088
2020-01-14,0.08393344802424418,-0.0025799198472088447
2020-01-15,-0.0023509808912612895,0.0021555109731576927
2020-01-16,-0.009449813499500914,0.01018065701693871
2020-01-17,0.023527852456582066,0.004684201760860374
2020-01-21,-0.020511006139301236,-0.0018366346685029233
2020-01-22,-0.0074341799766211025,0.0009907855345849814
2020-01-23,-0.0316051459238581,0.0018381928473105713
2020-01-24,0.004629616684974636,-0.008327396141916577
2020-01-27,0.054986485556302256,-0.01707947574496238
2020-01-28,0.0503680816721781,0.012887330231315719
2020-01-29,-0.004483577301648944,0.001715554040695677
2020-01-30,0.020647303093042746,0.0038532324818039143
2020-01-31,-0.01666463149851949,-0.01905027119990166
2020-02-03,-0.0060967471668463835,0.010579753623188415
2020-02-04,-0.012111511572205025,0.017782847363422505
2020-02-05,0.047104093779089196,0.006058912131056582
2020-02-06,0.012105773352157456,0.005742240735511439
2020-02-07,0.006797836445703309,-0.00557017144047256
2020-02-10,0.006193172701867589,0.011342906520492413
2020-02-11,0.03567402510852058,-0.0004153835445113163
2020-02-12,0.011541500041181152,0.007480274068976778
2020-02-13,-0.010814857016957169,0.0004124707653319071
2020-02-14,0.009568503337404222,0.0038482544296796206
2020-02-18,-0.01649711014879096,-0.0019167442234838683
2020-02-19,-0.05014884351029214,0.00630999982688607
2020-02-20,-0.0025859164307052707,-0.0068157032876812185
2020-02-21,0.00811427570400447,-0.013724951774293781
2020-02-24,-0.0037440582645278386,-0.035763985029724554
2020-02-25,-0.03196519578486534,-0.028431245079647338
2020-02-26,-0.055790951721158666,-0.0011883838383837109
2020-02-27,-0.00408460158219659,-0.04565734817541178
2020-02-28,-0.012754184953812753,-0.002649181943250256
2020-03-02,0.022740370774624763,0.04750001562500006
2020-03-03,-0.009231886836836845,-0.028192108768017476
2020-03-04,-0.0037028710653078667,0.040368333373190124
2020-03-05,0.03695117162060191,-0.033195633419823456
2020-03-06,0.0048225958173919725,-0.01617576707120061
2020-03-09,-0.13142179610878624,-0.07429813751670322
2020-03-10,-0.001756141248583143,0.053954457104557596
2020-03-11,0.00021501165137438605,-0.04769475206058027
2020-03-12,-0.3716953856106434,-0.09198669141947602
2020-03-13,0.11928067234850137,0.090457843178118
2020-03-16,-0.09871602655204581,-0.11549488930205876
2020-03-17,0.04210793857830897,0.04746477406528338
2020-03-18,0.0024512036793606917,-0.03603275639612813
2020-03-19,0.1818775572497766,0.0005663394267256816
2020-03-20,0.001225199918343911,-0.043396207547169774
2020-03-23,0.03509346677201375,-0.02110453607288887
2020-03-24,0.04963733434667761,0.10034253273539129
2020-03-25,-0.007979552976759341,0.0012817981819850388
2020-03-26,0.005295181629561441,0.05742501828822233
2020-03-27,-0.0367221436072499,-0.03303355240401251
2020-03-30,-0.006175856015938841,0.03559295296011444
2020-03-31,0.0013690436371400772,-0.013989671364778133
2020-04-01,0.026112924108560476,-0.04221404799439488
2020-04-02,0.02828128797173801,0.019385552304316045
2020-04-03,-0.00886674041133706,-0.012558323912510772
2020-04-06,0.07995887158253545,0.07285606699026048
2020-04-07,-0.013114627038595228,-0.00457239635177642
2020-04-08,0.021972543653853815,0.03232393726308169
2020-04-09,-0.004364446076028039,0.0085695616348056
2020-04-13,-0.06259191510537199,-0.004575212343542301
2020-04-14,-0.00038127825634770574,0.03660545097194512
2020-04-15,-0.029275847518947296,-0.01726050618335695
2020-04-16,0.07146740204408464,0.011440525113752376
2020-04-20,-0.032998758492329805,0.0036641707822206993
2020-04-21,-0.00023761462684646073,-0.031746031746031744
2020-04-22,0.03442923677683796,0.025409819672131073
2020-04-23,0.04391007120725354,-0.0004796003274115668
2020-04-24,0.016309658349006995,0.014715275111964132
2020-04-27,0.032406755024495526,0.013240857711867227
2020-04-28,0.0014697417032041304,-0.010889810374763775
2020-04-29,0.12731805199514046,0.03192826260055792
2020-04-30,-0.01618949646708756,-0.004572519363320926
2020-05-01,0.023816089601433443,-0.02465161612774802
2020-05-04,0.0054020254734281625,0.006436420621092287
2020-05-05,0.010144678901147897,0.009982826236424547
2020-05-06,0.02951119970887639,0.000463305019305027
2020-05-07,0.07366214136246696,0.014047592066187109
2020-05-08,-0.010938284282785204,0.013548484897290658
2020-05-11,-0.12607052966979382,0.006608515872378762
2020-05-12,0.02356271218282746,-0.021336930229943207
2020-05-13,0.052871935210010435,-0.016160955399356913
2020-05-14,0.05002535167981015,0.010692732228308133
2020-05-15,-0.04166180494283467,0.008586292416646879
2020-05-18,0.04270685081371872,0.023867422071563116
2020-05-19,0.000253212559469862,-0.004602776677142484
2020-05-20,-0.021179549219415117,0.01789971632011156
2020-05-21,-0.04633209972614827,-0.008352872460517857
2020-05-22,0.011100867003489334,0.0033989065582651357
2020-05-26,-0.03784606526019674,0.006332842228782054
2020-05-27,0.039158209284775536,0.00907353990711135
2020-05-28,0.03754849569464569,-0.00029002176751347086
2020-05-29,-0.009093976339415222,0.006818540548382268
2020-06-01,0.07714111290684977,0.005043198701925045
2020-06-02,-0.06269774822526064,0.007168458781362075
2020-06-03,0.013317594553758472,0.00882566548042707
2020-06-04,0.014903505454243904,-0.008042895101895153
2020-06-05,-0.013785177419960992,0.02418203310745226
2020-06-08,0.010962256584780228,0.006666708333333382
2020-06-09,0.002477712082646688,0.0004138934707274
2020-06-10,0.007594610953689074,0.004688953118495265
2020-06-11,-0.055553010600806974,-0.054632740003644265
2020-06-12,0.01706353064227928,0.010018803106484508
2020-06-15,-0.0031792109220236675,0.00790688636880077
2020-06-16,0.009239764901328495,0.019683311657633595
2020-06-17,-0.006056760655299365,-0.0001398097675147092
2020-06-18,-0.007216479287142419,0.0006994403735547383
2020-06-19,-0.013156009261958479,-0.002097050218049068
2020-06-22,0.03883489420957553,0.01106754039230351
2020-06-23,-0.001975347444956199,0.004849646801985408
2020-06-24,-0.03282025637229158,-0.023028117334312648
2020-06-25,-0.005239308190461478,0.010726930436892879
2020-06-26,-0.010998117582502465,-0.024577614515045143
2020-06-29,0.0030488675217343886,0.013171066948348464
2020-06-30,-0.005751513969241118,0.015684612788665175
2020-07-01,0.009885324860591016,0.010295019906581215
2020-07-02,-0.011368806016593735,0.0037179287916031534
2020-07-06,0.02762831536563448,0.02044173440035313
2020-07-07,-0.013140376368972029,-0.009007771269471943
2020-07-08,0.01902835998687058,0.010446398188121098
2020-07-09,-0.01594823123795197,0.0008055585067578974
2020-07-10,9.052025406308672e-05,0.006171169758905748
2020-07-13,-0.003792875168089682,-0.015733333333333377
2020-07-14,-4.331541633217917e-05,0.012056339745326605
2020-07-15,-0.0054501555113699585,0.006826422257079745
2020-07-16,-0.006593108913712675,-0.005051914317310335
2020-07-17,0.002098616018726629,0.002405144436405493
2020-07-20,0.0014029413436882354,0.018395162025932832
2020-07-21,0.022986788500953148,-0.00405767005084634
2020-07-22,0.016050921450531552,0.005782665568808909
2020-07-23,0.005848489276111923,-0.0186854961281262
2020-07-24,-0.004611142341215513,-0.0058587751227370255
2020-07-27,0.1524585138301846,0.011920693173282038
2020-07-28,-0.007101328954145503,-0.010059589276257164
2020-07-29,0.017194865786684277,0.013504505769427633
2020-07-30,0.0009680757802061901,0.0015830474307501063
2020-07-31,0.019102587038701824,0.012776620463029964
2020-08-03,-0.006810472921634836,0.011184822619128898
2020-08-04,-0.00359726132633742,0.00205792926045012
2020-08-05,0.04828976176894417,0.00667431617639247
2020-08-06,0.0027880236978121697,0.010965204641081083
2020-08-07,-0.015136180923889908,-0.0060537645850201605
2020-08-10,0.023845134165525916,-0.0003806496734080067
2020-08-11,-0.03936534387396862,-0.011932000659202857
2020-08-12,0.015284938512784452,0.01798563812875842
2020-08-13,0.017195015111768575,0.0020192327617172268
2020-08-14,-0.0012955212672436378,-0.0018891939070732056
2020-08-17,0.041255550011719766,0.006309148264984188
2020-08-18,-0.021475461520883754,0.005768012539184797
2020-08-19,-0.019426708435084983,-0.003490824130293113
2020-08-20,0.010213129325661985,0.008132140623045014
2020-08-21,-0.02406750776245048,0.004964023207643997
2020-08-24,0.015709002695372787,0.008644072290291405
2020-08-25,-0.03469001801020921,0.005876640548481804
2020-08-26,0.010753745007988869,0.016674719246605685
2020-08-27,-0.014359384010151133,-0.0004788818445934373
2020-08-28,0.01934954060869387,0.005270116307824146
2020-08-31,0.011983566211825947,0.00011917073751943619
2020-09-01,0.024797762078201613,0.014176733043203882
2020-09-02,-0.04648471949189359,0.01327387571739247
2020-09-03,-0.10239476127098823,-0.043473219488216586
2020-09-04,0.02601355580533138,-0.014786098296301065
2020-09-08,-0.03617804633159594,-0.03247630664932577
2020-09-09,0.010939236281577225,0.026191951018640802
2020-09-10,0.01179329388699668,-0.018461132678244785
2020-09-11,0.003645263099881779,-0.0027770890838538786
2020-09-14,0.02691329089319372,0.013037962025316485
2020-09-15,0.010871177166525525,0.00962144207948823
2020-09-16,0.01648188439172471,-0.01039608872291764
2020-09-17,-0.0023612995607128484,-0.012005990645397535
2020-09-18,-0.00040225590724563,-0.013544303797468293
2020-09-21,-0.04406984190469432,-0.004234595149493203
2020-09-22,0.00728333999578501,0.01559278390703045
2020-09-23,-0.029662370418147788,-0.028295851498435498
2020-09-24,0.05082060126051813,0.003133951341500296
2020-09-25,-0.004025740303490233,0.01887525384014599
2020-09-28,0.0017787883649786895,0.01814239241634308
2020-09-29,0.011892457737733064,-0.0033881791093441915
2020-09-30,-0.005642259447323328,0.007051183758528756
2020-10-01,-0.015229319716585255,0.009502312721843875
2020-10-02,-0.0035926601846852924,-0.01672032491256681
2020-10-05,0.020673927460882258,0.019523907539034102
2020-10-06,-0.016876795400904365,-0.016431936831432403
2020-10-07,0.005410890013006764,0.01896749128291053
2020-10-08,0.02289428606761912,0.005547300090706253
2020-10-14,0.046310521489905776,0.02353804094642653
2020-10-15,0.005760771129040609,-0.0025152593727454375
2020-10-16,-0.015069273044499454,-0.00456288430070706
2020-10-19,0.037087926023844586,-0.01447533137574597
2020-10-20,0.014843919362714786,0.002937637806767812
2020-10-21,0.07614375518727923,-0.0006102391845195232
2020-10-22,0.011089020014184214,0.0013432775838719824
2020-10-23,-0.002649454434332954,0.0030487804878047697
2020-10-26,0.011113061121331036,-0.01629174468085104
2020-10-27,0.04427990206524912,0.001235916389276115
2020-10-28,-0.028045075372767125,-0.038513799814496985
2020-10-29,0.012553242209906168,0.015919861547308622
2020-10-30,0.008084580697109489,-0.018071528550670957
2020-11-02,0.00029282769887406523,0.007464633492842987
2020-11-03,0.029505320094915133,0.01890652809027249
2020-11-04,0.013147117963921984,0.03334999916374137
2020-11-05,0.10231863437017075,0.022810058791799426
2020-11-06,-0.0008965282223868387,0.0016607235470680326
2020-11-09,-0.015004960600411898,-0.005092373162189245
2020-11-10,-0.0027010327428412806,-0.009284596850741678
2020-11-11,0.0268419410945393,0.013817060657801639
2020-11-12,0.03662132733339485,-0.00841430463667825
2020-11-13,0.0025475527327811776,0.010398028215561794
2020-11-16,0.02440908236578121,0.008871539994422362
2020-11-17,0.05559276938072344,-0.003751905220402141
2020-11-18,0.008988152879733313,-0.011533517576397312
2020-11-19,0.0007348899513748286,0.00523874283221204
2020-11-20,0.04513782082492157,-0.007224920052114392
2020-11-23,-0.013811772506669984,0.001193008828441977
2020-11-24,0.04047804663207488,0.011558639455639508
2020-11-25,-0.019643827847620643,0.0020025798327549804
2020-11-27,-0.08668098726524276,0.0045849871757579486
2020-11-30,0.14714603639672275,-0.00046802810303192555
2020-12-01,-0.04192625952848217,0.011942348111820822
2020-12-02,0.02117182318505395,-0.0008098923984728446
2020-12-03,0.012723580699623094,-0.0015053033637644209
2020-12-04,-0.03834494908280672,0.007074022715736206
2020-12-07,0.026303283360002094,0.0008061723079766381
2020-12-08,-0.04535760063307914,0.0019560233825324236
2020-12-09,0.012705073343324269,-0.012976630386388743
2020-12-10,-0.015572121149564633,0.0004653985037370578
2020-12-11,-0.011283218130002659,-0.00034886615534057697
2020-12-14,0.06577033769414853,-0.002093997232363809
2020-12-15,0.008855135279580262,0.013523000857111223
2020-12-16,0.09751836307520456,0.003910708444658129
2020-12-17,0.07013245133363033,0.0060723992446423125
2020-12-18,0.014593135861492579,-0.0022776108023598862
2020-12-21,-0.014473138229307847,-0.0025111516663490763
2020-12-22,0.042974334112722,0.0033184689703451564
2020-12-23,-0.022776055448425536,-0.004676129105839477
2020-12-24,0.021281190956862428,0.005271066985369499
2020-12-28,0.14108807463740813,0.010828644335051596
2020-12-29,0.01025035510354333,-0.0029319124943617547
2020-12-30,0.054034499850387885,-0.0005654263869131482
2020-12-31,0.005574281033751349,0.0036211269563950488
2021-01-04,0.10241438397456037,-0.013981339181839303
2021-01-05,0.06319658000514483,0.006518010515197625
2021-01-06,0.08331071414997226,-0.006816621454781457
2021-01-07,0.06915746698908976,0.02139102085085831
2021-01-08,0.03623389929302223,0.009743565799713583
2021-01-11,-0.12821714814019047,-0.011867878799118103
2021-01-12,-0.0462145021574808,-0.0025816029894085712
2021-01-13,0.10003249548888205,0.003938757551893435
2021-01-14,0.050138030111625875,-0.008631285827051638
2021-01-15,-0.06027358970394214,-0.005879737542294539
2021-01-19,-0.020517446469514367,0.012056472066798607
2021-01-20,-0.014473454805639108,0.02202740991141594
2021-01-21,-0.13283684005316798,0.0056080381436542925
2021-01-22,0.07072224005404815,0.0003281137341097917
2021-01-25,-0.019371440248626248,0.007542577365241332
2021-01-26,0.006286058309083797,-0.00043399154679379937
2021-01-27,-0.06562212474599216,-0.026158646244176076
2021-01-28,0.03999200589418295,0.005238530926900076
2021-01-29,0.08425954164300875,-0.02029050847565128
2021-02-01,-0.0227066720159258,0.02286097755929184
2021-02-02,0.05883361481850957,0.013609250285768315
2021-02-03,0.0552459817355897,-0.0014190372075205682
2021-02-04,-0.014571470133455389,0.00841710728846401
2021-02-05,0.03299138810523439,0.004878016260162488
2021-02-08,0.21109718715065617,0.004854423026572574
2021-02-09,0.006161523959921977,-0.0006441867816600055
2021-02-10,-0.03362488605272895,-0.0020409711909322725
2021-02-11,0.06659103725199489,0.00419805157808284
2021-02-12,-0.008442623824065798,0.0051452030748717625
2021-02-16,0.03568097731559283,-0.0034126054200471767
2021-02-17,0.059941960282079876,-0.0027821830748693266
2021-02-18,-0.008997504606080509,-0.005258128441718579
2021-02-19,0.08143096901442681,-0.005070054101511956
2021-02-22,-0.03007458677540631,-0.01962490449013632
2021-02-23,-0.09930198543145974,-0.00176947581883391
2021-02-24,0.018042326886777316,0.008863239333852357
2021-02-25,-0.05253924199462712,-0.030529311015359273
2021-02-26,-0.016012490356436593,0.003511520202894358
2021-03-01,0.07102929205720199,0.025397901586991845
2021-03-02,-0.02523116190113761,-0.012109181510752132
2021-03-03,0.04463205998559516,-0.025072432027466673
2021-03-04,-0.03912035981871642,-0.016573288754675675
2021-03-05,0.007539701665201459,0.017782414949065295
2021-03-08,0.06783980378984733,-0.021354379353659914
2021-03-09,0.04933522042014493,0.029521657976254057
2021-03-10,0.021604243784508315,0.0007933809092131039
2021-03-11,0.03207671485778674,0.019818798873653565
2021-03-12,-0.00818320662681038,-0.005774613910895732
2021-03-15,-0.024853282496366536,0.009605718860780987
2021-03-16,0.01605702194959746,0.0035402146646776878
2021-03-17,0.03636996283329075,0.00121266675352949
2021-03-18,-0.01718969388968805,-0.024113664391103184
2021-03-19,0.008429650142007583,0.004061841500457186
2021-03-22,-0.065428052161292,0.013259917142598443
2021-03-23,0.0038474981370875128,-0.004657846393653076
2021-03-24,-0.035891807501329476,-0.010027877437325916
2021-03-25,-0.020277031926960176,-0.001463106391966451
2021-03-26,0.0663999247573428,0.014991005241309807
2021-03-29,0.04738872100449232,0.0012215546511420428
2021-03-30,0.020216245186837067,-0.005434848915933821
2021-03-31,1.9359634988669328e-05,0.01249027573302719
2021-04-01,0.003003735086039905,0.015199878673864076
2021-04-05,-0.0006418338102552879,0.018661180832400648
2021-04-06,-0.01465544559054699,-0.0014910959792426848
2021-04-07,-0.036833390122360865,0.0036266240000000227
2021-04-08,0.04058980823677527,0.008927665381131655
2021-04-09,-0.0013536328518541918,0.008953955546191938
2021-04-12,0.02830198486483737,0.0008352683319614584
2021-04-13,0.06027376478804425,0.0073022845055050745
2021-04-14,-0.006200634365587043,-0.008906389993918573
2021-04-15,0.0032374804693109382,0.016509948270949426
2021-04-16,-0.027501379374409107,0.0016447676978286196
