,gold,bitcoin,cpi,oil
,close,close,close,close
date,,,,
2010-07-19,1181.9,0.1,25.09,81.54
2010-07-20,1191.7,0.1,25.08,81.95
2010-07-21,1191.8,0.1,25.09,81.74
2010-07-22,1195.6,0.1,25.09,83.97
2010-07-23,1187.8,0.1,25.1,83.79
2010-07-26,1183.1,0.1,25.07,83.88
2010-07-27,1158.0,0.1,25.05,82.67
2010-07-28,1160.4,0.1,25.0,82.62
2010-07-29,1169.8,0.1,25.01,84.1
2010-07-30,1182.4,0.1,25.02,84.5
2010-08-02,1184.1,0.1,25.06,86.51
2010-08-03,1186.1,0.1,25.04,87.56
2010-08-04,1194.5,0.1,25.06,87.5
2010-08-05,1197.9,0.1,25.07,87.06
2010-08-06,1204.1,0.1,25.08,86.41
2010-08-09,1201.4,0.1,25.11,87.32
2010-08-10,1196.8,0.1,25.09,86.39
2010-08-11,1198.0,0.1,25.11,84.11
2010-08-12,1215.4,0.1,25.11,81.63
2010-08-13,1215.4,0.1,25.14,81.29
2010-08-16,1225.0,0.1,25.15,81.24
2010-08-17,1227.0,0.1,25.2,82.58
2010-08-18,1230.1,0.1,25.19,82.35
2010-08-19,1234.2,0.1,25.2,80.96
2010-08-20,1227.6,0.1,25.22,80.09
2010-08-23,1227.3,0.1,25.22,79.68
2010-08-24,1232.2,0.1,25.21,78.73
2010-08-25,1239.9,0.1,25.24,79.7
2010-08-26,1236.4,0.1,25.26,81.16
2010-08-27,1236.6,0.1,25.26,83.06
2010-08-30,1238.0,0.1,25.22,83.05
2010-08-31,1249.0,0.1,25.25,81.26
2010-09-01,1246.8,0.1,25.29,82.98
2010-09-02,1252.1,0.1,25.25,83.31
2010-09-03,1249.8,0.1,25.25,83.1
2010-09-07,1257.9,0.1,25.23,83.82
2010-09-08,1256.1,0.1,25.26,84.05
2010-09-09,1249.4,0.1,25.25,83.13
2010-09-10,1245.0,0.1,25.21,83.38
2010-09-13,1245.6,0.1,25.2,84.17
2010-09-14,1270.2,0.1,25.21,84.43
2010-09-15,1267.1,0.1,25.27,84.32
2010-09-16,1272.2,0.1,25.24,83.35
2010-09-17,1420.5,0.1,25.24,83.29
2010-09-20,1424.0,0.1,25.24,84.07
2010-09-21,1415.1,0.1,25.25,83.01
2010-09-22,1427.5,0.1,25.29,82.63
2010-09-23,1434.3,0.1,25.3,82.62
2010-09-24,1438.6,0.1,25.31,83.35
2010-09-27,1435.0,0.1,25.3,83.01
2010-09-28,1442.7,0.1,25.32,83.32
2010-09-29,1446.1,0.1,25.34,84.88
2010-09-30,1479.0,0.1,25.34,86.31
2010-10-01,1338.0,0.1,25.34,87.58
2010-10-04,1336.2,0.1,25.35,87.07
2010-10-05,1359.9,0.1,25.35,88.38
2010-10-06,1366.4,0.1,25.39,88.51
2010-10-07,1353.0,0.1,25.41,86.95
2010-10-08,1362.7,0.1,25.38,87.85
2010-10-11,1372.5,0.1,25.41,87.69
2010-10-12,1365.1,0.1,25.41,87.39
2010-10-13,1389.5,0.1,25.4,88.24
2010-10-14,1396.7,0.1,25.44,87.77
2010-10-15,1390.7,0.1,25.44,86.4
2010-10-18,1390.7,0.1,25.41,88.24
2010-10-19,1353.7,0.1,25.43,84.93
2010-10-20,1361.7,0.1,25.36,86.82
2010-10-21,1342.6,0.1,25.38,85.22
2010-10-22,1342.3,0.1,25.35,86.29
2010-10-25,1356.5,0.1,25.35,86.86
2010-10-26,1357.3,0.2,25.37,86.91
2010-10-27,1341.4,0.2,25.37,86.67
2010-10-28,1360.5,0.2,25.34,86.9
2010-10-29,1375.5,0.2,25.37,85.98
2010-11-01,1368.4,0.2,25.4,87.34
2010-11-02,1487.5,0.2,25.38,88.12
2010-11-03,1465.6,0.2,25.39,88.93
2010-11-04,1506.1,0.2,25.39,90.31
2010-11-05,1526.4,0.3,25.45,90.68
2010-11-08,1535.5,0.2,25.45,91.02
2010-11-09,1553.3,0.2,25.46,90.7
2010-11-10,1546.5,0.2,25.42,91.05
2010-11-11,1553.4,0.2,25.45,91.16
2010-11-12,1512.2,0.3,25.45,88.47
2010-11-15,1518.1,0.3,25.39,88.45
2010-11-16,1494.4,0.2,25.37,86.45
2010-11-17,1487.4,0.2,25.34,84.95
2010-11-18,1509.4,0.3,25.34,86.23
2010-11-19,1507.3,0.3,25.36,85.41
2010-11-22,1509.4,0.3,25.36,85.17
2010-11-23,1524.6,0.3,25.37,84.77
2010-11-24,1530.4,0.3,25.36,87.22
2010-11-26,1517.8,0.3,25.36,87.05
2010-11-29,1520.7,0.2,25.33,88.72
2010-11-30,1409.1,0.2,25.33,87.05
2010-12-01,1411.4,0.2,25.36,89.36
2010-12-02,1412.4,0.3,25.36,89.89
2010-12-03,1428.0,0.3,25.38,90.04
2010-12-06,1437.3,0.2,25.43,89.5
2010-12-07,1431.1,0.2,25.44,90.24
2010-12-08,1406.3,0.2,25.4,90.32
2010-12-09,1416.4,0.2,25.37,90.24
2010-12-10,1408.9,0.2,25.38,89.68
2010-12-13,1422.0,0.2,25.37,90.52
2010-12-14,1428.7,0.2,25.38,90.72
2010-12-15,1411.2,0.2,25.38,91.45
2010-12-16,1396.1,0.3,25.35,91.3
2010-12-17,1403.2,0.2,25.35,91.36
2010-12-20,1409.7,0.3,25.4,92.3
2010-12-21,1412.6,0.2,25.36,92.62
2010-12-22,1411.3,0.3,25.37,92.97
2010-12-23,1404.4,0.3,25.37,93.76
2010-12-27,1407.1,0.3,25.33,93.5
2010-12-28,1430.3,0.3,25.39,93.9
2010-12-29,1437.7,0.3,25.41,93.68
2010-12-30,1429.5,0.3,25.44,92.91
2010-12-31,1443.9,0.3,25.45,94.43
2011-01-03,1445.4,0.3,25.47,94.83
2011-01-04,1399.6,0.3,25.46,93.75
2011-01-05,1395.8,0.3,25.45,95.22
2011-01-06,1394.0,0.3,25.41,94.3
2011-01-07,1390.1,0.3,25.39,93.12
2011-01-10,1395.7,0.3,25.39,94.94
2011-01-11,1406.1,0.3,25.39,96.29
2011-01-12,1407.7,0.3,25.38,96.37
2011-01-13,1408.5,0.3,25.41,96.09
2011-01-14,1381.5,0.4,25.4,96.66
2011-01-18,1389.3,0.3,25.39,96.51
2011-01-19,1390.9,0.3,25.41,96.33
2011-01-20,1366.0,0.4,25.42,95.1
2011-01-21,1360.6,0.4,25.37,95.56
2011-01-24,1363.6,0.4,25.37,94.84
2011-01-25,1350.8,0.4,25.38,93.56
2011-01-26,1333.7,0.4,25.38,95.55
2011-01-27,1339.7,0.4,25.4,95.37
2011-01-28,1361.4,0.4,25.38,97.92
2011-01-31,1354.1,0.5,25.35,99.56
2011-02-01,1360.1,0.7,25.37,99.6
2011-02-02,1351.3,0.7,25.43,100.49
2011-02-03,1373.0,0.7,25.41,100.13
2011-02-04,1369.9,0.8,25.41,98.84
2011-02-07,1369.5,0.9,25.39,98.46
2011-02-08,1363.7,0.9,25.39,98.84
2011-02-09,1365.1,1.1,25.39,99.29
2011-02-10,1362.1,1.0,25.37,98.56
2011-02-11,1360.0,1.1,25.33,98.02
2011-02-14,1364.7,1.1,25.34,98.59
2011-02-15,1373.7,1.0,25.35,96.93
2011-02-16,1374.7,1.0,25.33,97.22
2011-02-17,1384.8,1.0,25.35,96.75
2011-02-18,1388.3,0.9,25.37,97.93
2011-02-22,1400.6,0.9,25.37,99.93
2011-02-23,1433.7,0.9,25.34,101.96
2011-02-24,1434.5,1.0,25.33,100.97
2011-02-25,1427.9,0.9,25.35,102.04
2011-02-28,1409.3,0.9,25.39,101.57
2011-03-01,1446.4,0.9,25.39,103.93
2011-03-02,1453.1,0.9,25.38,105.13
2011-03-03,1432.5,0.9,25.39,105.21
2011-03-04,1443.7,0.9,25.4,106.38
2011-03-07,1449.3,0.9,25.4,107.31
2011-03-08,1442.3,0.9,25.38,106.59
2011-03-09,1444.5,0.9,25.39,107.3
2011-03-10,1426.9,0.9,25.39,105.48
2011-03-11,1435.9,0.9,25.34,104.17
2011-03-14,1438.5,0.9,25.37,104.15
2011-03-15,1405.8,0.9,25.38,99.94
2011-03-16,1409.1,0.9,25.37,100.94
2011-03-17,1417.7,0.8,25.37,104.21
2011-03-18,1429.7,0.8,25.4,103.6
2011-03-21,1440.5,0.8,25.38,105.04
2011-03-22,1442.1,0.8,25.41,106.52
2011-03-23,1452.7,0.8,25.4,106.71
2011-03-24,1449.7,0.9,25.42,106.89
2011-03-25,1441.4,0.9,25.43,106.9
2011-03-28,1435.5,0.8,25.43,105.8
2011-03-29,1435.9,0.8,25.42,106.37
2011-03-30,1442.7,0.8,25.42,106.23
2011-03-31,1457.2,0.8,25.44,108.18
2011-04-01,1446.5,0.8,25.45,109.16
2011-04-04,1449.8,0.7,25.45,110.06
2011-04-05,1469.9,0.7,25.47,110.22
2011-04-06,1476.0,0.7,25.47,110.57
2011-04-07,1476.5,0.8,25.47,111.65
2011-04-08,1491.7,0.8,25.47,113.94
2011-04-11,1485.4,0.8,25.46,111.68
2011-04-12,1470.1,0.9,25.44,108.64
2011-04-13,1471.5,0.9,25.42,109.33
2011-04-14,1488.1,1.0,25.43,109.67
2011-04-15,1501.1,1.0,25.45,111.01
2011-04-18,1507.2,1.2,25.48,108.57
2011-04-19,1509.0,1.2,25.45,109.12
2011-04-20,1513.0,1.1,25.46,112.09
2011-04-21,1518.1,1.2,25.51,112.86
2011-04-25,1523.7,1.6,25.53,112.76
2011-04-26,1517.5,1.8,25.52,112.93
2011-04-27,1527.8,1.9,25.53,113.49
2011-04-28,1541.6,2.2,25.58,113.52
2011-04-29,1567.0,2.9,25.59,114.58
2011-05-02,1567.7,3.2,25.63,114.2
2011-05-03,1551.0,3.4,25.59,111.83
2011-05-04,1525.5,3.4,25.55,110.18
2011-05-05,1491.1,3.3,25.5,100.93
2011-05-06,1501.2,3.5,25.37,98.67
2011-05-09,1513.2,3.8,25.4,103.89
2011-05-10,1527.3,5.8,25.46,105.47
2011-05-11,1511.5,5.5,25.49,99.59
2011-05-12,1516.9,6.3,25.42,100.44
2011-05-13,1503.4,8.2,25.43,101.21
2011-05-16,1500.3,8.0,25.4,99.17
2011-05-17,1489.5,7.2,25.36,98.84
2011-05-18,1505.8,6.9,25.36,101.52
2011-05-19,1502.0,6.8,25.38,100.34
2011-05-20,1518.4,5.6,25.39,101.42
2011-05-23,1524.9,7.2,25.39,99.36
2011-05-24,1532.9,7.4,25.37,101.3
2011-05-25,1536.5,8.4,25.37,103.04
2011-05-26,1532.3,8.8,25.4,102.4
2011-05-27,1545.9,8.5,25.42,102.73
2011-05-31,1545.4,8.7,25.45,104.71
2011-06-01,1551.7,9.6,25.47,102.46
2011-06-02,1541.2,10.6,25.42,102.88
2011-06-03,1550.7,14.3,25.41,102.78
2011-06-06,1555.5,18.5,25.4,101.55
2011-06-07,1552.1,23.9,25.38,101.76
2011-06-08,1546.5,29.6,25.38,103.13
2011-06-09,1550.6,28.9,25.36,104.0
2011-06-10,1537.2,24.0,25.37,101.84
2011-06-13,1523.5,19.8,25.33,99.83
2011-06-14,1532.4,19.3,25.31,101.6
2011-06-15,1534.3,19.5,25.35,97.07
2011-06-16,1538.4,17.0,25.32,97.19
2011-06-17,1547.6,15.7,25.32,95.31
2011-06-20,1550.7,17.5,25.33,95.52
2011-06-21,1554.9,17.5,25.33,95.96
2011-06-22,1561.9,17.5,25.36,97.49
2011-06-23,1528.8,17.5,25.35,93.45
2011-06-24,1509.3,17.5,25.31,93.74
2011-06-27,1505.1,16.8,25.27,93.13
2011-06-28,1509.1,17.0,25.26,95.47
2011-06-29,1519.3,16.9,25.28,97.19
2011-06-30,1511.6,16.1,25.31,97.96
2011-07-01,1491.6,15.4,25.3,97.64
2011-07-05,1521.3,12.9,25.29,99.29
2011-07-06,1537.7,14.8,25.34,98.86
2011-07-07,1539.2,14.8,25.36,100.94
2011-07-08,1542.3,14.3,25.37,98.72
2011-07-11,1549.9,14.2,25.38,97.71
2011-07-12,1563.1,14.0,25.37,99.71
2011-07-13,1586.1,13.9,25.38,100.36
2011-07-14,1589.8,14.0,25.42,98.21
2011-07-15,1590.6,13.8,25.42,99.49
2011-07-18,1602.9,13.5,25.44,98.11
2011-07-19,1601.6,13.9,25.45,99.58
2011-07-20,1597.5,13.7,25.43,100.09
2011-07-21,1587.7,13.6,25.44,100.63
2011-07-22,1602.2,13.7,25.44,101.27
2011-07-25,1612.9,14.1,25.46,100.87
2011-07-26,1617.5,13.9,25.48,101.27
2011-07-27,1615.6,13.9,25.48,99.26
2011-07-28,1614.2,13.5,25.46,99.25
2011-07-29,1629.1,13.5,25.46,97.52
2011-08-01,1619.7,13.1,25.49,96.71
2011-08-02,1642.3,12.1,25.47,95.51
2011-08-03,1663.9,9.3,25.53,93.67
2011-08-04,1656.5,10.8,25.53,88.43
2011-08-05,1649.1,9.8,25.48,88.78
2011-08-08,1720.6,7.8,25.47,83.22
2011-08-09,1750.7,10.0,25.5,81.11
2011-08-10,1791.7,10.0,25.57,84.58
2011-08-11,1759.2,9.5,25.64,87.22
2011-08-12,1750.5,9.5,25.6,86.84
2011-08-15,1765.8,11.1,25.6,89.22
2011-08-16,1792.8,11.0,25.65,87.92
2011-08-17,1801.4,10.9,25.68,88.76
2011-08-18,1829.7,10.8,25.7,83.54
2011-08-19,1859.9,11.6,25.73,83.58
2011-08-22,1899.5,10.9,25.76,85.42
2011-08-23,1868.8,10.9,25.83,86.51
2011-08-24,1764.4,10.9,25.8,86.37
2011-08-25,1769.9,9.7,25.69,86.44
2011-08-26,1803.7,8.2,25.69,86.45
2011-08-29,1798.2,9.0,25.79,88.21
2011-08-30,1836.1,8.8,25.8,89.81
2011-08-31,1838.1,8.2,25.88,89.88
2011-09-01,1835.6,8.2,25.83,89.94
2011-09-02,1883.9,8.6,25.84,87.46
2011-09-06,1880.7,6.9,25.91,87.05
2011-09-07,1824.8,7.2,25.91,90.14
2011-09-08,1864.8,6.5,25.86,89.7
2011-09-09,1867.7,5.0,25.9,87.93
2011-09-12,1821.7,6.1,25.87,88.64
2011-09-13,1838.9,5.8,25.84,90.52
2011-09-14,1835.1,5.6,25.86,89.36
2011-09-15,1789.3,4.8,25.87,90.03
2011-09-16,1822.2,4.8,25.84,88.73
2011-09-19,1786.3,5.5,25.87,86.27
2011-09-20,1816.6,6.1,25.86,87.43
2011-09-21,1815.3,5.6,25.85,86.46
2011-09-22,1748.8,5.4,25.85,80.99
2011-09-23,1646.3,5.6,25.88,80.4
2011-09-26,1601.0,4.9,25.8,80.73
2011-09-27,1659.0,4.9,25.77,84.94
2011-09-28,1624.8,4.8,25.78,81.73
2011-09-29,1624.2,4.8,25.69,82.55
2011-09-30,1629.1,5.1,25.74,79.46
2011-10-03,1664.6,5.0,25.75,78.04
2011-10-04,1623.0,5.0,25.74,76.07
2011-10-05,1648.4,4.9,25.8,79.96
2011-10-06,1660.1,4.7,25.81,82.93
2011-10-07,1642.7,4.3,25.81,83.25
2011-10-10,1677.9,4.1,25.73,85.67
2011-10-11,1668.0,3.9,25.81,86.16
2011-10-12,1689.6,4.2,25.81,85.95
2011-10-13,1675.2,4.1,25.79,84.63
2011-10-14,1689.8,4.0,25.82,87.1
2011-10-17,1683.4,2.6,25.82,86.8
2011-10-18,1659.4,2.4,25.8,88.68
2011-10-19,1653.7,2.3,25.84,86.43
2011-10-20,1619.5,2.3,25.79,86.21
2011-10-21,1642.8,2.6,25.76,87.47
2011-10-24,1659.1,2.5,25.79,91.14
2011-10-25,1707.2,2.8,25.88,92.93
2011-10-26,1730.5,2.8,25.9,90.18
2011-10-27,1754.9,3.0,25.91,93.82
2011-10-28,1754.3,3.2,25.97,93.24
2011-10-31,1732.2,3.3,25.98,93.08
2011-11-01,1719.0,3.2,25.96,92.05
2011-11-02,1737.0,3.3,25.96,92.35
2011-11-03,1772.7,3.2,25.99,93.91
2011-11-04,1763.8,3.1,26.03,94.19
2011-11-07,1799.0,3.0,26.01,95.45
2011-11-08,1807.2,3.0,26.05,96.7
2011-11-09,1799.6,3.0,26.05,95.64
2011-11-10,1767.5,2.8,25.96,97.68
2011-11-11,1796.3,3.1,25.94,98.89
2011-11-14,1786.6,2.2,26.01,98.22
2011-11-15,1790.6,2.3,26.01,99.43
2011-11-16,1783.1,2.6,26.03,102.6
2011-11-17,1729.5,2.3,26.01,98.93
2011-11-18,1734.7,2.0,25.97,97.67
2011-11-21,1688.6,2.3,25.97,96.92
2011-11-22,1712.9,2.3,25.9,98.01
2011-11-23,1706.5,2.3,25.94,96.17
2011-11-25,1696.4,2.5,25.87,96.77
2011-11-28,1722.6,2.5,25.79,98.21
2011-11-29,1726.5,2.8,25.93,99.79
2011-11-30,1757.6,3.0,25.93,100.36
2011-12-01,1747.4,3.1,26.03,100.2
2011-12-02,1759.4,3.1,26.01,100.96
2011-12-05,1742.4,2.9,26.06,100.99
2011-12-06,1739.6,3.0,26.08,101.28
2011-12-07,1752.5,3.0,26.06,100.49
2011-12-08,1720.8,3.0,26.08,98.34
2011-12-09,1724.2,3.0,25.98,99.41
2011-12-12,1674.9,3.1,26.01,97.77
2011-12-13,1669.6,3.3,25.96,100.32
2011-12-14,1592.9,3.2,25.94,95.14
2011-12-15,1583.2,3.2,25.85,94.07
2011-12-16,1604.1,3.2,25.83,93.75
2011-12-19,1603.1,3.5,25.91,94.05
2011-12-20,1624.2,4.0,25.89,97.24
2011-12-21,1620.3,3.9,25.97,98.67
2011-12-22,1617.5,3.9,25.96,99.53
2011-12-23,1613.1,4.0,25.99,99.68
2011-12-27,1602.6,4.1,25.98,101.34
2011-12-28,1571.0,4.2,26.0,99.36
2011-12-29,1547.6,4.2,25.91,99.65
2011-12-30,1573.8,4.3,25.94,98.83
2012-01-03,1607.8,4.9,25.94,102.96
2012-01-04,1620.4,5.6,26.01,103.22
2012-01-05,1627.9,6.9,25.98,101.81
2012-01-06,1624.5,6.7,25.98,101.56
2012-01-09,1615.7,6.3,26.0,101.31
2012-01-10,1639.6,6.4,25.99,102.44
2012-01-11,1647.9,6.9,26.04,101.09
2012-01-12,1656.1,6.8,26.07,99.31
2012-01-13,1638.9,6.4,26.05,98.88
2012-01-17,1663.7,5.6,26.06,100.87
2012-01-18,1668.1,5.9,26.1,100.76
2012-01-19,1662.5,6.4,26.12,100.54
2012-01-20,1672.1,6.5,26.09,98.33
2012-01-23,1686.6,6.4,26.04,99.58
2012-01-24,1672.6,6.3,26.05,98.95
2012-01-25,1708.4,5.8,26.04,99.4
2012-01-26,1735.3,5.3,26.11,99.7
2012-01-27,1740.9,5.3,26.14,99.56
2012-01-30,1739.9,5.5,26.17,98.78
2012-01-31,1745.8,5.5,26.18,98.48
2012-02-01,1754.8,6.1,26.21,97.61
2012-02-02,1764.6,6.1,26.22,96.36
2012-02-03,1745.5,6.0,26.24,97.84
2012-02-06,1730.1,5.4,26.21,96.91
2012-02-07,1753.7,5.7,26.22,98.41
2012-02-08,1736.6,5.6,26.23,98.71
2012-02-09,1746.6,5.8,26.23,99.84
2012-02-10,1730.7,5.9,26.2,98.67
2012-02-13,1730.3,5.3,26.19,101.29
2012-02-14,1722.9,4.5,26.23,101.08
2012-02-15,1733.4,4.3,26.23,102.14
2012-02-16,1733.7,4.3,26.21,102.64
2012-02-17,1731.3,4.4,26.24,103.6
2012-02-21,1764.1,4.3,26.24,106.25
2012-02-22,1776.8,4.4,26.25,106.28
2012-02-23,1792.0,5.0,26.29,107.83
2012-02-24,1782.0,5.0,26.33,109.77
2012-02-27,1780.4,5.0,26.35,108.56
2012-02-28,1793.9,4.9,26.35,106.55
2012-02-29,1716.6,4.9,26.36,107.07
2012-03-01,1727.6,4.9,26.24,108.84
2012-03-02,1715.2,4.7,26.25,106.7
2012-03-05,1709.3,5.0,26.24,106.72
2012-03-06,1677.5,5.0,26.21,104.7
2012-03-07,1689.4,4.9,26.15,106.16
2012-03-08,1704.1,4.9,26.17,106.58
2012-03-09,1716.9,4.9,26.2,107.87
2012-03-12,1705.0,4.9,26.23,106.84
2012-03-13,1699.3,5.3,26.21,107.24
2012-03-14,1647.7,5.4,26.2,105.95
2012-03-15,1664.2,5.3,26.09,105.65
2012-03-16,1660.5,5.3,26.13,107.58
2012-03-19,1672.1,4.7,26.15,108.56
2012-03-20,1651.7,4.8,26.14,106.07
2012-03-21,1655.0,4.8,26.11,107.27
2012-03-22,1647.2,4.7,26.14,105.35
2012-03-23,1667.3,4.7,26.11,106.87
2012-03-26,1690.6,4.6,26.18,107.03
2012-03-27,1690.1,4.8,26.24,107.33
2012-03-28,1662.9,4.8,26.23,105.41
2012-03-29,1657.2,4.8,26.2,102.78
2012-03-30,1674.3,4.9,26.19,103.02
2012-04-02,1682.2,5.0,26.16,105.23
2012-04-03,1674.4,4.9,26.21,104.01
2012-04-04,1616.4,4.9,26.12,101.47
2012-04-05,1632.4,4.9,26.08,103.31
2012-04-09,1646.3,4.9,26.1,102.46
2012-04-10,1663.0,4.8,26.14,101.02
2012-04-11,1662.6,4.9,26.12,103.18
2012-04-12,1682.8,4.9,26.12,104.1
2012-04-13,1662.4,4.9,26.17,103.32
2012-04-16,1651.9,4.9,26.15,103.37
2012-04-17,1653.3,5.0,26.15,104.64
2012-04-18,1641.8,5.1,26.19,103.12
2012-04-19,1643.6,5.1,26.16,102.72
2012-04-20,1645.0,5.3,26.15,103.88
2012-04-23,1634.8,5.0,26.16,103.11
2012-04-24,1646.0,5.1,26.15,103.55
2012-04-25,1644.6,5.1,26.15,104.12
2012-04-26,1662.9,5.1,26.17,104.55
2012-04-27,1667.2,5.1,26.23,104.93
2012-04-30,1666.5,4.9,26.24,104.87
2012-05-01,1664.7,5.0,26.23,106.16
2012-05-02,1656.3,5.1,26.23,105.22
2012-05-03,1637.0,5.1,26.23,102.54
2012-05-04,1647.4,5.1,26.17,98.49
2012-05-07,1641.4,5.1,26.13,97.94
2012-05-08,1604.0,5.1,26.13,97.01
2012-05-09,1593.7,5.0,26.1,86.5
2012-05-10,1597.8,4.8,26.06,97.41
2012-05-11,1586.3,5.0,26.07,96.49
2012-05-14,1563.2,5.0,26.06,95.13
2012-05-15,1559.3,5.0,26.03,94.35
2012-05-16,1538.7,5.1,26.01,93.19
2012-05-17,1577.1,5.1,26.0,92.94
2012-05-18,1594.2,5.1,26.04,91.8
2012-05-21,1591.0,5.1,26.03,92.86
2012-05-22,1578.8,5.1,26.08,91.85
2012-05-23,1550.6,5.1,26.01,89.9
2012-05-24,1559.8,5.1,26.02,90.66
2012-05-25,1571.2,5.2,26.01,90.86
2012-05-29,1551.0,5.2,26.03,90.76
2012-05-30,1565.7,5.1,26.03,87.82
2012-05-31,1564.2,5.2,26.07,86.53
2012-06-01,1622.1,5.3,26.09,83.23
2012-06-04,1613.9,5.3,26.17,83.98
2012-06-05,1616.9,5.4,26.15,84.29
2012-06-06,1634.2,5.5,26.13,85.02
2012-06-07,1588.0,5.6,26.13,84.82
2012-06-08,1591.4,5.6,26.1,84.1
2012-06-11,1596.8,5.6,26.12,82.7
2012-06-12,1613.8,5.7,26.1,83.62
2012-06-13,1619.4,5.9,26.12,82.92
2012-06-14,1619.6,5.9,26.15,84.22
2012-06-15,1628.1,6.5,26.18,84.33
2012-06-18,1627.0,6.3,26.22,83.6
2012-06-19,1623.2,6.5,26.24,84.35
2012-06-20,1615.8,6.7,26.23,81.45
2012-06-21,1565.5,6.7,26.22,78.2
2012-06-22,1566.9,6.6,26.11,79.76
2012-06-25,1588.4,6.3,26.11,79.21
2012-06-26,1574.9,6.4,26.11,79.36
2012-06-27,1578.4,6.7,26.1,80.21
2012-06-28,1550.4,6.6,26.13,77.69
2012-06-29,1604.2,6.7,26.1,84.96
2012-07-02,1597.7,6.8,26.21,83.75
2012-07-03,1621.8,6.4,26.24,87.66
2012-07-05,1609.4,6.7,26.27,87.22
2012-07-06,1578.9,6.7,26.23,84.45
2012-07-09,1589.1,7.0,26.2,85.99
2012-07-10,1579.8,7.2,26.22,83.91
2012-07-11,1575.7,7.2,26.17,86.19
2012-07-12,1565.3,7.8,26.18,86.46
2012-07-13,1592.0,7.7,26.18,87.5
2012-07-16,1591.6,8.5,26.24,88.81
2012-07-17,1589.5,8.8,26.25,89.54
2012-07-18,1570.8,9.1,26.24,90.17
2012-07-19,1580.4,8.9,26.26,92.97
2012-07-20,1582.8,8.5,26.26,91.83
2012-07-23,1577.4,8.4,26.27,88.14
2012-07-24,1576.2,8.6,26.25,88.5
2012-07-25,1608.1,8.8,26.25,88.97
2012-07-26,1615.1,8.9,26.29,89.39
2012-07-27,1618.0,8.9,26.33,90.13
2012-07-30,1619.7,9.1,26.34,89.78
2012-07-31,1612.4,9.4,26.36,88.06
2012-08-01,1605.1,9.6,26.33,88.91
2012-08-02,1588.6,10.5,26.29,87.13
2012-08-03,1607.1,11.0,26.27,91.4
2012-08-06,1614.1,10.9,26.31,92.2
2012-08-07,1610.7,11.1,26.33,93.67
2012-08-08,1613.9,11.1,26.31,93.35
2012-08-09,1618.1,11.1,26.29,93.36
2012-08-10,1620.7,11.4,26.3,92.87
2012-08-13,1610.6,12.0,26.32,93.03
2012-08-14,1600.4,12.2,26.3,93.74
2012-08-15,1604.6,13.3,26.25,94.62
2012-08-16,1617.1,13.5,26.22,95.89
2012-08-17,1617.3,11.6,26.24,96.32
2012-08-20,1620.9,10.1,26.25,96.26
2012-08-21,1640.7,9.9,26.27,96.84
2012-08-22,1638.3,9.8,26.3,97.26
2012-08-23,1670.6,10.1,26.36,96.27
2012-08-24,1670.7,10.6,26.37,96.15
2012-08-27,1673.3,10.9,26.39,95.47
2012-08-28,1667.4,10.9,26.39,96.33
2012-08-29,1660.7,10.9,26.4,95.49
2012-08-30,1654.8,10.8,26.37,94.62
2012-08-31,1685.3,10.2,26.36,96.47
2012-09-04,1693.6,10.4,26.47,95.3
2012-09-05,1691.6,11.0,26.47,95.36
2012-09-06,1703.2,11.2,26.45,95.53
2012-09-07,1738.0,11.0,26.48,96.42
2012-09-10,1729.2,11.2,26.54,96.54
2012-09-11,1732.3,11.3,26.51,97.5
2012-09-12,1731.1,11.4,26.51,97.34
2012-09-13,1769.5,11.4,26.49,98.63
2012-09-14,1770.1,11.7,26.58,99.33
2012-09-17,1768.0,11.9,26.54,96.95
2012-09-18,1768.7,12.3,26.53,95.62
2012-09-19,1769.3,12.6,26.56,92.3
2012-09-20,1767.8,12.3,26.58,92.42
2012-09-21,1775.6,12.4,26.57,92.89
2012-09-24,1762.2,12.1,26.58,91.93
2012-09-25,1763.9,12.2,26.58,91.37
2012-09-26,1755.7,12.3,26.56,89.98
2012-09-27,1782.6,12.3,26.56,91.85
2012-09-28,1776.1,12.4,26.61,92.19
2012-10-01,1785.5,12.4,26.59,92.48
2012-10-02,1777.7,12.8,26.6,91.89
2012-10-03,1781.9,12.9,26.61,88.14
2012-10-04,1798.6,12.9,26.62,91.71
2012-10-05,1782.9,12.7,26.63,89.88
2012-10-08,1777.8,11.8,26.58,89.33
2012-10-09,1767.1,11.9,26.58,92.78
2012-10-10,1767.2,12.1,26.53,91.64
2012-10-11,1772.7,12.0,26.53,92.5
2012-10-12,1761.8,12.0,26.56,92.28
2012-10-15,1739.7,11.8,26.53,92.32
2012-10-16,1748.4,11.9,26.53,92.54
2012-10-17,1755.2,11.8,26.54,92.59
2012-10-18,1746.9,11.9,26.53,92.53
2012-10-19,1726.1,11.7,26.5,90.44
2012-10-22,1728.4,11.7,26.45,88.65
2012-10-23,1711.5,11.6,26.44,86.67
2012-10-24,1703.7,11.6,26.41,85.73
2012-10-25,1715.0,10.9,26.37,86.05
2012-10-26,1714.0,10.2,26.37,86.28
2012-10-31,1721.3,11.2,26.4,86.24
2012-11-01,1717.7,10.6,26.43,87.09
2012-11-02,1677.3,10.5,26.44,84.86
2012-11-05,1685.4,10.8,26.37,85.65
2012-11-06,1717.2,10.9,26.39,88.71
2012-11-07,1716.2,10.9,26.43,84.44
2012-11-08,1728.3,10.9,26.42,85.09
2012-11-09,1733.2,10.8,26.44,86.07
2012-11-12,1733.2,11.0,26.44,86.07
2012-11-13,1727.1,10.9,26.44,85.84
2012-11-14,1732.5,10.9,26.44,86.75
2012-11-15,1716.1,11.2,26.39,85.87
2012-11-16,1716.9,11.8,26.36,86.92
2012-11-19,1736.7,11.8,26.37,89.28
2012-11-20,1725.9,11.7,26.44,86.75
2012-11-21,1730.6,11.8,26.41,87.38
2012-11-23,1753.8,12.4,26.41,88.28
2012-11-26,1752.0,12.3,26.48,87.74
2012-11-27,1744.8,12.2,26.49,87.18
2012-11-28,1718.8,12.4,26.47,86.49
2012-11-29,1729.5,12.4,26.45,88.07
2012-11-30,1712.7,12.6,26.48,88.91
2012-12-03,1721.1,12.7,26.45,89.09
2012-12-04,1695.8,13.4,26.45,88.5
2012-12-05,1693.8,13.4,26.44,87.88
2012-12-06,1701.8,13.3,26.43,86.26
2012-12-07,1705.5,13.5,26.46,85.93
2012-12-10,1714.4,13.4,26.45,85.56
2012-12-11,1709.6,13.6,26.47,85.79
2012-12-12,1717.9,13.7,26.47,87.31
2012-12-13,1696.8,13.7,26.44,86.44
2012-12-14,1697.0,13.6,26.4,87.25
2012-12-17,1698.2,13.3,26.4,87.67
2012-12-18,1670.7,13.3,26.4,88.4
2012-12-19,1667.7,13.6,26.38,89.98
2012-12-20,1645.9,13.5,26.36,90.13
2012-12-21,1660.1,13.5,26.36,88.66
2012-12-24,1659.5,13.4,26.37,88.61
2012-12-26,1660.7,13.5,26.35,90.98
2012-12-27,1663.7,13.4,26.34,90.87
2012-12-28,1655.9,13.4,26.34,90.8
2012-12-31,1675.8,13.5,26.31,91.82
2013-01-02,1688.8,13.3,26.34,93.12
2013-01-03,1674.6,13.4,26.4,92.92
2013-01-04,1648.9,13.5,26.33,93.09
2013-01-07,1646.3,13.6,26.34,93.19
2013-01-08,1662.2,13.7,26.32,93.15
2013-01-09,1655.5,13.8,26.34,93.1
2013-01-10,1678.0,14.1,26.35,94.27
2013-01-11,1660.6,14.1,26.38,93.99
2013-01-14,1669.4,14.3,26.39,94.59
2013-01-15,1683.9,14.3,26.38,93.72
2013-01-16,1683.2,14.7,26.42,94.68
2013-01-17,1690.8,15.5,26.43,95.94
2013-01-18,1687.0,15.7,26.42,96.04
2013-01-22,1693.2,17.3,26.45,96.68
2013-01-23,1686.7,17.5,26.48,95.23
2013-01-24,1669.9,16.9,26.47,95.95
2013-01-25,1656.6,17.4,26.43,95.88
2013-01-28,1652.9,18.7,26.4,96.44
2013-01-29,1662.7,19.5,26.38,97.57
2013-01-30,1681.6,19.7,26.39,97.94
2013-01-31,1662.0,20.4,26.39,97.49
2013-02-01,1670.6,20.5,26.38,97.77
2013-02-04,1676.4,20.4,26.38,96.17
2013-02-05,1673.5,20.6,26.39,96.64
2013-02-06,1678.8,21.2,26.39,96.62
2013-02-07,1671.3,22.1,26.42,95.83
2013-02-08,1666.9,22.7,26.4,95.72
2013-02-11,1649.1,24.6,26.42,97.03
2013-02-12,1649.6,25.2,26.39,98.07
2013-02-13,1645.1,24.2,26.39,97.6
2013-02-14,1635.5,27.2,26.35,97.9
2013-02-15,1609.5,27.1,26.37,96.41
2013-02-19,1604.2,29.4,26.31,97.1
2013-02-20,1578.0,29.6,26.31,95.22
2013-02-21,1578.6,29.8,26.22,92.84
2013-02-22,1572.8,30.3,26.23,93.13
2013-02-25,1586.6,30.4,26.27,93.11
2013-02-26,1615.5,31.1,26.29,92.63
2013-02-27,1595.7,30.9,26.32,92.76
2013-02-28,1578.1,33.4,26.32,92.05
2013-03-01,1572.3,34.5,26.29,90.68
2013-03-04,1572.4,36.2,26.3,90.12
2013-03-05,1574.9,40.3,26.3,90.82
2013-03-06,1574.9,41.0,26.32,90.43
2013-03-07,1575.1,42.0,26.31,91.56
2013-03-08,1576.9,44.2,26.28,92.43
2013-03-11,1578.0,48.4,26.27,92.52
2013-03-12,1591.7,44.3,26.28,92.92
2013-03-13,1588.4,46.9,26.32,92.88
2013-03-14,1590.7,47.2,26.31,93.38
2013-03-15,1592.6,47.0,26.32,93.82
2013-03-18,1604.6,51.6,26.33,94.11
2013-03-19,1611.3,59.1,26.36,92.52
2013-03-20,1607.5,64.5,26.37,93.5
2013-03-21,1613.8,70.8,26.38,92.45
2013-03-22,1606.1,69.9,26.37,93.71
2013-03-25,1604.5,73.6,26.4,94.81
2013-03-26,1595.7,78.5,26.38,96.34
2013-03-27,1608.9,88.9,26.42,96.58
2013-03-28,1597.4,86.2,26.44,97.23
2013-04-01,1602.6,104.0,26.44,97.07
2013-04-02,1577.5,118.0,26.45,97.19
2013-04-03,1555.1,135.0,26.42,94.45
2013-04-04,1553.9,132.1,26.37,93.26
2013-04-05,1577.5,142.3,26.43,92.7
2013-04-08,1574.1,187.5,26.49,93.36
2013-04-09,1588.3,230.0,26.51,94.51
2013-04-10,1560.4,165.0,26.54,94.97
2013-04-11,1566.5,124.9,26.53,93.85
2013-04-12,1502.9,117.0,26.56,91.61
2013-04-15,1362.1,82.4,26.46,89.03
2013-04-16,1388.5,68.4,26.12,89.03
2013-04-17,1383.9,93.1,26.22,86.97
2013-04-18,1393.8,109.0,26.16,88.0
2013-04-19,1397.0,118.5,26.17,88.27
2013-04-22,1422.7,127.4,26.25,89.19
2013-04-23,1410.3,143.5,26.3,89.18
2013-04-24,1425.3,154.2,26.32,91.43
2013-04-25,1463.7,141.7,26.36,93.64
2013-04-26,1455.1,136.9,26.41,93.0
2013-04-29,1468.1,144.0,26.39,94.5
2013-04-30,1472.7,139.2,26.45,93.46
2013-05-01,1446.8,116.4,26.5,91.03
2013-05-02,1468.2,106.3,26.44,93.99
2013-05-03,1464.8,98.1,26.49,95.61
2013-05-06,1468.6,112.3,26.5,96.16
2013-05-07,1449.4,109.6,26.52,95.62
2013-05-08,1474.3,113.2,26.52,96.62
2013-05-09,1469.1,112.8,26.57,96.66
2013-05-10,1437.0,117.7,26.51,96.29
2013-05-13,1434.9,118.0,26.49,95.41
2013-05-14,1425.1,111.4,26.48,94.48
2013-05-15,1396.8,114.2,26.5,94.56
2013-05-16,1387.5,118.2,26.48,95.45
2013-05-17,1365.3,123.5,26.46,96.29
2013-05-20,1384.8,122.0,26.44,96.93
2013-05-21,1378.2,122.9,26.51,96.18
2013-05-22,1367.9,123.8,26.49,94.28
2013-05-23,1392.3,126.3,26.37,94.25
2013-05-24,1387.0,133.1,26.37,94.15
2013-05-28,1379.3,129.0,26.34,95.01
2013-05-29,1391.6,132.3,26.29,93.13
2013-05-30,1411.8,128.8,26.26,93.61
2013-05-31,1392.8,128.8,26.28,91.97
2013-06-03,1411.8,120.7,26.14,93.45
2013-06-04,1397.1,121.4,26.23,93.31
2013-06-05,1398.4,121.9,26.15,93.74
2013-06-06,1415.8,119.0,26.11,94.76
2013-06-07,1383.1,111.0,26.19,96.03
2013-06-10,1386.3,106.3,26.14,95.77
2013-06-11,1377.1,109.0,26.13,95.6
2013-06-12,1392.1,108.8,26.06,96.1
2013-06-13,1377.9,103.9,26.0,96.95
2013-06-14,1387.6,100.0,26.12,98.07
2013-06-17,1383.0,101.9,26.13,98.03
2013-06-18,1366.7,107.3,26.14,98.67
2013-06-19,1373.7,108.3,26.13,98.48
2013-06-20,1285.9,111.3,25.97,95.14
2013-06-21,1291.7,109.5,25.65,93.69
2013-06-24,1276.8,102.1,25.68,95.18
2013-06-25,1274.9,103.3,25.62,95.32
2013-06-26,1229.6,104.0,25.67,95.5
2013-06-27,1211.4,101.7,25.65,97.05
2013-06-28,1223.8,94.7,25.69,96.56
2013-07-01,1255.9,88.1,25.71,97.99
2013-07-02,1243.6,90.4,25.76,99.6
2013-07-03,1252.1,78.9,25.77,101.24
2013-07-05,1212.9,68.5,25.77,103.22
2013-07-08,1235.5,76.0,25.68,103.02
2013-07-09,1245.9,76.7,25.74,103.31
2013-07-10,1247.4,88.0,25.81,105.62
2013-07-11,1280.1,89.0,25.81,104.38
2013-07-12,1278.1,94.0,25.99,105.55
2013-07-15,1284.0,98.9,25.97,105.92
2013-07-16,1290.8,97.1,26.0,105.69
2013-07-17,1277.8,98.5,26.01,106.35
2013-07-18,1284.5,90.1,26.01,107.81
2013-07-19,1293.2,92.0,26.03,107.87
2013-07-22,1336.4,91.6,26.07,106.94
2013-07-23,1334.9,95.6,26.15,107.23
2013-07-24,1319.7,95.1,26.15,105.39
2013-07-25,1329.0,96.9,26.03,105.49
2013-07-26,1321.4,96.0,26.06,104.7
2013-07-29,1328.8,101.5,26.07,104.55
2013-07-30,1324.3,108.0,26.03,103.08
2013-07-31,1312.4,106.2,26.02,105.03
2013-08-01,1310.7,104.0,25.98,107.89
2013-08-02,1310.2,104.5,25.95,106.94
2013-08-05,1302.1,106.7,25.96,106.56
2013-08-06,1282.5,106.6,25.93,105.3
2013-08-07,1285.4,106.0,25.88,104.37
2013-08-08,1310.1,103.1,25.88,103.4
2013-08-09,1312.5,102.8,25.93,105.97
2013-08-12,1334.9,106.8,25.95,106.11
2013-08-13,1321.3,109.6,25.96,106.4
2013-08-14,1334.1,112.6,25.89,106.56
2013-08-15,1361.1,110.0,25.89,107.19
2013-08-16,1371.2,109.0,25.83,107.29
2013-08-19,1365.6,118.5,25.77,106.86
2013-08-20,1372.5,121.2,25.7,105.11
2013-08-21,1370.0,123.3,25.79,103.85
2013-08-22,1370.5,122.0,25.74,105.03
2013-08-23,1395.0,118.5,25.8,106.42
2013-08-26,1392.6,120.1,25.89,105.92
2013-08-27,1419.9,131.3,25.89,109.01
2013-08-28,1418.6,128.8,25.88,110.1
2013-08-29,1412.7,129.3,25.87,108.8
2013-08-30,1395.9,138.0,25.86,107.65
2013-09-03,1411.8,144.0,25.81,108.54
2013-09-04,1389.8,132.5,25.82,107.23
2013-09-05,1372.8,130.2,25.81,108.37
2013-09-06,1386.3,121.9,25.72,110.53
2013-09-09,1386.5,133.1,25.81,109.52
2013-09-10,1363.8,132.6,25.88,107.39
2013-09-11,1363.6,142.1,25.84,105.09
2013-09-12,1330.4,139.4,25.88,106.14
2013-09-13,1308.4,140.7,25.78,107.54
2013-09-16,1317.8,139.4,25.79,106.19
2013-09-17,1309.4,139.1,25.8,104.82
2013-09-18,1307.6,140.4,25.82,107.28
2013-09-19,1369.4,135.1,26.08,105.86
2013-09-20,1332.5,133.8,26.06,104.75
2013-09-23,1327.0,133.4,25.95,103.59
2013-09-24,1316.1,134.8,25.92,103.13
2013-09-25,1336.0,135.0,25.91,102.66
2013-09-26,1323.8,137.1,25.93,103.03
2013-09-27,1338.9,138.9,25.93,102.87
2013-09-30,1326.8,141.9,25.93,102.33
2013-10-01,1285.9,140.3,25.88,102.04
2013-10-02,1320.5,123.0,25.88,104.1
2013-10-03,1317.4,131.0,25.92,103.31
2013-10-04,1309.7,136.8,25.85,103.53
2013-10-07,1324.9,135.8,25.85,102.83
2013-10-08,1324.4,136.5,25.86,103.31
2013-10-09,1319.0,139.5,25.79,101.43
2013-10-10,1308.4,140.4,25.77,102.89
2013-10-11,1279.1,140.1,25.86,102.06
2013-10-14,1287.7,151.4,25.88,102.48
2013-10-15,1283.9,158.1,25.89,101.41
2013-10-16,1292.9,152.8,25.87,102.49
2013-10-17,1333.3,157.6,25.97,100.87
2013-10-18,1324.7,168.3,26.1,101.11
2013-10-21,1325.8,192.8,26.11,99.68
2013-10-22,1352.0,203.0,26.09,98.3
2013-10-23,1343.2,228.0,26.16,96.86
2013-10-24,1359.6,207.0,26.15,97.11
2013-10-25,1361.7,197.9,26.16,97.85
2013-10-28,1361.6,206.9,26.21,98.68
2013-10-29,1354.8,216.0,26.19,98.2
2013-10-30,1349.7,208.0,26.19,96.77
2013-10-31,1324.1,211.2,26.14,96.38
2013-11-01,1313.6,213.4,26.11,94.61
2013-11-04,1315.1,238.2,26.11,94.62
2013-11-05,1308.5,251.3,26.12,93.37
2013-11-06,1318.2,264.1,26.05,94.8
2013-11-07,1308.9,309.6,26.07,94.2
2013-11-08,1285.1,355.0,26.01,94.6
2013-11-11,1281.6,363.0,25.97,95.14
2013-11-12,1271.7,380.0,25.96,93.52
2013-11-13,1268.9,434.9,25.94,94.49
2013-11-14,1286.8,433.4,25.99,94.41
2013-11-15,1287.8,433.9,26.04,94.49
2013-11-18,1272.7,785.4,26.06,93.68
2013-11-19,1273.9,645.7,26.04,93.89
2013-11-20,1258.4,638.0,26.0,93.85
2013-11-21,1243.9,764.9,25.93,95.44
2013-11-22,1244.3,802.0,25.97,94.84
2013-11-25,1241.4,830.0,25.98,94.09
2013-11-26,1241.4,970.0,25.97,93.68
2013-11-27,1237.8,1079.9,25.97,92.3
2013-11-29,1250.5,1206.9,25.99,92.72
2013-12-02,1222.3,1096.6,25.96,93.82
2013-12-03,1221.3,1154.9,25.93,96.04
2013-12-04,1247.4,1237.6,25.92,97.2
2013-12-05,1232.5,1106.3,25.93,97.38
2013-12-06,1229.6,845.0,25.91,97.65
2013-12-09,1234.9,919.0,25.96,97.34
2013-12-10,1261.8,1033.7,25.98,98.51
2013-12-11,1257.9,919.9,25.98,97.72
2013-12-12,1225.7,900.0,25.88,97.82
2013-12-13,1235.4,936.8,25.85,96.93
2013-12-16,1245.2,759.9,25.86,97.77
2013-12-17,1230.8,715.0,25.88,97.47
2013-12-18,1235.7,541.0,25.89,98.06
2013-12-19,1194.3,732.0,25.97,99.04
2013-12-20,1204.3,650.0,25.92,99.32
2013-12-23,1197.4,713.2,25.96,98.91
2013-12-24,1203.6,702.8,25.97,99.22
2013-12-26,1212.2,802.0,25.97,99.55
2013-12-27,1214.1,803.0,25.98,100.32
2013-12-30,1203.1,804.8,25.95,99.29
2013-12-31,1201.9,805.9,25.96,98.42
2014-01-02,1225.0,856.9,25.95,95.44
2014-01-03,1238.4,884.3,25.93,93.96
2014-01-06,1237.8,1012.7,25.95,93.43
2014-01-07,1229.4,879.9,25.95,93.67
2014-01-08,1225.3,938.8,25.98,92.33
2014-01-09,1229.3,937.0,25.96,91.89
2014-01-10,1246.7,957.8,25.97,92.95
2014-01-13,1250.9,922.9,26.03,92.01
2014-01-14,1245.2,919.3,25.99,92.78
2014-01-15,1238.1,941.2,26.02,94.35
2014-01-16,1240.0,913.5,26.05,94.1
2014-01-17,1251.7,894.2,26.06,94.59
2014-01-21,1242.3,962.2,26.04,94.97
2014-01-22,1238.5,951.0,26.06,96.73
2014-01-23,1262.3,944.2,26.07,97.32
2014-01-24,1264.4,916.5,26.06,96.64
2014-01-27,1263.5,943.5,25.97,95.72
2014-01-28,1250.6,932.7,25.94,97.41
2014-01-29,1262.2,925.7,25.98,97.36
2014-01-30,1242.4,941.4,25.95,98.23
2014-01-31,1239.8,938.8,26.0,97.49
2014-02-03,1259.9,931.7,25.99,96.43
2014-02-04,1251.2,926.6,25.92,97.19
2014-02-05,1257.0,904.5,25.95,97.38
2014-02-06,1257.4,828.9,25.93,97.84
2014-02-07,1263.2,695.7,25.98,99.88
2014-02-10,1274.8,582.6,26.04,100.06
2014-02-11,1289.9,579.0,26.06,99.94
2014-02-12,1295.1,531.1,26.09,99.92
2014-02-13,1300.2,451.4,26.09,100.05
2014-02-14,1318.8,427.7,26.12,100.13
2014-02-18,1324.6,294.0,26.14,102.1
2014-02-19,1320.6,261.5,26.17,102.84
2014-02-20,1317.0,111.9,26.17,102.75
2014-02-21,1323.7,111.6,26.15,102.2
2014-02-24,1338.1,174.0,26.15,102.82
2014-02-25,1342.8,135.8,26.17,101.83
2014-02-26,1328.0,593.1,26.18,102.59
2014-02-27,1331.6,596.5,26.19,102.4
2014-02-28,1321.4,573.9,26.21,102.59
2014-03-03,1350.1,662.2,26.23,104.92
2014-03-04,1337.8,661.8,26.19,103.33
2014-03-05,1340.7,658.3,26.25,101.45
2014-03-06,1352.2,648.3,26.25,101.56
2014-03-07,1338.6,616.7,26.25,102.58
2014-03-10,1341.9,613.0,26.22,101.12
2014-03-11,1347.1,608.7,26.2,100.03
2014-03-12,1370.7,619.4,26.19,97.68
2014-03-13,1372.6,625.0,26.2,97.94
2014-03-14,1379.2,614.0,26.15,98.56
2014-03-17,1373.1,606.4,26.14,97.62
2014-03-18,1359.1,598.9,26.18,98.88
2014-03-19,1341.5,595.0,26.21,99.17
2014-03-20,1330.7,566.0,26.14,98.9
2014-03-21,1336.0,549.6,26.15,99.46
2014-03-24,1311.2,567.6,26.15,99.6
2014-03-25,1311.5,562.9,26.14,99.19
2014-03-26,1303.5,562.5,26.18,100.26
2014-03-27,1294.8,460.5,26.16,101.28
2014-03-28,1294.1,482.6,26.18,101.67
2014-03-31,1283.7,444.7,26.21,101.58
2014-04-01,1279.9,463.5,26.24,99.74
2014-04-02,1290.7,424.4,26.27,99.62
2014-04-03,1284.4,436.3,26.27,100.29
2014-04-04,1303.2,444.4,26.26,101.14
2014-04-07,1298.0,462.4,26.24,100.44
2014-04-08,1308.7,466.6,26.21,102.56
2014-04-09,1305.5,457.3,26.23,102.65
2014-04-10,1320.1,384.6,26.28,102.38
2014-04-11,1318.6,435.1,26.19,102.62
2014-04-14,1327.2,478.4,26.16,103.21
2014-04-15,1300.0,526.4,26.19,103.0
2014-04-16,1303.2,537.0,26.22,103.03
2014-04-17,1293.5,502.0,26.27,103.37
2014-04-21,1288.1,495.2,26.26,103.65
2014-04-22,1280.7,487.9,26.28,101.75
2014-04-23,1284.2,487.3,26.32,101.44
2014-04-24,1290.3,500.3,26.3,101.94
2014-04-25,1300.5,464.5,26.32,100.6
2014-04-28,1298.7,441.9,26.26,100.84
2014-04-29,1296.0,446.1,26.27,101.28
2014-04-30,1295.6,445.6,26.29,99.74
2014-05-01,1286.1,460.1,26.33,99.42
2014-05-02,1305.8,453.7,26.35,99.76
2014-05-05,1312.5,430.9,26.35,99.48
2014-05-06,1311.8,432.2,26.36,99.5
2014-05-07,1292.2,446.5,26.31,100.77
2014-05-08,1291.0,441.1,26.35,100.26
2014-05-09,1291.1,445.5,26.34,99.99
2014-05-12,1299.4,438.2,26.35,99.94
2014-05-13,1298.7,433.9,26.41,101.05
2014-05-14,1309.7,442.6,26.39,101.74
2014-05-15,1297.4,448.1,26.38,101.13
2014-05-16,1297.3,453.6,26.35,101.58
2014-05-19,1297.9,443.9,26.39,102.11
2014-05-20,1299.0,484.6,26.39,102.33
2014-05-21,1292.5,488.8,26.36,104.07
2014-05-22,1299.1,515.4,26.37,103.74
2014-05-23,1295.7,518.1,26.38,104.35
2014-05-27,1269.6,570.1,26.42,104.11
2014-05-28,1266.2,570.8,26.47,102.72
2014-05-29,1263.2,564.4,26.45,103.58
2014-05-30,1252.0,612.3,26.47,102.71
2014-06-02,1250.1,655.5,26.48,102.47
2014-06-03,1250.5,669.4,26.48,102.66
2014-06-04,1250.4,638.9,26.47,102.64
2014-06-05,1259.3,660.2,26.48,102.48
2014-06-06,1258.4,650.4,26.57,102.66
2014-06-09,1259.8,644.3,26.58,104.41
2014-06-10,1266.1,655.6,26.55,104.35
2014-06-11,1267.2,643.0,26.53,103.62
2014-06-12,1280.2,597.1,26.51,105.78
2014-06-13,1280.7,610.3,26.48,106.17
2014-06-16,1281.9,599.1,26.49,106.3
2014-06-17,1278.6,605.1,26.49,105.87
2014-06-18,1279.3,606.2,26.5,105.59
2014-06-19,1320.8,600.2,26.55,106.05
2014-06-20,1323.5,590.8,26.57,106.83
2014-06-23,1325.3,591.2,26.59,106.17
2014-06-24,1328.2,588.8,26.58,106.03
2014-06-25,1329.5,568.5,26.56,106.5
2014-06-26,1323.7,582.7,26.58,105.84
2014-06-27,1326.7,602.2,26.57,105.74
2014-06-30,1325.9,635.1,26.6,105.37
2014-07-01,1330.5,643.2,26.6,105.34
2014-07-02,1335.0,645.7,26.64,104.48
2014-07-03,1321.1,638.0,26.62,104.06
2014-07-07,1317.6,613.6,26.62,103.53
2014-07-08,1317.1,615.3,26.61,103.4
2014-07-09,1325.0,623.0,26.6,101.75
2014-07-10,1339.8,618.4,26.61,102.4
2014-07-11,1338.0,632.9,26.61,100.3
2014-07-14,1307.3,618.3,26.61,100.48
2014-07-15,1297.7,619.6,26.64,99.53
2014-07-16,1300.4,614.8,26.62,100.6
2014-07-17,1317.5,626.6,26.64,102.2
2014-07-18,1310.0,627.5,26.59,101.95
2014-07-21,1314.5,625.1,26.65,102.86
2014-07-22,1306.9,622.5,26.64,102.39
2014-07-23,1305.3,621.7,26.66,103.12
2014-07-24,1291.4,601.9,26.68,102.07
2014-07-25,1304.0,600.5,26.67,102.09
2014-07-28,1304.1,587.9,26.63,101.67
2014-07-29,1299.0,585.8,26.64,100.97
2014-07-30,1295.5,564.6,26.62,100.27
2014-07-31,1281.7,589.5,26.61,98.17
2014-08-01,1293.9,598.8,26.5,97.88
2014-08-04,1288.0,592.8,26.49,98.29
2014-08-05,1284.1,588.8,26.54,97.38
2014-08-06,1306.7,589.8,26.48,96.92
2014-08-07,1310.8,592.8,26.49,97.34
2014-08-08,1309.2,595.8,26.48,97.65
2014-08-11,1308.7,575.9,26.53,97.21
2014-08-12,1309.0,567.7,26.56,96.48
2014-08-13,1313.0,542.1,26.54,96.74
2014-08-14,1314.2,504.8,26.61,94.08
2014-08-15,1304.7,496.5,26.62,95.32
2014-08-18,1297.9,462.2,26.62,93.75
2014-08-19,1295.3,485.1,26.68,92.86
2014-08-20,1293.7,516.8,26.7,93.45
2014-08-21,1282.8,517.9,26.71,93.96
2014-08-22,1278.7,516.1,26.72,93.65
2014-08-25,1286.4,502.9,26.69,93.35
2014-08-26,1292.7,512.6,26.71,93.86
2014-08-27,1290.5,515.2,26.73,93.88
2014-08-28,1297.5,510.8,26.73,94.55
2014-08-29,1291.4,512.6,26.72,95.96
2014-09-02,1268.9,478.9,26.75,92.88
2014-09-03,1274.5,480.0,26.74,95.54
2014-09-04,1270.8,491.0,26.74,94.45
2014-09-05,1271.7,483.6,26.72,93.29
2014-09-08,1258.9,475.7,26.76,92.66
2014-09-09,1253.3,474.9,26.75,91.45
2014-09-10,1250.2,479.7,26.7,90.42
2014-09-11,1243.6,478.5,26.67,91.36
2014-09-12,1235.9,477.7,26.68,91.37
2014-09-15,1239.5,477.7,26.57,91.99
2014-09-16,1241.2,466.8,26.54,93.81
2014-09-17,1240.3,461.1,26.58,93.2
2014-09-18,1231.2,424.3,26.58,91.98
2014-09-19,1220.9,397.7,26.58,91.65
2014-09-22,1222.0,404.1,26.57,90.87
2014-09-23,1225.7,436.9,26.52,91.56
2014-09-24,1223.1,423.8,26.49,92.8
2014-09-25,1225.4,412.3,26.52,92.53
2014-09-26,1221.8,404.5,26.46,93.54
2014-09-29,1225.3,376.8,26.5,94.57
2014-09-30,1218.0,388.2,26.5,91.16
2014-10-01,1221.8,382.8,26.46,90.73
2014-10-02,1221.2,375.1,26.43,91.01
2014-10-03,1199.3,363.5,26.44,89.74
2014-10-06,1213.7,331.5,26.47,89.34
2014-10-07,1218.6,331.6,26.46,87.98
2014-10-08,1212.1,350.9,26.42,86.59
2014-10-09,1231.0,360.9,26.51,85.05
2014-10-10,1227.0,361.7,26.41,85.11
2014-10-13,1234.9,387.3,26.38,84.98
2014-10-14,1239.2,397.1,26.35,81.2
2014-10-15,1249.2,393.2,26.39,80.94
2014-10-16,1245.5,379.8,26.4,81.95
2014-10-17,1243.6,380.5,26.41,82.06
2014-10-20,1249.3,380.4,26.43,81.91
2014-10-21,1256.7,382.4,26.48,82.49
2014-10-22,1250.6,378.9,26.55,80.52
2014-10-23,1234.0,355.8,26.51,82.09
2014-10-24,1236.9,355.1,26.56,81.01
2014-10-27,1234.3,350.1,26.58,81.0
2014-10-28,1232.8,351.1,26.57,81.42
2014-10-29,1228.3,335.1,26.63,82.2
2014-10-30,1202.1,344.9,26.62,81.12
2014-10-31,1175.0,337.9,26.65,80.54
2014-11-03,1173.1,324.2,26.71,78.78
2014-11-04,1171.0,328.0,26.7,77.19
2014-11-05,1148.8,338.0,26.69,78.68
2014-11-06,1145.6,347.7,26.7,77.91
2014-11-07,1172.9,341.9,26.71,78.65
2014-11-10,1163.0,367.1,26.72,77.4
2014-11-11,1166.4,365.4,26.73,77.94
2014-11-12,1162.2,432.0,26.74,77.15
2014-11-13,1164.5,428.7,26.73,74.16
2014-11-14,1188.6,396.5,26.73,75.82
2014-11-17,1186.7,384.7,26.74,75.66
2014-11-18,1199.9,379.2,26.73,74.64
2014-11-19,1196.7,381.4,26.76,74.5
2014-11-20,1193.6,357.3,26.74,75.85
2014-11-21,1200.5,351.8,26.75,76.51
2014-11-24,1198.8,378.9,26.78,75.78
2014-11-25,1200.1,376.4,26.8,74.09
2014-11-26,1199.7,365.4,26.78,73.69
2014-11-28,1177.3,377.6,26.78,66.15
2014-12-01,1220.2,378.6,26.68,69.0
2014-12-02,1201.3,380.6,26.68,66.88
2014-12-03,1210.5,377.0,26.67,67.38
2014-12-04,1209.6,369.8,26.69,66.81
2014-12-05,1192.8,377.6,26.67,65.84
2014-12-08,1197.4,365.0,26.67,63.05
2014-12-09,1234.7,352.2,26.59,63.82
2014-12-10,1232.0,347.9,26.61,60.94
2014-12-11,1228.1,347.7,26.52,60.19
2014-12-12,1224.7,353.4,26.51,58.08
2014-12-15,1209.8,345.4,26.43,56.26
2014-12-16,1196.5,330.2,26.36,56.26
2014-12-17,1196.7,320.0,26.35,56.79
2014-12-18,1197.1,310.3,26.43,54.36
2014-12-19,1198.4,317.8,26.49,57.13
2014-12-22,1182.2,330.8,26.54,55.26
2014-12-23,1180.5,335.3,26.58,57.12
2014-12-24,1176.1,322.4,26.57,55.84
2014-12-26,1197.9,330.0,26.58,54.73
2014-12-29,1184.3,314.1,26.59,53.61
2014-12-30,1202.6,311.3,26.56,54.12
2014-12-31,1186.4,318.2,26.53,53.27
2015-01-02,1188.7,315.2,26.48,52.69
2015-01-05,1206.7,274.8,26.48,50.04
2015-01-06,1221.9,282.3,26.4,47.93
2015-01-07,1213.2,291.3,26.36,48.65
2015-01-08,1211.1,282.7,26.43,49.28
2015-01-09,1218.7,288.0,26.51,48.99
2015-01-12,1235.4,269.3,26.48,46.76
2015-01-13,1236.9,221.3,26.46,46.51
2015-01-14,1236.9,164.9,26.46,48.96
2015-01-15,1267.4,209.8,26.45,46.73
2015-01-16,1279.7,206.9,26.44,49.13
2015-01-20,1297.0,210.6,26.51,46.47
2015-01-21,1296.5,228.2,26.51,47.78
2015-01-22,1303.6,232.7,26.53,46.31
2015-01-23,1295.5,232.2,26.57,45.59
2015-01-26,1282.5,269.2,26.54,45.15
2015-01-27,1295.0,263.3,26.58,46.23
2015-01-28,1289.2,236.2,26.55,44.45
2015-01-29,1257.9,234.0,26.49,44.53
2015-01-30,1281.3,231.8,26.54,48.24
2015-02-02,1279.1,238.9,26.48,49.57
2015-02-03,1262.6,227.4,26.54,53.05
2015-02-04,1266.9,226.6,26.61,48.45
2015-02-05,1265.1,216.5,26.57,50.48
2015-02-06,1237.0,223.0,26.63,51.69
2015-02-09,1243.8,220.3,26.57,52.86
2015-02-10,1234.5,219.7,26.55,50.02
2015-02-11,1221.9,218.8,26.59,49.78
2015-02-12,1222.9,221.8,26.58,52.16
2015-02-13,1229.4,236.2,26.64,53.67
2015-02-17,1210.9,243.2,26.66,54.29
2015-02-18,1202.4,235.2,26.67,52.82
2015-02-19,1209.7,241.9,26.69,51.83
2015-02-20,1207.0,244.5,26.68,50.81
2015-02-23,1202.8,238.8,26.72,49.45
2015-02-24,1199.3,238.9,26.71,49.28
2015-02-25,1203.5,237.3,26.74,50.99
2015-02-26,1212.3,236.5,26.75,48.17
2015-02-27,1215.4,253.5,26.72,49.76
2015-03-02,1210.6,273.8,26.72,49.59
2015-03-03,1207.0,280.6,26.73,50.52
2015-03-04,1203.5,271.9,26.7,51.53
2015-03-05,1198.8,275.2,26.68,50.76
2015-03-06,1167.0,272.6,26.68,49.61
2015-03-09,1169.3,290.0,26.59,50.0
2015-03-10,1162.7,291.4,26.62,50.07
2015-03-11,1153.0,295.6,26.54,50.02
2015-03-12,1154.3,293.9,26.54,49.13
2015-03-13,1154.7,287.2,26.59,47.06
2015-03-16,1155.4,290.4,26.56,46.13
2015-03-17,1150.4,285.4,26.62,45.19
2015-03-18,1153.4,255.9,26.61,46.65
2015-03-19,1171.2,260.9,26.7,45.53
2015-03-20,1186.9,261.8,26.66,46.57
2015-03-23,1189.9,265.5,26.74,47.45
2015-03-24,1193.6,246.7,26.74,47.51
2015-03-25,1199.6,246.4,26.73,49.21
2015-03-26,1207.3,248.0,26.67,51.43
2015-03-27,1202.4,247.2,26.63,48.87
2015-03-30,1187.0,246.8,26.66,48.68
2015-03-31,1184.9,244.1,26.68,47.6
2015-04-01,1209.9,246.2,26.65,50.09
2015-04-02,1202.6,252.6,26.65,49.14
2015-04-06,1220.3,255.0,26.67,52.14
2015-04-07,1212.3,253.0,26.71,53.98
2015-04-08,1204.7,244.6,26.68,50.42
2015-04-09,1195.2,243.3,26.71,50.79
2015-04-10,1206.4,234.7,26.67,53.51
2015-04-13,1201.1,223.6,26.67,53.74
2015-04-14,1194.4,218.0,26.66,54.87
2015-04-15,1203.1,223.0,26.7,57.69
2015-04-16,1199.8,228.0,26.72,58.11
2015-04-17,1205.0,222.6,26.73,57.32
2015-04-20,1195.5,224.2,26.69,57.88
2015-04-21,1204.9,233.7,26.71,56.61
2015-04-22,1188.7,233.8,26.71,56.16
2015-04-23,1196.2,235.4,26.74,57.74
2015-04-24,1176.8,231.1,26.76,57.15
2015-04-27,1205.0,229.0,26.79,56.99
2015-04-28,1215.8,225.8,26.78,57.06
2015-04-29,1210.5,225.4,26.79,58.58
2015-04-30,1182.9,235.8,26.76,59.63
2015-05-01,1175.0,233.2,26.7,59.15
2015-05-04,1187.3,239.0,26.69,58.93
2015-05-05,1193.7,235.8,26.69,60.4
2015-05-06,1190.8,230.0,26.63,60.93
2015-05-07,1182.7,237.7,26.62,58.94
2015-05-08,1189.4,243.7,26.66,59.39
2015-05-11,1183.5,241.8,26.76,60.29
2015-05-12,1192.9,241.6,26.73,61.74
2015-05-13,1218.7,236.4,26.74,61.49
2015-05-14,1225.7,236.9,26.74,60.84
2015-05-15,1225.8,237.2,26.8,60.54
2015-05-18,1228.1,232.6,26.82,60.24
2015-05-19,1207.2,232.0,26.81,57.99
2015-05-20,1209.2,234.0,26.77,58.98
2015-05-21,1204.6,235.4,26.77,60.72
2015-05-22,1204.4,240.4,26.81,59.72
2015-05-26,1187.3,237.8,26.76,58.03
2015-05-27,1186.0,237.3,26.71,57.51
2015-05-28,1188.4,237.3,26.75,57.68
2015-05-29,1189.6,237.0,26.74,60.3
2015-06-01,1188.4,223.1,26.7,60.2
2015-06-02,1194.1,225.7,26.7,61.26
2015-06-03,1184.6,225.6,26.7,59.64
2015-06-04,1174.9,224.2,26.68,58.0
2015-06-05,1167.8,225.3,26.67,59.13
2015-06-08,1173.3,228.6,26.62,58.14
2015-06-09,1177.3,229.6,26.61,60.14
2015-06-10,1201.9,228.8,26.6,61.43
2015-06-11,1179.9,229.9,26.67,61.22
2015-06-12,1178.8,230.5,26.7,60.4
2015-06-15,1185.3,237.0,26.68,60.0
2015-06-16,1180.5,249.8,26.67,60.45
2015-06-17,1176.4,247.4,26.71,60.33
2015-06-18,1201.5,248.4,26.76,60.82
2015-06-19,1201.5,244.1,26.81,59.97
2015-06-22,1183.7,247.5,26.8,60.38
2015-06-23,1176.2,243.8,26.77,61.01
2015-06-24,1172.6,240.6,26.75,60.27
2015-06-25,1171.5,242.6,26.72,59.7
2015-06-26,1172.9,242.9,26.7,59.63
2015-06-29,1178.5,257.0,26.69,58.33
2015-06-30,1171.5,264.1,26.62,59.47
2015-07-01,1169.0,257.6,26.62,56.96
2015-07-02,1163.0,254.9,26.64,56.93
2015-07-06,1172.9,269.1,26.64,52.53
2015-07-07,1152.4,266.2,26.65,52.33
2015-07-08,1163.3,268.6,26.67,51.65
2015-07-09,1159.7,269.1,26.6,53.23
2015-07-10,1158.4,283.6,26.59,53.22
2015-07-13,1155.9,290.4,26.65,52.71
2015-07-14,1154.0,287.0,26.68,53.48
2015-07-15,1147.9,283.4,26.73,51.79
2015-07-16,1144.3,276.6,26.73,51.24
2015-07-17,1132.2,279.6,26.77,51.21
2015-07-20,1107.1,277.7,26.77,50.44
2015-07-21,1103.7,275.1,26.75,50.86
2015-07-22,1091.7,276.5,26.75,49.19
2015-07-23,1094.2,275.5,26.74,48.45
2015-07-24,1085.7,288.4,26.7,48.14
2015-07-27,1096.6,293.0,26.66,47.39
2015-07-28,1096.3,293.7,26.65,47.98
2015-07-29,1092.8,288.4,26.69,48.79
2015-07-30,1088.4,287.0,26.71,48.52
2015-07-31,1094.8,283.7,26.72,47.12
2015-08-03,1089.2,281.6,26.74,45.17
2015-08-04,1090.5,284.3,26.73,45.74
2015-08-05,1085.3,281.7,26.71,45.15
2015-08-06,1089.8,278.0,26.71,44.66
2015-08-07,1093.8,277.9,26.67,43.87
2015-08-10,1104.2,263.3,26.67,44.96
2015-08-11,1107.8,269.0,26.71,43.08
2015-08-12,1123.2,267.7,26.7,44.01
2015-08-13,1115.2,263.4,26.7,42.98
2015-08-14,1112.4,265.0,26.69,43.11
2015-08-17,1118.1,257.1,26.71,42.41
2015-08-18,1116.4,246.7,26.75,43.12
2015-08-19,1127.1,226.0,26.74,41.27
2015-08-20,1152.2,234.7,26.71,41.32
2015-08-21,1158.6,232.4,26.62,40.45
2015-08-24,1152.5,211.4,26.52,38.24
2015-08-25,1137.2,220.5,26.34,39.31
2015-08-26,1124.7,225.0,26.25,38.6
2015-08-27,1122.4,222.7,26.34,42.56
2015-08-28,1143.9,231.6,26.42,45.22
2015-08-31,1142.4,229.5,26.42,49.2
2015-09-01,1149.2,227.2,26.35,45.41
2015-09-02,1142.9,228.6,26.24,46.25
2015-09-03,1133.3,226.2,26.3,46.75
2015-09-04,1130.3,230.3,26.3,46.05
2015-09-08,1129.7,243.2,26.22,45.94
2015-09-09,1110.5,237.4,26.34,44.15
2015-09-10,1117.8,238.1,26.28,46.44
2015-09-11,1111.9,239.9,26.31,45.16
2015-09-14,1116.2,229.9,26.35,44.43
2015-09-15,1111.0,229.5,26.34,45.0
2015-09-16,1127.5,228.6,26.35,47.51
2015-09-17,1125.8,232.7,26.42,47.2
2015-09-18,1145.7,232.2,26.46,45.02
2015-09-21,1140.8,226.3,26.41,46.96
2015-09-22,1132.6,230.0,26.42,46.36
2015-09-23,1139.3,229.9,26.34,44.48
2015-09-24,1161.3,233.8,26.33,44.91
2015-09-25,1153.2,235.0,26.3,45.7
2015-09-28,1139.2,238.9,26.28,44.43
2015-09-29,1134.2,236.7,26.16,45.23
2015-09-30,1122.3,235.9,26.17,45.09
2015-10-01,1120.8,237.1,26.24,44.74
2015-10-02,1143.0,236.7,26.26,45.54
2015-10-05,1144.1,240.1,26.34,46.26
2015-10-06,1152.8,246.1,26.43,48.53
2015-10-07,1155.1,243.0,26.42,47.81
2015-10-08,1150.8,242.6,26.49,49.43
2015-10-09,1162.8,244.0,26.54,50.14
2015-10-12,1171.5,245.4,26.53,47.61
2015-10-13,1172.3,248.8,26.55,47.15
2015-10-14,1186.2,252.3,26.49,47.16
2015-10-15,1193.8,254.4,26.49,46.87
2015-10-16,1189.6,262.9,26.57,47.72
2015-10-19,1179.3,263.8,26.59,46.28
2015-10-20,1183.9,269.8,26.62,46.29
2015-10-21,1173.2,267.1,26.61,45.2
2015-10-22,1172.0,274.4,26.55,45.38
2015-10-23,1168.8,276.9,26.63,44.6
2015-10-26,1172.3,285.1,26.65,43.98
2015-10-27,1171.8,294.7,26.63,43.2
2015-10-28,1182.4,303.5,26.6,45.94
2015-10-29,1154.0,313.6,26.68,46.06
2015-10-30,1148.0,327.1,26.66,46.59
2015-11-02,1142.7,359.3,26.63,46.14
2015-11-03,1120.9,396.5,26.73,47.9
2015-11-04,1113.2,400.9,26.74,46.32
2015-11-05,1111.4,382.7,26.71,45.2
2015-11-06,1095.6,369.8,26.7,44.29
2015-11-09,1096.2,380.2,26.66,43.87
2015-11-10,1096.4,336.7,26.59,44.21
2015-11-11,1092.4,304.7,26.62,44.2
2015-11-12,1088.3,333.9,26.6,43.03
2015-11-13,1088.3,333.8,26.52,42.0
2015-11-16,1091.0,330.2,26.45,42.79
2015-11-17,1075.8,333.9,26.53,41.71
2015-11-18,1075.8,335.9,26.52,41.95
2015-11-19,1084.8,325.0,26.6,41.72
2015-11-20,1083.0,321.1,26.6,41.9
2015-11-23,1073.5,322.1,26.62,41.75
2015-11-24,1080.3,318.4,26.61,42.87
2015-11-25,1077.0,327.5,26.6,43.04
2015-11-27,1063.4,359.5,26.62,41.71
2015-11-30,1072.8,378.0,26.63,41.65
2015-12-01,1070.9,361.8,26.61,41.85
2015-12-02,1061.2,360.0,26.67,39.94
2015-12-03,1068.8,360.3,26.58,41.08
2015-12-04,1091.5,361.7,26.52,39.97
2015-12-07,1082.5,394.3,26.61,37.65
2015-12-08,1082.6,410.7,26.57,37.51
2015-12-09,1083.7,416.0,26.54,37.16
2015-12-10,1079.1,415.5,26.53,36.76
2015-12-11,1082.7,449.8,26.52,37.25
2015-12-14,1070.3,442.0,26.48,37.6
2015-12-15,1068.6,462.6,26.47,38.51
2015-12-16,1084.1,454.0,26.5,36.75
2015-12-17,1056.9,455.5,26.57,36.27
2015-12-18,1072.3,463.2,26.51,36.06
2015-12-21,1088.2,437.6,26.46,35.81
2015-12-22,1081.7,437.0,26.48,36.14
2015-12-23,1075.7,442.4,26.49,37.5
2015-12-24,1083.4,453.0,26.54,38.1
2015-12-28,1075.6,421.8,26.55,36.81
2015-12-29,1075.4,431.9,26.54,37.87
2015-12-30,1067.1,427.1,26.56,36.6
2015-12-31,1067.3,430.0,26.53,37.04
2016-01-04,1082.2,433.3,26.48,36.76
2016-01-05,1085.3,431.2,26.43,35.97
2016-01-06,1098.8,430.8,26.46,33.97
2016-01-07,1114.5,457.0,26.42,33.27
2016-01-08,1104.3,452.9,26.34,33.16
2016-01-11,1101.7,447.7,26.29,32.52
2016-01-12,1090.3,445.0,26.29,31.52
2016-01-13,1092.3,432.2,26.3,31.39
2016-01-14,1078.2,429.1,26.23,32.11
2016-01-15,1094.8,372.3,26.25,30.39
2016-01-19,1093.1,379.5,26.18,29.57
2016-01-20,1109.8,414.6,26.18,28.35
2016-01-21,1101.6,410.2,26.13,29.53
2016-01-22,1100.3,382.6,26.15,32.19
2016-01-25,1105.5,392.8,26.23,30.34
2016-01-26,1120.3,389.8,26.18,31.45
2016-01-27,1116.0,395.0,26.27,32.3
2016-01-28,1115.6,379.7,26.2,33.22
2016-01-29,1116.5,380.3,26.22,33.62
2016-02-01,1128.0,372.2,26.32,31.62
2016-02-02,1127.2,373.9,26.34,29.88
2016-02-03,1141.2,368.0,26.29,32.28
2016-02-04,1157.2,390.6,26.34,31.72
2016-02-05,1157.4,386.5,26.35,30.89
2016-02-08,1197.6,372.6,26.35,29.69
2016-02-09,1198.4,375.3,26.19,27.94
2016-02-10,1194.3,381.9,26.18,27.45
2016-02-11,1247.5,379.5,26.21,28.83
2016-02-12,1239.0,384.0,26.16,31.91
2016-02-16,1207.7,406.4,26.21,30.97
2016-02-17,1210.9,417.1,26.21,32.98
2016-02-18,1225.8,421.4,26.24,32.93
2016-02-19,1230.3,420.0,26.31,31.75
2016-02-22,1209.7,437.8,26.32,33.39
2016-02-23,1226.5,419.9,26.34,31.87
2016-02-24,1243.2,422.7,26.28,32.15
2016-02-25,1243.1,423.5,26.3,33.07
2016-02-26,1224.9,427.3,26.36,32.78
2016-02-29,1239.2,436.2,26.35,33.75
2016-03-01,1235.8,434.0,26.32,34.4
2016-03-02,1247.0,425.4,26.42,34.66
2016-03-03,1264.0,419.6,26.45,34.57
2016-03-04,1276.8,409.5,26.48,35.92
2016-03-07,1270.3,414.9,26.49,37.9
2016-03-08,1269.3,411.9,26.5,36.5
2016-03-09,1263.7,412.8,26.45,40.07
2016-03-10,1279.3,415.8,26.47,39.4
2016-03-11,1266.3,419.1,26.46,40.09
2016-03-14,1252.2,414.3,26.53,38.84
2016-03-15,1237.9,415.1,26.53,38.08
2016-03-16,1236.9,415.9,26.51,40.0
2016-03-17,1271.7,418.2,26.56,41.66
2016-03-18,1260.8,408.2,26.56,41.14
2016-03-21,1251.4,411.1,26.62,41.52
2016-03-22,1256.7,416.2,26.59,41.45
2016-03-23,1231.9,417.0,26.56,39.79
2016-03-24,1230.3,414.7,26.48,39.46
2016-03-28,1228.8,422.2,26.49,39.39
2016-03-29,1244.4,415.0,26.52,38.28
2016-03-30,1235.4,412.4,26.68,38.32
2016-03-31,1242.2,415.7,26.69,38.34
2016-04-01,1230.1,415.6,26.7,36.79
2016-04-04,1225.9,419.3,26.71,35.7
2016-04-05,1236.1,422.1,26.69,35.89
2016-04-06,1230.4,421.3,26.62,37.75
2016-04-07,1236.7,420.1,26.68,37.26
2016-04-08,1243.1,417.7,26.6,39.72
2016-04-11,1257.3,421.4,26.63,41.75
2016-04-12,1260.1,424.7,26.62,43.5
2016-04-13,1247.5,423.5,26.68,43.01
2016-04-14,1225.7,424.0,26.76,42.67
2016-04-15,1233.7,428.7,26.74,41.71
2016-04-18,1234.0,427.7,26.76,41.19
2016-04-19,1253.3,434.9,26.81,42.47
2016-04-20,1262.9,441.2,26.82,44.18
2016-04-21,1258.9,449.3,26.8,43.18
2016-04-22,1238.4,445.3,26.75,43.73
2016-04-25,1248.6,461.7,26.78,42.64
2016-04-26,1251.9,466.0,26.77,44.04
2016-04-27,1259.1,447.0,26.79,45.33
2016-04-28,1275.1,448.5,26.81,46.03
2016-04-29,1299.9,455.0,26.77,45.92
2016-05-02,1305.7,444.2,26.73,44.78
2016-05-03,1301.4,450.3,26.78,43.65
2016-05-04,1283.9,445.8,26.74,43.78
2016-05-05,1281.8,448.1,26.72,44.32
2016-05-06,1304.0,459.6,26.72,44.66
2016-05-09,1276.7,460.4,26.76,43.44
2016-05-10,1275.1,449.4,26.78,44.66
2016-05-11,1286.3,452.5,26.83,47.01
2016-05-12,1281.5,454.4,26.75,47.45
2016-05-13,1283.1,455.4,26.75,46.9
2016-05-16,1284.9,454.9,26.7,48.42
2016-05-17,1287.8,453.3,26.76,48.99
2016-05-18,1285.9,454.2,26.68,48.78
2016-05-19,1266.7,442.7,26.66,48.67
2016-05-20,1265.8,442.1,26.63,48.41
2016-05-23,1264.8,443.7,26.65,48.08
2016-05-24,1241.9,446.1,26.65,48.62
2016-05-25,1236.4,449.8,26.69,49.56
2016-05-26,1232.5,453.3,26.71,49.48
2016-05-27,1226.5,474.0,26.72,49.33
2016-05-31,1227.9,528.9,26.73,49.1
2016-06-01,1225.2,537.4,26.73,49.01
2016-06-02,1223.0,537.1,26.73,49.17
2016-06-03,1252.9,567.0,26.75,48.62
2016-06-06,1257.6,583.6,26.76,49.69
2016-06-07,1257.1,575.6,26.77,50.36
2016-06-08,1272.7,580.5,26.78,51.23
2016-06-09,1283.4,574.7,26.8,50.56
2016-06-10,1287.0,577.9,26.8,49.07
2016-06-13,1298.1,700.1,26.77,49.52
2016-06-14,1299.3,685.1,26.76,49.06
2016-06-15,1299.7,690.8,26.75,48.5
2016-06-16,1310.2,761.2,26.76,46.74
2016-06-17,1306.8,743.9,26.78,48.56
2016-06-20,1304.2,734.0,26.76,49.96
2016-06-21,1284.5,667.4,26.77,49.85
2016-06-22,1282.0,590.6,26.77,49.13
2016-06-23,1274.9,620.8,26.77,50.11
2016-06-24,1334.2,656.9,26.8,47.64
2016-06-27,1336.6,644.7,26.72,46.33
2016-06-28,1330.3,644.9,26.69,47.85
2016-06-29,1339.3,636.5,26.75,49.88
2016-06-30,1332.9,670.0,26.8,48.33
2016-07-01,1351.7,674.6,26.86,48.99
2016-07-05,1371.6,663.7,26.87,46.6
2016-07-06,1380.2,672.7,26.87,47.43
2016-07-07,1375.2,635.3,26.88,45.14
2016-07-08,1371.7,662.8,26.87,45.41
2016-07-11,1370.2,646.7,26.93,45.52
2016-07-12,1349.1,670.6,26.93,47.57
2016-07-13,1357.3,661.2,26.94,45.44
2016-07-14,1345.8,657.3,26.95,46.42
2016-07-15,1341.1,664.2,26.95,46.65
2016-07-18,1343.0,670.4,26.94,45.94
2016-07-19,1346.2,671.1,26.95,45.45
2016-07-20,1333.3,664.4,26.95,45.75
2016-07-21,1345.3,664.6,26.96,44.75
2016-07-22,1325.3,651.1,26.96,44.19
2016-07-25,1321.3,654.0,26.97,43.13
2016-07-26,1322.5,654.4,26.96,42.92
2016-07-27,1328.6,654.5,26.96,41.92
2016-07-28,1334.6,654.1,26.97,41.14
2016-07-29,1350.3,655.4,26.97,41.6
2016-08-01,1352.8,607.0,27.0,40.06
2016-08-02,1365.7,513.4,26.99,39.51
2016-08-03,1357.0,566.4,26.95,40.83
2016-08-04,1359.7,576.2,26.96,41.93
2016-08-05,1352.6,574.7,26.97,41.8
2016-08-08,1349.5,589.2,26.97,43.02
2016-08-09,1354.9,585.3,26.98,42.77
2016-08-10,1360.1,590.9,26.99,41.71
2016-08-11,1358.1,587.8,26.99,44.23
2016-08-12,1351.2,587.1,26.99,45.18
2016-08-15,1355.2,567.0,26.99,46.4
2016-08-16,1364.4,580.2,27.0,47.22
2016-08-17,1356.1,572.3,26.97,47.52
2016-08-18,1364.5,573.4,26.98,48.89
2016-08-19,1353.5,574.6,26.99,49.11
2016-08-22,1350.7,587.5,26.97,47.41
2016-08-23,1353.4,583.6,26.98,48.1
2016-08-24,1336.3,579.7,26.99,46.77
2016-08-25,1330.6,578.0,26.97,47.33
2016-08-26,1331.5,579.4,26.96,47.64
2016-08-29,1332.7,574.2,26.94,46.98
2016-08-30,1322.4,577.3,26.98,46.35
2016-08-31,1317.2,573.9,26.97,44.7
2016-09-01,1322.9,572.0,26.96,43.16
2016-09-02,1332.4,575.3,26.96,44.44
2016-09-06,1360.0,610.4,26.98,44.83
2016-09-07,1355.5,613.2,27.01,45.5
2016-09-08,1347.9,625.6,27.01,47.62
2016-09-09,1340.8,623.2,26.98,45.88
2016-09-12,1331.9,608.0,26.87,46.84
2016-09-13,1330.2,608.6,26.92,45.48
2016-09-14,1332.8,609.5,26.85,44.15
2016-09-15,1324.6,608.1,26.85,44.52
2016-09-16,1316.8,607.8,26.89,43.62
2016-09-19,1324.3,609.8,26.88,43.86
2016-09-20,1324.6,609.2,26.88,44.05
2016-09-21,1338.0,597.2,26.89,45.34
2016-09-22,1351.5,595.6,26.94,46.32
2016-09-23,1348.4,602.9,26.99,44.48
2016-09-26,1351.1,606.5,26.98,45.93
2016-09-27,1337.3,605.5,26.97,44.67
2016-09-28,1330.7,604.7,26.97,47.05
2016-09-29,1333.1,604.7,27.0,47.83
2016-09-30,1324.2,608.1,26.95,48.24
2016-10-03,1319.7,611.6,26.96,48.81
2016-10-04,1276.3,609.0,26.92,48.69
2016-10-05,1275.3,611.8,26.88,49.83
2016-10-06,1259.6,611.0,26.86,50.44
2016-10-07,1258.5,616.0,26.85,49.81
2016-10-10,1267.3,617.3,26.85,51.35
2016-10-11,1262.7,640.5,26.86,51.24
2016-10-12,1260.7,636.0,26.82,50.64
2016-10-13,1264.9,635.6,26.84,50.85
2016-10-14,1262.9,637.9,26.84,50.75
2016-10-17,1264.2,637.4,26.83,50.37
2016-10-18,1270.6,635.3,26.83,50.62
2016-10-19,1277.6,629.1,26.86,51.82
2016-10-20,1275.2,628.3,26.87,50.63
2016-10-21,1275.1,630.5,26.85,50.85
2016-10-24,1270.4,650.5,26.85,50.52
2016-10-25,1280.5,651.0,26.86,49.96
2016-10-26,1273.5,674.7,26.85,49.18
2016-10-27,1276.5,682.3,26.81,49.72
2016-10-28,1283.8,686.2,26.73,48.7
2016-10-31,1280.3,698.7,26.73,46.86
2016-11-01,1295.3,726.8,26.78,46.67
2016-11-02,1315.5,733.5,26.71,45.34
2016-11-03,1310.8,684.9,26.66,44.66
2016-11-04,1312.2,702.1,26.63,44.07
2016-11-07,1286.9,705.4,26.66,44.89
2016-11-08,1281.9,710.9,26.74,44.98
2016-11-09,1280.8,721.4,26.76,45.27
2016-11-10,1272.8,714.6,26.71,45.36
2016-11-11,1229.6,715.0,26.67,44.15
2016-11-14,1227.0,704.6,26.67,43.94
2016-11-15,1230.2,711.1,26.71,46.39
2016-11-16,1229.8,740.3,26.71,46.1
2016-11-17,1222.4,737.5,26.7,45.98
2016-11-18,1214.4,747.0,26.69,46.36
2016-11-21,1215.5,736.2,26.67,48.24
2016-11-22,1217.0,749.3,26.69,48.03
2016-11-23,1195.4,741.1,26.74,47.96
2016-11-25,1184.1,740.4,26.72,46.06
2016-11-28,1197.0,733.3,26.75,47.08
2016-11-29,1194.0,732.6,26.76,45.23
2016-11-30,1202.7,742.5,26.8,49.44
2016-12-01,1197.9,752.6,26.74,51.06
2016-12-02,1206.6,770.9,26.68,51.68
2016-12-05,1205.8,754.3,26.72,51.79
2016-12-06,1199.1,758.2,26.75,50.93
2016-12-07,1206.6,765.6,26.78,49.77
2016-12-08,1202.4,768.5,26.88,50.84
2016-12-09,1191.9,770.5,26.89,51.5
2016-12-12,1196.1,778.5,26.89,53.75
2016-12-13,1189.3,778.7,26.9,53.94
2016-12-14,1194.0,776.5,26.92,52.09
2016-12-15,1162.1,775.2,26.81,51.97
2016-12-16,1169.9,782.0,26.81,52.95
2016-12-19,1174.9,789.8,26.85,53.06
2016-12-20,1166.0,799.1,26.9,53.3
2016-12-21,1165.5,829.2,26.91,52.49
2016-12-22,1162.8,860.2,26.87,52.95
2016-12-23,1165.8,917.2,26.86,53.02
2016-12-27,1170.9,925.8,26.87,53.9
2016-12-28,1173.0,972.2,26.88,54.06
2016-12-29,1190.2,971.1,26.85,53.77
2016-12-30,1183.5,959.0,26.9,53.72
2017-01-03,1163.2,1033.3,26.93,52.33
2017-01-04,1166.5,1135.4,26.96,53.26
2017-01-05,1182.6,989.3,27.02,53.76
2017-01-06,1174.8,886.2,27.05,53.99
2017-01-09,1186.3,899.8,27.04,51.96
2017-01-10,1186.9,904.4,27.02,51.7
2017-01-11,1198.0,785.4,27.0,53.06
2017-01-12,1201.2,810.1,26.99,53.84
2017-01-13,1197.5,824.8,27.0,53.15
2017-01-17,1214.3,899.7,26.99,53.26
2017-01-18,1213.5,872.0,27.03,51.89
2017-01-19,1202.7,895.2,27.01,52.12
2017-01-20,1206.0,892.9,26.97,53.22
2017-01-23,1216.6,921.5,27.0,52.75
2017-01-24,1211.7,893.8,27.03,53.18
2017-01-25,1199.0,894.4,27.04,52.75
2017-01-26,1191.0,915.6,27.03,53.78
2017-01-27,1189.8,918.0,27.03,53.17
2017-01-30,1194.5,920.7,27.0,52.63
2017-01-31,1209.8,965.5,26.97,52.81
2017-02-01,1206.9,982.4,27.0,53.88
2017-02-02,1218.0,1004.0,26.96,53.54
2017-02-03,1219.6,1013.0,26.99,53.83
2017-02-06,1230.9,1024.7,27.03,53.01
2017-02-07,1234.9,1049.6,27.04,52.17
2017-02-08,1238.2,1055.5,27.03,52.34
2017-02-09,1235.7,979.0,27.07,53.0
2017-02-10,1234.9,997.6,27.07,53.86
2017-02-13,1224.8,995.4,27.1,53.43
2017-02-14,1224.3,1008.3,27.12,53.71
2017-02-15,1231.9,1008.2,27.1,53.6
2017-02-16,1240.2,1031.9,27.1,53.75
2017-02-17,1237.8,1049.4,27.13,53.78
2017-02-21,1237.7,1119.0,27.15,54.33
2017-02-22,1232.1,1120.5,27.2,53.59
2017-02-23,1250.1,1171.9,27.19,54.45
2017-02-24,1256.8,1176.5,27.21,53.99
2017-02-27,1257.4,1188.8,27.24,54.05
2017-02-28,1252.6,1189.3,27.25,54.01
2017-03-01,1248.9,1222.7,27.22,53.83
2017-03-02,1234.4,1255.5,27.23,52.61
2017-03-03,1228.1,1283.3,27.19,53.33
2017-03-06,1227.1,1277.0,27.19,53.2
2017-03-07,1217.7,1232.7,27.17,53.14
2017-03-08,1211.0,1147.0,27.14,50.28
2017-03-09,1204.8,1191.3,27.08,49.28
2017-03-10,1203.0,1112.4,27.03,49.03
2017-03-13,1204.7,1238.2,27.04,48.94
2017-03-14,1204.2,1243.1,27.05,48.35
2017-03-15,1202.3,1253.4,27.04,49.38
2017-03-16,1228.6,1172.9,27.14,49.24
2017-03-17,1231.7,1071.7,27.12,49.31
2017-03-20,1235.6,1047.5,27.14,48.91
2017-03-21,1248.0,1121.3,27.14,48.24
2017-03-22,1251.2,1044.7,27.1,48.04
2017-03-23,1248.6,1035.0,27.11,47.7
2017-03-24,1250.1,939.7,27.12,47.97
2017-03-27,1257.3,1045.1,27.12,47.73
2017-03-28,1257.2,1044.4,27.1,48.37
2017-03-29,1255.3,1041.9,27.12,49.51
2017-03-30,1246.5,1037.9,27.15,50.35
2017-03-31,1249.5,1079.1,27.16,50.6
2017-04-03,1252.3,1147.6,27.17,50.24
2017-04-04,1256.7,1141.8,27.19,51.03
2017-04-05,1246.9,1129.9,27.19,51.15
2017-04-06,1251.7,1188.7,27.18,51.7
2017-04-07,1255.6,1190.5,27.21,52.24
2017-04-10,1252.3,1206.7,27.2,53.08
2017-04-11,1272.5,1220.7,27.23,53.79
2017-04-12,1276.4,1212.5,27.25,53.52
2017-04-13,1286.8,1176.2,27.25,53.6
2017-04-17,1290.2,1194.0,27.23,53.11
2017-04-18,1292.4,1206.1,27.29,52.85
2017-04-19,1281.7,1215.2,27.3,50.85
2017-04-20,1282.1,1238.1,27.29,50.71
2017-04-21,1287.4,1249.6,27.3,49.62
2017-04-24,1275.9,1248.2,27.29,49.23
2017-04-25,1265.4,1264.3,27.28,49.56
2017-04-26,1262.1,1286.6,27.3,49.62
2017-04-27,1263.7,1332.9,27.28,48.97
2017-04-28,1266.1,1329.6,27.28,49.33
2017-05-01,1253.3,1415.8,27.25,48.84
2017-05-02,1255.1,1445.9,27.27,47.66
2017-05-03,1246.4,1485.6,27.27,47.82
2017-05-04,1226.5,1516.8,27.22,45.52
2017-05-05,1228.5,1507.8,27.21,46.22
2017-05-08,1228.7,1664.5,27.24,46.43
2017-05-09,1217.7,1697.5,27.22,45.88
2017-05-10,1220.5,1752.3,27.2,47.33
2017-05-11,1225.8,1819.3,27.23,48.2
2017-05-12,1229.3,1686.4,27.21,48.17
2017-05-15,1231.6,1708.9,27.21,49.16
2017-05-16,1238.0,1729.3,27.23,49.0
2017-05-17,1260.4,1801.3,27.21,49.41
2017-05-18,1254.5,1881.0,27.24,49.66
2017-05-19,1255.2,1962.0,27.24,50.67
2017-05-22,1263.0,2124.4,27.26,51.13
2017-05-23,1257.1,2272.6,27.27,51.47
2017-05-24,1254.7,2445.3,27.26,51.36
2017-05-25,1258.0,2307.2,27.28,48.9
2017-05-26,1269.7,2244.9,27.29,49.8
2017-05-30,1263.8,2192.6,27.3,49.66
2017-05-31,1273.6,2303.3,27.32,48.32
2017-06-01,1268.3,2412.6,27.31,48.36
2017-06-02,1278.4,2492.6,27.32,47.66
2017-06-05,1280.7,2705.0,27.37,47.4
2017-06-06,1295.2,2870.5,27.36,48.19
2017-06-07,1290.9,2691.5,27.38,45.72
2017-06-08,1277.5,2798.8,27.38,45.64
2017-06-09,1269.5,2811.4,27.37,45.83
2017-06-12,1267.2,2656.8,27.36,46.32
2017-06-13,1266.9,2713.0,27.37,46.67
2017-06-14,1274.2,2467.3,27.38,44.93
2017-06-15,1253.0,2442.5,27.4,44.68
2017-06-16,1255.1,2508.6,27.36,44.97
2017-06-19,1245.3,2616.8,27.37,44.43
2017-06-20,1242.1,2754.4,27.36,43.51
2017-06-21,1244.2,2677.6,27.36,42.53
2017-06-22,1247.9,2722.8,27.36,42.74
2017-06-23,1254.8,2710.4,27.36,43.01
2017-06-26,1244.9,2446.1,27.37,43.38
2017-06-27,1245.3,2583.8,27.35,44.24
2017-06-28,1247.5,2577.7,27.31,44.74
2017-06-29,1244.2,2558.4,27.34,44.93
2017-06-30,1266.6,2480.6,27.31,46.04
2017-07-03,1243.5,2572.5,27.3,47.07
2017-07-05,1246.4,2627.9,27.28,45.13
2017-07-06,1248.7,2614.2,27.29,45.52
2017-07-07,1234.7,2513.9,27.26,44.23
2017-07-10,1214.9,2344.0,27.26,44.4
2017-07-11,1216.4,2324.3,27.27,45.23
2017-07-12,1220.8,2403.1,27.27,45.66
2017-07-13,1218.9,2362.4,27.32,46.25
2017-07-14,1229.1,2234.2,27.32,46.75
2017-07-17,1235.3,2233.4,27.36,46.23
2017-07-18,1266.3,2320.2,27.36,46.59
2017-07-19,1266.4,2282.6,27.38,47.32
2017-07-20,1246.8,2866.0,27.4,46.92
2017-07-21,1256.0,2675.1,27.4,45.77
2017-07-24,1255.6,2763.4,27.42,46.34
2017-07-25,1275.8,2582.6,27.42,47.89
2017-07-26,1250.8,2559.2,27.39,48.75
2017-07-27,1261.5,2691.9,27.42,49.04
2017-07-28,1270.2,2806.8,27.42,49.71
2017-07-31,1268.9,2883.3,27.44,50.17
2017-08-01,1275.2,2747.0,27.44,49.16
2017-08-02,1274.2,2720.5,27.46,49.59
2017-08-03,1270.2,2810.0,27.45,49.03
2017-08-04,1260.2,2878.5,27.47,49.58
2017-08-07,1260.2,3401.9,27.45,49.39
2017-08-08,1257.9,3429.4,27.46,49.17
2017-08-09,1274.6,3348.8,27.46,49.56
2017-08-10,1285.1,3425.7,27.47,48.59
2017-08-11,1289.0,3654.4,27.46,48.97
2017-08-14,1285.3,4327.9,27.47,47.73
2017-08-15,1274.7,4161.7,27.48,47.7
2017-08-16,1277.9,4387.4,27.45,46.94
2017-08-17,1287.3,4278.9,27.47,47.24
2017-08-18,1286.5,4105.4,27.46,48.66
2017-08-21,1291.5,4005.1,27.45,47.53
2017-08-22,1309.0,4089.7,27.47,47.83
2017-08-23,1312.3,4141.1,27.47,48.41
2017-08-24,1309.5,4318.4,27.5,47.43
2017-08-25,1315.4,4364.4,27.47,47.87
2017-08-28,1333.2,4390.3,27.49,46.57
2017-08-29,1336.9,4597.3,27.49,46.44
2017-08-30,1332.1,4583.0,27.49,45.96
2017-08-31,1339.7,4735.1,27.49,47.23
2017-09-01,1348.3,4921.9,27.52,47.29
2017-09-05,1362.6,4409.1,27.51,48.66
2017-09-06,1357.2,4618.7,27.55,49.16
2017-09-07,1369.3,4635.6,27.54,49.09
2017-09-08,1370.4,4326.5,27.58,47.48
2017-09-11,1355.2,4217.9,27.59,48.07
2017-09-12,1351.9,4158.9,27.57,48.75
2017-09-13,1347.4,3870.3,27.54,49.75
2017-09-14,1349.2,3243.1,27.53,50.35
2017-09-15,1345.1,3713.8,27.54,50.44
2017-09-18,1330.3,4100.3,27.54,50.35
2017-09-19,1330.1,3908.0,27.51,49.9
2017-09-20,1335.8,3882.2,27.5,50.69
2017-09-21,1314.2,3617.3,27.47,50.55
2017-09-22,1316.9,3600.8,27.46,50.66
2017-09-25,1331.0,3932.8,27.46,52.22
2017-09-26,1321.2,3892.7,27.48,51.88
2017-09-27,1307.6,4212.2,27.46,52.14
2017-09-28,1330.8,4195.6,27.45,51.56
2017-09-29,1327.1,4172.8,27.47,51.67
2017-10-02,1318.4,4401.3,27.48,50.58
2017-10-03,1317.1,4314.2,27.48,50.42
2017-10-04,1319.3,4218.7,27.49,49.98
2017-10-05,1316.1,4321.4,27.5,50.79
2017-10-06,1315.9,4371.9,27.52,49.29
2017-10-09,1326.3,4777.5,27.51,49.58
2017-10-10,1335.3,4763.4,27.52,50.92
2017-10-11,1330.4,4824.2,27.53,51.6
2017-10-12,1338.2,5432.6,27.55,50.93
2017-10-13,1346.3,5637.3,27.56,51.73
2017-10-16,1345.4,5759.3,27.58,52.14
2017-10-17,1328.2,5598.6,27.56,52.11
2017-10-18,1325.0,5575.8,27.56,52.26
2017-10-19,1331.6,5698.6,27.55,51.51
2017-10-20,1321.9,5993.1,27.55,51.84
2017-10-23,1322.6,5903.6,27.54,51.9
2017-10-24,1319.9,5513.1,27.53,52.47
2017-10-25,1321.0,5734.0,27.51,52.18
2017-10-26,1311.6,5887.6,27.49,52.64
2017-10-27,1313.5,5764.6,27.48,53.9
2017-10-30,1319.3,6124.3,27.53,54.15
2017-10-31,1312.1,6451.2,27.53,54.38
2017-11-01,1279.2,6737.8,27.52,54.3
2017-11-02,1279.8,7024.8,27.52,54.54
2017-11-03,1270.8,7152.1,27.53,55.64
2017-11-06,1283.3,6959.2,27.54,57.35
2017-11-07,1277.5,7102.8,27.56,57.2
2017-11-08,1285.4,7444.4,27.55,56.81
2017-11-09,1289.2,7129.6,27.57,57.39
2017-11-10,1275.9,6565.8,27.56,56.98
2017-11-13,1280.6,6522.5,27.55,56.97
2017-11-14,1284.6,6597.1,27.56,55.89
2017-11-15,1279.4,7283.2,27.55,55.52
2017-11-16,1279.9,7853.7,27.55,55.35
2017-11-17,1298.2,7700.0,27.58,56.71
2017-11-20,1277.1,8244.7,27.6,56.42
2017-11-21,1283.5,8100.0,27.6,56.83
2017-11-22,1294.1,8234.5,27.64,58.02
2017-11-24,1289.2,8200.8,27.68,58.95
2017-11-27,1296.2,9733.2,27.67,58.11
2017-11-28,1296.6,9906.0,27.68,57.99
2017-11-29,1283.7,9837.9,27.72,57.3
2017-11-30,1274.8,9946.8,27.71,57.4
2017-12-01,1280.2,10861.5,27.7,58.36
2017-12-04,1275.5,11623.9,27.72,57.47
2017-12-05,1263.0,11667.1,27.69,57.62
2017-12-06,1264.3,13749.6,27.66,55.96
2017-12-07,1251.4,16850.3,27.67,56.69
2017-12-08,1246.5,16047.6,27.66,57.36
2017-12-11,1245.1,16732.5,27.68,57.99
2017-12-12,1239.8,17083.9,27.68,57.16
2017-12-13,1246.9,16286.8,27.68,56.59
2017-12-14,1255.3,16467.9,27.73,57.08
2017-12-15,1255.8,17604.8,27.7,57.33
2017-12-18,1263.7,18972.3,27.74,57.22
2017-12-19,1262.4,17523.7,27.79,57.56
2017-12-20,1267.8,16462.0,27.74,58.09
2017-12-21,1268.8,15632.1,27.73,58.36
2017-12-22,1277.0,13665.0,27.75,58.47
2017-12-26,1285.5,15756.6,27.75,59.97
2017-12-27,1288.3,15416.6,27.74,59.64
2017-12-28,1299.5,14398.7,27.75,59.84
2017-12-29,1311.4,14392.6,27.48,60.42
2018-01-02,1318.3,14754.1,27.46,60.37
2018-01-03,1320.8,15156.6,27.5,61.63
2018-01-04,1323.9,15180.1,27.52,62.01
2018-01-05,1324.5,16954.8,27.53,61.44
2018-01-08,1322.7,14976.2,27.54,61.73
2018-01-09,1315.9,14778.5,27.55,62.87
2018-01-10,1321.6,15043.0,27.55,63.42
2018-01-11,1324.7,13535.4,27.55,63.68
2018-01-12,1337.2,13886.7,27.65,64.23
2018-01-16,1339.3,11362.0,27.68,63.67
2018-01-17,1341.4,11192.3,27.65,63.92
2018-01-18,1329.5,11245.4,27.68,63.89
2018-01-19,1335.3,11580.2,27.65,63.31
2018-01-22,1334.3,10864.8,27.71,63.57
2018-01-23,1339.0,10903.2,27.75,64.47
2018-01-24,1358.7,11452.3,27.78,65.61
2018-01-25,1365.2,11203.0,27.81,65.51
2018-01-26,1354.4,11118.1,27.79,66.14
2018-01-29,1342.2,11244.8,27.82,65.56
2018-01-30,1337.2,10166.0,27.76,64.5
2018-01-31,1340.4,10265.4,27.69,64.73
2018-02-01,1345.0,9181.1,27.71,65.8
2018-02-02,1334.6,8893.2,27.71,65.45
2018-02-05,1333.8,6938.5,27.56,64.15
2018-02-06,1326.9,7701.2,27.43,63.39
2018-02-07,1312.2,7594.7,27.46,61.79
2018-02-08,1316.5,8164.2,27.39,61.15
2018-02-09,1313.3,8699.8,27.26,58.99
2018-02-12,1324.0,8903.5,27.31,59.08
2018-02-13,1328.0,8539.2,27.37,59.03
2018-02-14,1355.6,9476.3,27.41,60.51
2018-02-15,1352.9,10037.3,27.52,61.17
2018-02-16,1353.7,10178.7,27.59,61.55
2018-02-20,1328.9,11238.7,27.59,61.79
2018-02-21,1329.8,10473.0,27.5,61.68
2018-02-22,1330.4,9841.7,27.49,62.77
2018-02-23,1327.9,10170.4,27.51,63.55
2018-02-26,1330.3,10285.1,27.58,63.91
2018-02-27,1315.5,10594.4,27.63,63.01
2018-02-28,1315.5,10333.9,27.49,61.64
2018-03-01,1302.9,10904.5,27.43,60.99
2018-03-02,1321.1,10827.7,27.43,61.25
2018-03-05,1318.1,11330.6,27.48,62.57
2018-03-06,1333.6,10675.1,27.51,62.6
2018-03-07,1326.0,9902.9,27.58,61.15
2018-03-08,1319.9,9300.0,27.59,60.12
2018-03-09,1322.4,9217.0,27.58,61.92
2018-03-12,1319.4,9137.4,27.67,61.33
2018-03-13,1325.9,9154.9,27.68,60.75
2018-03-14,1324.4,8210.6,27.66,61.02
2018-03-15,1316.8,8264.4,27.64,61.25
2018-03-16,1311.3,8289.2,27.6,62.41
2018-03-19,1316.8,8616.8,27.6,62.13
2018-03-20,1314.5,8912.6,27.56,63.54
2018-03-21,1324.0,8905.9,27.56,65.17
2018-03-22,1329.8,8726.2,27.65,64.3
2018-03-23,1352.4,8916.8,27.51,65.88
2018-03-26,1357.6,8143.5,27.48,65.55
2018-03-27,1344.7,7801.7,27.6,65.25
2018-03-28,1326.9,7954.9,27.51,64.38
2018-03-29,1324.3,7129.2,27.46,64.94
2018-04-02,1343.9,7068.4,27.52,63.01
2018-04-03,1334.2,7424.2,27.47,63.51
2018-04-04,1337.1,6808.9,27.49,63.37
2018-04-05,1325.5,6782.0,27.54,63.54
2018-04-06,1333.1,6624.3,27.55,62.06
2018-04-09,1337.1,6781.9,27.48,63.43
2018-04-10,1342.9,6854.8,27.49,65.44
2018-04-11,1356.9,6962.1,27.58,66.74
2018-04-12,1338.7,7926.6,27.61,66.95
2018-04-13,1344.7,7887.4,27.59,67.33
2018-04-16,1347.5,8070.0,27.57,66.2
2018-04-17,1346.3,7908.6,27.62,66.51
2018-04-18,1350.2,8178.4,27.68,68.47
2018-04-19,1345.4,8290.8,27.68,68.33
2018-04-20,1334.9,8867.0,27.63,68.4
2018-04-23,1320.6,8952.8,27.56,68.64
2018-04-24,1329.7,9645.3,27.52,67.7
2018-04-25,1319.5,8873.1,27.47,68.05
2018-04-26,1314.6,9287.0,27.44,68.19
2018-04-27,1326.5,8940.9,27.5,68.1
2018-04-30,1322.3,9245.1,27.52,68.57
2018-05-01,1309.9,9074.9,27.47,67.25
2018-05-02,1308.6,9243.2,27.45,67.93
2018-05-03,1315.7,9749.7,27.43,68.43
2018-05-04,1317.7,9708.6,27.44,69.72
2018-05-07,1317.2,9431.6,27.51,70.73
2018-05-08,1316.8,9196.4,27.53,69.06
2018-05-09,1316.1,9319.1,27.54,71.14
2018-05-10,1325.3,9025.7,27.57,71.31
2018-05-11,1323.8,8408.3,27.65,70.68
2018-05-14,1321.2,8674.1,27.66,70.99
2018-05-15,1293.4,8477.0,27.64,71.37
2018-05-16,1294.5,8344.4,27.56,71.56
2018-05-17,1292.4,8063.0,27.6,71.57
2018-05-18,1294.1,8245.7,27.61,71.37
2018-05-21,1293.5,8403.3,27.62,72.35
2018-05-22,1294.6,8006.0,27.65,72.2
2018-05-23,1292.2,7512.3,27.63,71.84
2018-05-24,1307.3,7592.9,27.65,70.71
2018-05-25,1306.4,7477.7,27.67,67.88
2018-05-29,1301.6,7467.7,27.66,66.73
2018-05-30,1304.5,7400.1,27.65,68.21
2018-05-31,1302.6,7502.6,27.72,67.04
2018-06-01,1297.1,7530.8,27.67,65.81
2018-06-04,1295.1,7504.3,27.7,64.75
2018-06-05,1299.9,7631.5,27.72,65.52
2018-06-06,1299.2,7661.0,27.75,64.73
2018-06-07,1300.7,7697.8,27.79,65.95
2018-06-08,1300.5,7622.1,27.78,65.74
2018-06-11,1301.0,6885.9,27.8,66.1
2018-06-12,1297.2,6558.2,27.81,66.28
2018-06-13,1299.2,6312.3,27.81,66.52
2018-06-14,1306.2,6647.1,27.8,66.69
2018-06-15,1276.3,6410.3,27.83,64.85
2018-06-18,1278.0,6719.8,27.81,65.69
2018-06-19,1276.5,6752.4,27.81,64.9
2018-06-20,1272.4,6765.4,27.8,65.71
2018-06-21,1268.6,6728.0,27.82,65.54
2018-06-22,1268.9,6055.7,27.78,68.58
2018-06-25,1267.2,6256.6,27.78,68.08
2018-06-26,1258.0,6082.1,27.7,70.53
2018-06-27,1253.0,6154.9,27.72,72.76
2018-06-28,1247.8,5883.5,27.66,73.45
2018-06-29,1251.3,6213.3,27.67,74.15
2018-07-02,1239.8,6619.5,27.68,73.94
2018-07-03,1251.6,6513.5,27.69,74.14
2018-07-05,1257.3,6546.5,27.71,72.94
2018-07-06,1254.3,6617.7,27.77,73.8
2018-07-09,1262.8,6667.1,27.81,73.85
2018-07-10,1258.7,6307.2,27.86,74.11
2018-07-11,1247.4,6389.1,27.85,68.86
2018-07-12,1249.1,6250.6,27.8,69.35
2018-07-13,1243.8,6230.2,27.84,69.95
2018-07-16,1242.2,6729.9,27.83,67.07
2018-07-17,1229.9,7322.0,27.82,67.16
2018-07-18,1230.5,7383.6,27.84,67.75
2018-07-19,1226.5,7477.5,27.85,68.24
2018-07-20,1233.6,7339.4,27.85,68.26
2018-07-23,1228.0,7723.0,27.86,67.89
2018-07-24,1228.2,8407.0,27.86,68.52
2018-07-25,1234.5,8173.7,27.86,69.3
2018-07-26,1228.6,7937.0,27.89,69.61
2018-07-27,1226.5,8187.4,27.89,68.69
2018-07-30,1224.2,8177.1,27.85,70.13
2018-07-31,1226.4,7729.4,27.83,68.76
2018-08-01,1220.3,7606.4,27.86,67.66
2018-08-02,1212.9,7535.6,27.85,68.96
2018-08-03,1215.9,7419.0,27.86,68.49
2018-08-06,1210.6,6943.6,27.86,69.01
2018-08-07,1211.2,6724.9,27.87,69.17
2018-08-08,1214.2,6283.6,27.9,66.94
2018-08-09,1213.0,6538.8,27.89,66.14
2018-08-10,1212.1,6152.3,27.89,66.94
2018-08-13,1192.2,6255.3,27.84,66.57
2018-08-14,1194.0,6190.2,27.81,66.33
2018-08-15,1178.2,6256.9,27.84,64.46
2018-08-16,1177.1,6306.7,27.78,64.88
2018-08-17,1177.3,6581.7,27.83,65.21
2018-08-20,1187.8,6268.1,27.86,65.42
2018-08-21,1193.2,6482.2,27.87,65.84
2018-08-22,1196.4,6359.6,27.91,67.86
2018-08-23,1187.2,6521.2,27.92,67.83
2018-08-24,1206.3,6680.4,27.91,68.72
2018-08-27,1209.2,6897.6,27.94,68.87
2018-08-28,1207.5,7074.6,27.99,68.53
2018-08-29,1204.2,7029.1,27.99,69.51
2018-08-30,1197.7,6993.7,28.01,70.25
2018-08-31,1200.3,7033.8,27.99,69.8
2018-09-04,1192.7,7377.5,27.99,69.87
2018-09-05,1194.9,6706.8,27.97,68.72
2018-09-06,1197.9,6514.0,27.94,67.77
2018-09-07,1193.6,6390.9,27.92,67.75
2018-09-10,1193.0,6321.0,27.9,67.54
2018-09-11,1195.4,6293.9,27.92,69.25
2018-09-12,1204.7,6338.0,27.94,70.16
2018-09-13,1202.0,6482.9,27.94,68.41
2018-09-14,1195.0,6483.7,27.96,68.77
2018-09-17,1203.4,6251.9,27.97,68.68
2018-09-18,1200.7,6342.0,27.94,69.59
2018-09-19,1206.1,6390.4,27.98,70.77
2018-09-20,1208.9,6489.2,28.0,70.32
2018-09-21,1198.6,6766.7,28.05,70.78
2018-09-24,1201.7,6584.1,28.04,72.08
2018-09-25,1202.5,6445.1,28.03,72.28
2018-09-26,1196.9,6468.1,28.05,71.57
2018-09-27,1185.5,6689.2,28.02,72.12
2018-09-28,1193.9,6636.0,28.03,73.25
2018-10-01,1189.4,6608.2,28.05,75.3
2018-10-02,1204.2,6549.9,28.04,75.23
2018-10-03,1200.1,6507.8,27.99,76.41
2018-10-04,1198.8,6584.2,28.01,74.33
2018-10-05,1202.8,6639.1,27.92,74.34
2018-10-08,1185.8,6669.6,27.88,74.29
2018-10-09,1188.8,6650.8,27.87,74.81
2018-10-10,1190.8,6618.0,27.86,73.03
2018-10-11,1225.1,6239.1,27.7,70.81
2018-10-12,1219.5,6291.3,27.59,71.18
2018-10-15,1227.8,6699.8,27.65,71.61
2018-10-16,1228.4,6705.3,27.64,71.76
2018-10-17,1224.8,6686.6,27.78,69.7
2018-10-18,1227.4,6574.1,27.74,68.71
2018-10-19,1226.0,6512.0,27.63,69.28
2018-10-22,1222.0,6555.8,27.61,69.36
2018-10-23,1234.1,6528.7,27.62,66.43
2018-10-24,1228.4,6530.7,27.55,66.82
2018-10-25,1229.5,6507.0,27.37,67.33
2018-10-26,1232.4,6510.0,27.48,67.59
2018-10-29,1224.7,6335.0,27.43,67.04
2018-10-30,1222.6,6325.7,27.38,66.18
2018-10-31,1212.3,6365.9,27.47,65.31
2018-11-01,1236.0,6400.5,27.49,63.69
2018-11-02,1282.2,6424.7,27.6,63.14
2018-11-05,1236.2,6459.7,27.61,63.1
2018-11-06,1230.5,6502.8,27.61,62.21
2018-11-07,1233.1,6565.3,27.62,61.67
2018-11-08,1229.3,6474.0,27.72,60.67
2018-11-09,1212.6,6412.0,27.66,60.19
2018-11-12,1207.3,6435.0,27.57,60.08
2018-11-13,1205.1,6429.2,27.47,55.84
2018-11-14,1213.8,5842.4,27.44,56.44
2018-11-15,1218.6,5718.9,27.44,56.68
2018-11-16,1226.4,5636.2,27.52,56.68
2018-11-19,1228.6,4883.8,27.54,57.2
2018-11-20,1224.4,4524.6,27.46,53.43
2018-11-21,1231.2,4638.7,27.3,54.63
2018-11-23,1226.6,4398.0,27.39,50.42
2018-11-26,1226.1,3837.0,27.32,51.63
2018-11-27,1217.1,3866.5,27.39,51.56
2018-11-28,1227.2,4265.4,27.38,50.29
2018-11-29,1227.9,4296.5,27.49,51.45
2018-11-30,1223.6,4039.7,27.48,50.93
2018-12-03,1236.9,3897.8,27.49,52.95
2018-12-04,1243.3,3958.5,27.59,53.25
2018-12-06,1239.7,3508.6,27.41,51.49
2018-12-07,1248.2,3422.2,27.38,52.61
2018-12-10,1244.9,3460.5,27.28,51.0
2018-12-11,1242.8,3407.7,27.23,51.65
2018-12-12,1246.1,3466.1,27.25,51.36
2018-12-13,1243.7,3315.3,27.3,52.83
2018-12-14,1237.9,3247.8,27.29,51.47
2018-12-17,1248.2,3526.1,27.2,50.2
2018-12-18,1250.1,3668.0,27.08,46.6
2018-12-19,1252.6,3687.1,27.04,48.17
2018-12-20,1263.9,4076.0,26.96,45.88
2018-12-21,1254.6,3850.9,26.89,45.59
2018-12-24,1267.9,4026.1,26.78,42.53
2018-12-26,1269.0,3793.7,26.67,46.22
2018-12-27,1277.4,3586.9,26.91,44.61
2018-12-28,1279.9,3861.6,26.57,45.33
2018-12-31,1278.3,3709.4,26.58,45.41
2019-01-02,1281.0,3873.8,26.62,46.54
2019-01-03,1291.8,3780.1,26.65,47.09
2019-01-04,1329.2,3802.7,26.56,47.96
2019-01-07,1333.4,3985.9,26.75,48.52
2019-01-08,1329.3,3971.0,26.81,49.78
2019-01-09,1335.5,3978.0,26.88,52.69
2019-01-10,1331.2,3603.7,26.96,52.91
2019-01-11,1333.2,3616.5,26.99,51.91
2019-01-14,1335.3,3638.1,26.98,50.8
2019-01-15,1331.8,3571.3,26.93,52.39
2019-01-16,1337.4,3588.0,26.99,52.61
2019-01-17,1335.9,3626.4,27.03,52.36
2019-01-18,1326.1,3605.6,27.07,54.04
2019-01-22,1326.4,3580.1,27.15,53.01
2019-01-23,1327.3,3561.5,27.06,52.62
2019-01-24,1322.9,3574.3,27.07,53.13
2019-01-25,1341.3,3572.0,27.1,53.69
2019-01-28,1347.1,3442.8,27.16,51.99
2019-01-29,1352.7,3414.8,27.11,53.31
2019-01-30,1353.2,3460.0,27.11,54.23
2019-01-31,1322.3,3437.2,27.21,53.79
2019-02-01,1359.3,3467.9,27.26,55.26
2019-02-04,1356.5,3462.8,27.28,54.56
2019-02-05,1316.5,3468.4,27.32,53.66
2019-02-06,1352.0,3404.3,27.33,54.01
2019-02-07,1311.6,3397.7,27.32,52.64
2019-02-08,1315.9,3661.7,27.26,52.72
2019-02-11,1349.4,3631.8,27.27,52.41
2019-02-12,1351.4,3632.0,27.28,53.47
2019-02-13,1352.6,3611.5,27.36,54.31
2019-02-14,1351.2,3592.6,27.37,54.79
2019-02-15,1359.2,3604.7,27.38,55.98
2019-02-19,1381.9,3914.3,27.46,56.45
2019-02-20,1384.9,3972.4,27.48,57.16
2019-02-21,1364.7,3936.6,27.5,56.96
2019-02-22,1369.9,3965.2,27.49,57.26
2019-02-25,1366.4,3833.7,27.53,55.48
2019-02-26,1365.5,3810.3,27.53,55.5
2019-02-27,1358.1,3814.6,27.52,56.94
2019-02-28,1352.8,3816.6,27.53,57.22
2019-03-01,1335.8,3821.9,27.51,55.8
2019-03-04,1323.9,3715.9,27.54,56.59
2019-03-05,1321.1,3857.2,27.53,56.56
2019-03-06,1324.1,3863.0,27.52,56.22
2019-03-07,1322.3,3875.1,27.47,56.66
2019-03-08,1335.9,3865.9,27.42,56.07
2019-03-11,1327.4,3870.3,27.41,57.12
2019-03-12,1334.1,3886.0,27.5,57.2
2019-03-13,1345.7,3865.1,27.52,58.59
2019-03-14,1331.2,3879.0,27.56,58.91
2019-03-15,1338.9,3924.3,27.54,58.82
2019-03-18,1337.6,3990.2,27.57,59.38
2019-03-19,1342.9,4017.0,27.6,59.29
2019-03-20,1337.7,4041.2,27.59,60.23
2019-03-21,1343.2,3982.2,27.58,59.98
2019-03-22,1348.1,3990.4,27.63,59.04
2019-03-25,1358.2,3937.0,27.49,58.82
2019-03-26,1350.8,3942.8,27.5,59.94
2019-03-27,1346.0,4041.7,27.55,59.41
2019-03-28,1324.6,4025.6,27.52,59.3
2019-03-29,1328.0,4102.2,27.55,60.14
2019-04-01,1323.8,4145.1,27.58,61.59
2019-04-02,1325.1,4859.3,27.65,62.58
2019-04-03,1324.9,4968.7,27.65,62.46
2019-04-04,1323.8,4902.4,27.67,62.1
2019-04-05,1325.3,5010.2,27.69,63.08
2019-04-08,1331.6,5245.2,27.73,64.4
2019-04-09,1338.1,5158.4,27.74,63.98
2019-04-10,1343.6,5307.8,27.69,64.65
2019-04-11,1323.1,5022.6,27.74,63.67
2019-04-12,1325.6,5054.2,27.74,64.02
2019-04-15,1321.6,5032.3,27.78,63.56
2019-04-16,1307.3,5180.9,27.77,64.19
2019-04-17,1306.7,5208.3,27.78,63.87
2019-04-18,1306.0,5264.7,27.77,64.07
2019-04-22,1307.6,5346.7,27.76,65.55
2019-04-23,1303.0,5511.6,27.78,66.3
2019-04-24,1309.2,5415.6,27.83,65.89
2019-04-25,1309.5,5209.1,27.82,65.21
2019-04-26,1318.6,5298.3,27.8,63.3
2019-04-29,1311.0,5235.0,27.8,63.5
2019-04-30,1315.2,5320.8,27.82,63.91
2019-05-01,1313.8,5384.2,27.83,63.6
2019-05-02,1301.6,5493.8,27.8,61.81
2019-05-03,1311.0,5766.8,27.76,61.94
2019-05-06,1313.5,5745.1,27.82,62.25
2019-05-07,1315.2,5849.5,27.83,61.4
2019-05-08,1310.9,5990.3,27.72,62.12
2019-05-09,1314.6,6191.5,27.73,61.7
2019-05-10,1316.7,6386.0,27.72,61.8
2019-05-13,1330.4,7806.0,27.74,61.21
2019-05-14,1324.4,7994.6,27.62,61.96
2019-05-15,1325.6,8164.6,27.68,62.24
2019-05-16,1314.5,7871.8,27.71,63.06
2019-05-17,1303.8,7359.5,27.75,62.92
2019-05-20,1305.7,7965.3,27.71,63.21
2019-05-21,1301.6,7930.3,27.69,63.13
2019-05-22,1302.9,7635.7,27.73,61.42
2019-05-23,1313.4,7852.1,27.67,57.91
2019-05-24,1311.7,7970.1,27.57,58.63
2019-05-28,1305.1,8716.3,27.61,59.14
2019-05-29,1308.6,8647.8,27.58,58.81
2019-05-30,1314.9,8271.9,27.56,56.59
2019-05-31,1333.0,8558.3,27.52,53.5
2019-06-03,1348.9,8124.8,27.43,53.25
2019-06-04,1350.0,7685.5,27.43,53.48
2019-06-05,1354.4,7779.1,27.53,51.68
2019-06-06,1363.3,7784.9,27.51,52.59
2019-06-07,1366.8,7985.2,27.56,53.99
2019-06-10,1350.7,7987.8,27.62,53.26
2019-06-11,1353.0,7888.0,27.64,53.27
2019-06-12,1358.2,8133.1,27.65,51.37
2019-06-13,1364.9,8219.0,27.6,52.54
2019-06-14,1365.5,8656.1,27.64,52.77
2019-06-17,1363.6,9318.8,27.63,52.17
2019-06-18,1371.4,9080.6,27.62,54.11
2019-06-19,1369.4,9255.4,27.71,53.97
2019-06-20,1416.8,9517.0,27.73,57.07
2019-06-21,1419.9,10179.3,27.85,57.43
2019-06-24,1438.1,11046.4,27.85,57.9
2019-06-25,1438.5,11809.9,27.86,57.83
2019-06-26,1435.3,13063.8,27.82,59.38
2019-06-27,1432.1,11287.8,27.86,59.43
2019-06-28,1434.0,12409.1,27.88,58.47
2019-07-01,1410.1,10616.6,27.85,59.09
2019-07-02,1429.3,10835.9,27.91,56.25
2019-07-03,1442.2,11900.8,27.87,57.34
2019-07-05,1422.2,10970.2,27.91,57.51
2019-07-08,1422.7,12252.6,27.91,57.66
2019-07-09,1423.3,12541.5,27.89,57.83
2019-07-10,1435.6,12110.6,27.9,60.52
2019-07-11,1430.4,11342.3,27.99,60.28
2019-07-12,1435.9,11762.1,27.99,60.3
2019-07-15,1437.1,10845.9,28.01,59.68
2019-07-16,1434.7,9424.8,27.99,57.74
2019-07-17,1447.1,9723.2,27.95,56.92
2019-07-18,1451.9,10651.4,27.91,55.42
2019-07-19,1450.3,10571.5,27.91,55.76
2019-07-22,1450.7,10412.5,27.9,56.22
2019-07-23,1445.5,9888.7,27.91,56.77
2019-07-24,1447.6,9804.3,27.95,55.88
2019-07-25,1438.6,9945.3,27.93,56.02
2019-07-26,1443.5,9831.0,27.92,56.2
2019-07-29,1444.5,9580.9,27.95,56.87
2019-07-30,1453.0,9580.7,27.96,58.05
2019-07-31,1449.0,10082.0,27.98,58.58
2019-08-01,1443.7,10380.0,27.93,53.95
2019-08-02,1468.4,10520.1,27.84,55.66
2019-08-05,1486.9,11816.8,27.84,54.69
2019-08-06,1494.7,11480.9,27.73,53.63
2019-08-07,1530.1,12013.9,27.74,51.09
2019-08-08,1520.2,12191.6,27.71,52.54
2019-08-09,1519.4,12089.8,27.78,54.5
2019-08-12,1528.1,11394.2,27.79,54.93
2019-08-13,1525.2,10892.9,27.77,57.1
2019-08-14,1538.8,10049.4,27.87,55.25
2019-08-15,1542.1,10303.4,27.73,54.42
2019-08-16,1534.3,10335.6,27.72,54.81
2019-08-19,1522.3,10910.7,27.78,56.14
2019-08-20,1526.4,10752.6,27.85,56.13
2019-08-21,1526.4,10141.5,27.83,55.68
2019-08-22,1519.3,10105.0,27.87,55.35
2019-08-23,1548.4,10388.7,27.85,54.17
2019-08-26,1548.1,10371.8,27.72,53.64
2019-08-27,1563.1,10184.8,27.76,54.93
2019-08-28,1560.4,9729.4,27.78,55.78
2019-08-29,1548.2,9491.0,27.83,56.71
2019-08-30,1541.0,9585.4,27.89,55.1
2019-09-03,1567.5,10612.3,27.86,53.94
2019-09-04,1571.8,10568.2,27.82,56.26
2019-09-05,1536.8,10566.9,27.93,56.3
2019-09-06,1527.0,10309.3,27.98,56.52
2019-09-09,1522.9,10309.0,28.0,57.85
2019-09-10,1511.1,10105.4,28.03,57.4
2019-09-11,1515.1,10162.5,28.02,55.44
2019-09-12,1519.4,10415.1,28.02,55.05
2019-09-13,1511.7,10342.1,28.02,54.8
2019-09-16,1523.6,10255.5,28.02,62.67
2019-09-17,1525.4,10195.7,28.13,59.1
2019-09-18,1527.8,10164.7,28.08,58.04
2019-09-19,1518.1,10250.5,28.06,58.19
2019-09-20,1527.0,10172.7,28.09,58.09
2019-09-23,1543.6,9702.2,28.11,58.64
2019-09-24,1552.1,8513.9,28.12,57.29
2019-09-25,1524.1,8432.4,28.06,56.49
2019-09-26,1527.2,8063.8,28.04,56.41
2019-09-27,1518.6,8184.9,28.05,55.91
2019-09-30,1485.1,8284.3,28.02,54.07
2019-10-01,1500.9,8302.7,27.97,53.62
2019-10-02,1519.9,8364.1,27.93,52.64
2019-10-03,1525.8,8226.9,27.87,52.45
2019-10-04,1525.0,8148.1,27.9,52.81
2019-10-07,1516.5,8198.6,27.97,52.75
2019-10-08,1516.0,8182.9,27.95,52.63
2019-10-09,1524.9,8566.7,27.9,52.59
2019-10-10,1513.0,8562.3,27.94,53.56
2019-10-11,1500.6,8267.8,27.97,54.78
2019-10-14,1509.6,8353.3,28.02,53.65
2019-10-15,1495.4,8167.2,28.0,52.88
2019-10-16,1505.9,8000.4,28.01,53.45
2019-10-17,1510.4,8073.3,28.02,54.03
2019-10-18,1505.9,7948.5,28.06,53.87
2019-10-21,1500.0,8208.2,28.05,53.51
2019-10-22,1499.5,8031.4,28.08,54.48
2019-10-23,1507.7,7477.0,28.09,55.97
2019-10-24,1516.8,7422.7,28.14,56.23
2019-10-25,1517.5,8658.3,28.16,56.66
2019-10-28,1508.0,9207.2,28.18,55.81
2019-10-29,1502.7,9411.3,28.16,55.54
2019-10-30,1508.9,9157.9,28.16,55.06
2019-10-31,1526.9,9152.6,28.15,54.18
2019-11-01,1523.7,9230.1,28.13,56.2
2019-11-04,1523.6,9396.4,28.22,56.54
2019-11-05,1496.0,9310.8,28.23,57.23
2019-11-06,1505.6,9338.9,28.21,56.35
2019-11-07,1478.6,9223.5,28.2,57.15
2019-11-08,1475.1,8778.2,28.2,57.24
2019-11-11,1469.4,8736.9,28.22,56.86
2019-11-12,1465.9,8812.6,28.2,56.85
2019-11-13,1475.5,8783.1,28.2,57.2
2019-11-14,1485.6,8661.2,28.23,56.88
2019-11-15,1480.8,8476.3,28.24,57.83
2019-11-18,1484.3,8208.4,28.29,57.14
2019-11-19,1486.7,8145.7,28.29,55.35
2019-11-20,1486.5,8099.3,28.25,57.01
2019-11-21,1476.1,7627.9,28.28,58.58
2019-11-22,1476.2,7272.5,28.27,57.77
2019-11-25,1469.5,7115.6,28.26,58.01
2019-11-26,1472.7,7162.8,28.3,58.41
2019-11-27,1466.0,7510.6,28.35,58.11
2019-11-29,1478.1,7742.7,28.37,55.17
2019-12-02,1474.6,7298.2,28.28,55.96
2019-12-03,1489.9,7291.8,28.23,56.1
2019-12-04,1485.6,7204.4,28.24,58.43
2019-12-05,1488.6,7399.2,28.32,58.43
2019-12-06,1470.7,7530.8,28.33,59.2
2019-12-09,1470.5,7355.8,28.37,59.02
2019-12-10,1473.7,7235.7,28.37,59.14
2019-12-11,1480.6,7208.0,28.36,58.65
2019-12-12,1477.9,7208.0,28.33,59.06
2019-12-13,1486.9,7255.2,28.34,59.98
2019-12-16,1486.1,6903.5,28.36,60.14
2019-12-17,1486.4,6613.3,28.41,60.87
2019-12-18,1484.4,7276.0,28.4,60.85
2019-12-19,1490.0,7165.5,28.43,61.18
2019-12-20,1486.6,7196.4,28.47,60.44
2019-12-23,1494.4,7322.8,28.49,60.52
2019-12-24,1510.6,7268.3,28.49,61.11
2019-12-26,1520.3,7210.9,28.51,61.68
2019-12-27,1524.1,7261.7,28.55,61.72
2019-12-30,1524.6,7261.8,28.54,61.68
2019-12-31,1519.5,7196.4,27.96,61.06
2020-01-02,1534.3,6967.0,27.97,61.18
2020-01-03,1558.7,7343.1,27.97,63.05
2020-01-06,1575.1,7759.1,28.01,63.27
2020-01-07,1580.5,8155.7,28.02,62.7
2020-01-08,1566.5,8059.6,27.98,59.61
2020-01-09,1560.6,7842.4,27.96,59.56
2020-01-10,1566.4,8187.1,27.97,58.99
2020-01-13,1557.0,8111.4,27.97,58.08
2020-01-14,1550.9,8829.2,28.0,58.26
2020-01-15,1560.1,8818.3,27.99,57.84
2020-01-16,1556.5,8726.9,28.01,58.53
2020-01-17,1566.5,8913.1,28.07,58.58
2020-01-21,1564.1,8732.6,28.09,58.38
2020-01-22,1562.9,8678.5,28.1,56.74
2020-01-23,1571.6,8405.1,28.05,55.59
2020-01-24,1578.2,8439.9,28.05,54.19
2020-01-27,1583.7,8866.6,28.0,53.14
2020-01-28,1575.8,9377.3,27.92,53.48
2020-01-29,1576.0,9298.9,27.97,53.33
2020-01-30,1589.2,9507.3,27.95,52.14
2020-01-31,1587.9,9349.1,27.96,51.56
2020-02-03,1582.4,9296.6,27.86,50.11
2020-02-04,1555.5,9193.9,27.85,49.61
2020-02-05,1562.8,9611.8,27.91,50.75
2020-02-06,1570.0,9772.0,27.97,50.95
2020-02-07,1573.4,9818.6,28.0,50.32
2020-02-10,1579.5,9854.1,27.98,49.57
2020-02-11,1570.1,10229.5,28.01,49.94
2020-02-12,1571.6,10317.7,28.04,51.41
2020-02-13,1578.8,10235.1,28.09,51.66
2020-02-14,1586.4,10333.0,28.1,52.32
2020-02-18,1603.6,10158.4,28.14,52.29
2020-02-19,1611.8,9609.4,28.13,53.49
2020-02-20,1620.5,9602.4,28.13,53.88
2020-02-21,1648.8,9684.5,28.14,53.38
2020-02-24,1676.6,9662.7,28.11,51.43
2020-02-25,1650.0,9317.2,27.98,49.9
2020-02-26,1643.1,8800.3,27.81,48.73
2020-02-27,1642.5,8818.6,27.77,47.09
2020-02-28,1566.7,8697.5,27.53,44.76
2020-03-02,1594.8,8904.8,27.46,46.75
2020-03-03,1644.4,8761.4,27.68,47.18
2020-03-04,1643.0,8757.9,27.6,46.78
2020-03-05,1668.0,9060.3,27.85,45.9
2020-03-06,1672.4,9134.8,27.66,41.28
2020-03-09,1675.7,7933.0,27.54,31.13
2020-03-10,1660.3,7891.2,27.08,34.36
2020-03-11,1642.3,7935.1,27.29,33.39
2020-03-12,1590.3,4826.0,27.03,31.98
2020-03-13,1516.7,5584.3,26.61,32.11
2020-03-16,1486.5,5030.0,26.89,29.0
2020-03-17,1525.8,5261.1,26.21,27.33
2020-03-18,1477.9,5361.4,26.38,20.83
2020-03-19,1479.3,6172.0,26.01,25.91
2020-03-20,1484.6,6205.3,26.08,22.63
2020-03-23,1567.6,6468.9,25.83,23.36
2020-03-24,1660.8,6744.6,25.66,24.01
2020-03-25,1633.4,6678.9,25.95,24.49
2020-03-26,1651.2,6725.1,26.07,22.6
2020-03-27,1625.0,6373.4,26.32,21.51
2020-03-30,1643.5,6391.0,26.27,20.09
2020-03-31,1596.6,6412.5,26.43,20.48
2020-04-01,1591.7,6638.5,26.36,20.31
2020-04-02,1637.7,6800.5,26.13,25.32
2020-04-03,1645.5,6735.9,26.19,28.34
2020-04-06,1692.2,7332.3,26.16,26.08
2020-04-07,1682.8,7185.2,26.44,23.63
2020-04-08,1683.8,7361.2,26.47,25.09
2020-04-09,1752.1,7289.0,26.65,22.76
2020-04-13,1760.9,6841.3,26.78,29.26
2020-04-14,1769.4,6850.9,26.74,27.4
2020-04-15,1741.2,6629.1,26.88,26.04
2020-04-16,1733.2,7085.6,26.72,25.53
2020-04-17,1700.1,7035.8,26.72,25.03
2020-04-20,1712.6,6833.5,26.84,-37.63
2020-04-21,1689.8,6842.5,26.73,11.57
2020-04-22,1741.4,7112.9,26.6,13.78
2020-04-23,1748.8,7488.5,26.68,16.5
2020-04-24,1739.7,7503.8,26.67,21.22
2020-04-27,1728.7,7766.0,26.71,18.08
2020-04-28,1727.8,7746.9,26.79,17.6
2020-04-29,1719.2,8770.9,26.79,19.12
2020-04-30,1701.0,8629.0,26.89,21.85
2020-05-01,1707.2,8821.6,26.94,22.29
2020-05-04,1720.3,8874.7,26.74,22.78
2020-05-05,1718.9,9001.0,26.74,26.49
2020-05-06,1696.5,9151.4,26.79,25.62
2020-05-07,1735.7,9979.8,26.74,24.83
2020-05-08,1726.6,9806.2,26.79,26.17
2020-05-11,1711.3,8579.8,26.88,25.08
2020-05-12,1717.3,8813.8,26.86,26.33
2020-05-13,1726.9,9298.7,26.73,25.68
2020-05-14,1752.1,9778.4,26.65,27.88
2020-05-15,1768.0,9318.0,26.7,29.52
2020-05-18,1746.7,9730.7,26.68,31.65
2020-05-19,1757.9,9773.3,26.84,33.01
2020-05-20,1765.6,9512.3,26.81,34.38
2020-05-21,1736.9,9059.0,26.83,34.81
2020-05-22,1753.5,9169.7,26.84,34.14
2020-05-26,1728.2,8842.5,26.87,35.24
2020-05-27,1726.8,9199.1,26.98,33.69
2020-05-28,1728.3,9572.2,27.04,34.49
2020-05-29,1751.7,9424.8,27.05,36.2
2020-06-01,1750.3,10189.3,27.03,36.17
2020-06-02,1734.0,9527.6,27.1,37.35
2020-06-03,1704.8,9667.2,27.12,37.87
2020-06-04,1727.4,9794.4,27.22,38.0
2020-06-05,1683.0,9631.2,27.2,40.03
2020-06-08,1705.1,9777.9,27.31,38.65
2020-06-09,1721.9,9768.8,27.4,39.38
2020-06-10,1720.7,9878.8,27.34,39.97
2020-06-11,1739.8,9283.2,27.27,36.81
2020-06-12,1737.3,9466.6,27.07,36.78
2020-06-15,1727.2,9425.4,27.17,37.71
2020-06-16,1736.5,9523.5,27.19,38.87
2020-06-17,1735.6,9464.6,27.22,38.4
2020-06-18,1731.1,9388.1,27.21,39.23
2020-06-19,1753.0,9314.0,27.19,39.93
2020-06-22,1766.4,9683.7,27.16,40.85
2020-06-23,1782.0,9624.6,27.16,40.37
2020-06-24,1775.1,9302.0,27.15,38.01
2020-06-25,1770.6,9247.5,27.11,38.91
2020-06-26,1780.3,9160.0,27.13,38.65
2020-06-29,1781.2,9185.4,27.09,39.81
2020-06-30,1800.5,9135.4,27.13,39.34
2020-07-01,1779.9,9229.9,27.16,39.92
2020-07-02,1790.0,9085.1,27.19,40.76
2020-07-06,1793.5,9339.0,27.19,40.73
2020-07-07,1809.9,9256.0,27.19,40.7
2020-07-08,1820.6,9429.9,27.16,41.04
2020-07-09,1803.8,9235.7,27.15,39.83
2020-07-10,1801.9,9285.1,27.15,40.76
2020-07-13,1814.1,9243.6,27.15,40.32
2020-07-14,1813.4,9253.4,27.13,40.55
2020-07-15,1813.8,9198.7,27.15,41.4
2020-07-16,1800.3,9135.3,27.17,40.93
2020-07-17,1810.0,9155.8,27.15,40.75
2020-07-20,1817.4,9162.4,27.18,40.92
2020-07-21,1843.9,9387.3,27.15,41.92
2020-07-22,1865.1,9513.7,27.16,41.9
2020-07-23,1890.0,9599.6,27.21,41.07
2020-07-24,1897.5,9546.4,27.2,41.29
2020-07-27,1931.0,11022.8,27.18,41.6
2020-07-28,1944.6,10908.5,27.2,41.04
2020-07-29,1953.4,11105.9,27.26,41.27
2020-07-30,1955.2,11096.2,27.32,39.92
2020-07-31,1973.9,11333.4,27.31,40.27
2020-08-03,1974.7,11224.4,27.3,41.01
2020-08-04,2008.5,11184.7,27.27,41.7
2020-08-05,2037.1,11735.1,27.32,42.19
2020-08-06,2058.4,11757.1,27.29,41.95
2020-08-07,2018.0,11592.0,27.3,41.22
2020-08-10,2030.3,11889.2,27.34,41.94
2020-08-11,1938.9,11390.4,27.34,41.61
2020-08-12,1940.5,11557.2,27.29,42.95
2020-08-13,1961.9,11770.9,27.32,42.52
2020-08-14,1942.3,11750.8,27.28,42.31
2020-08-17,1989.9,12282.6,27.28,43.17
2020-08-18,2004.8,11947.6,27.31,43.12
2020-08-19,1963.5,11750.2,27.3,43.11
2020-08-20,1938.3,11856.9,27.24,42.82
2020-08-21,1938.3,11529.2,27.28,42.34
2020-08-24,1931.5,11753.5,27.28,42.62
2020-08-25,1915.6,11324.8,27.3,43.35
2020-08-26,1944.1,11462.3,27.3,43.39
2020-08-27,1925.0,11327.4,27.28,43.04
2020-08-28,1966.8,11527.4,27.32,42.97
2020-08-31,1970.5,11644.2,27.34,42.61
2020-09-01,1970.8,11914.9,27.32,42.76
2020-09-02,1936.9,11413.3,27.33,41.51
2020-09-03,1930.2,10168.8,27.38,41.37
2020-09-04,1926.2,10472.5,27.35,39.77
2020-09-08,1935.1,10126.6,27.32,36.76
2020-09-09,1946.8,10224.6,27.29,38.87
2020-09-10,1956.0,10339.7,27.31,38.11
2020-09-11,1939.5,10390.2,27.28,37.65
2020-09-14,1954.7,10675.3,27.27,37.56
2020-09-15,1958.0,10785.3,27.34,38.55
2020-09-16,1962.0,10949.5,27.36,40.41
2020-09-17,1941.3,10941.3,27.37,41.22
2020-09-18,1953.2,10933.0,27.32,41.32
2020-09-21,1902.1,10416.8,27.26,39.54
2020-09-22,1899.3,10531.5,27.2,39.8
2020-09-23,1860.5,10237.3,27.23,39.93
2020-09-24,1868.9,10739.4,27.15,40.31
2020-09-25,1857.8,10688.8,27.16,40.25
2020-09-28,1872.8,10693.2,27.21,40.6
2020-09-29,1894.3,10840.9,27.26,39.29
2020-09-30,1887.5,10776.1,27.25,40.22
2020-10-01,1908.4,10620.5,27.25,38.72
2020-10-02,1900.2,10572.3,27.3,37.05
2020-10-05,1912.5,10789.5,27.33,39.22
2020-10-06,1901.1,10602.6,27.34,40.67
2020-10-07,1883.6,10670.9,27.32,40.23
2020-10-08,1888.6,10924.1,27.33,41.47
2020-10-09,1919.5,11054.2,27.38,40.91
2020-10-12,1922.5,11533.9,27.38,39.73
2020-10-13,1888.5,11423.8,27.41,40.49
2020-10-14,1901.3,11420.4,27.37,41.34
2020-10-15,1903.2,11503.0,27.34,41.24
2020-10-16,1900.8,11322.0,27.35,41.12
2020-10-19,1907.7,11753.4,27.33,41.06
2020-10-20,1911.6,11913.5,27.28,41.7
2020-10-21,1925.7,12808.7,27.29,40.03
2020-10-22,1901.6,12974.6,27.28,40.64
2020-10-23,1902.3,12934.1,27.28,39.85
2020-10-26,1903.1,13061.6,27.3,38.56
2020-10-27,1909.2,13657.8,27.27,39.57
2020-10-28,1876.5,13278.9,27.24,37.39
2020-10-29,1865.6,13457.2,27.16,36.17
2020-10-30,1877.4,13559.9,27.18,35.79
2020-11-02,1890.4,13561.4,27.16,36.81
2020-11-03,1908.5,14019.9,27.21,37.66
2020-11-04,1894.6,14145.6,27.26,39.15
2020-11-05,1945.3,15587.1,27.31,38.79
2020-11-06,1951.7,15577.9,27.33,37.14
2020-11-09,1854.4,15327.2,27.31,40.29
2020-11-10,1876.4,15303.6,27.37,41.67
2020-11-11,1861.6,15695.8,27.4,41.74
2020-11-12,1873.3,16294.7,27.42,41.41
2020-11-13,1886.2,16324.2,27.4,40.4
2020-11-16,1887.8,16715.8,27.46,41.57
2020-11-17,1885.1,17662.3,27.49,41.65
2020-11-18,1873.9,17774.6,27.49,42.01
2020-11-19,1861.5,17803.5,27.46,41.9
2020-11-20,1872.4,18675.2,27.47,42.42
2020-11-23,1837.8,18379.6,27.47,43.06
2020-11-24,1804.6,19152.6,27.47,44.91
2020-11-25,1811.2,18723.0,27.48,45.71
2020-11-27,1788.1,17127.1,27.48,45.53
2020-11-30,1780.9,19698.1,27.49,45.34
2020-12-01,1818.9,18770.7,27.48,44.55
2020-12-02,1830.2,19218.8,27.48,45.28
2020-12-03,1841.1,19433.3,27.47,45.64
2020-12-04,1840.0,18658.1,27.5,46.26
2020-12-07,1866.0,19170.7,27.51,45.76
2020-12-08,1874.9,18326.6,27.51,45.6
2020-12-09,1838.5,18546.0,27.51,45.52
2020-12-10,1837.4,18247.2,27.49,46.78
2020-12-11,1843.6,18023.6,27.49,46.75
2020-12-14,1832.1,19273.8,27.49,47.15
2020-12-15,1855.3,19434.9,27.48,47.78
2020-12-16,1859.1,21352.2,27.52,48.0
2020-12-17,1890.4,22825.4,27.52,48.54
2020-12-18,1888.9,23127.9,27.55,49.24
2020-12-21,1882.8,22728.5,27.53,47.97
2020-12-22,1870.3,23823.2,27.52,47.02
2020-12-23,1878.1,23257.9,27.52,48.12
2020-12-24,1883.2,23736.5,27.52,48.23
2020-12-28,1880.4,27057.8,27.53,47.62
2020-12-29,1882.9,27376.0,27.55,48.0
2020-12-30,1893.4,28868.7,27.54,48.4
2020-12-31,1895.1,28949.4,27.28,48.52
2021-01-04,1946.6,32022.6,27.3,47.62
2021-01-05,1954.4,33991.5,27.28,49.93
2021-01-06,1908.6,36793.2,27.29,50.63
2021-01-07,1913.6,39460.2,27.28,50.83
2021-01-08,1835.4,40599.3,27.3,52.26
2021-01-11,1850.8,35544.3,27.27,52.27
2021-01-12,1844.2,34076.1,27.25,53.24
2021-01-13,1854.9,37382.2,27.25,52.96
2021-01-14,1851.4,39175.7,27.27,53.62
2021-01-15,1829.9,36845.8,27.27,52.42
2021-01-19,1840.2,36002.9,27.26,52.98
2021-01-20,1866.5,35476.3,27.27,53.31
2021-01-21,1865.9,30842.1,27.31,53.13
2021-01-22,1856.2,33000.5,27.31,52.27
2021-01-25,1855.2,32252.3,27.3,52.77
2021-01-26,1850.9,32502.1,27.32,52.61
2021-01-27,1848.9,30404.0,27.31,52.85
2021-01-28,1841.2,33374.8,27.27,52.34
2021-01-29,1850.3,34301.8,27.28,52.2
2021-02-01,1863.9,33515.7,27.25,53.55
2021-02-02,1833.4,35485.2,27.29,54.76
2021-02-03,1835.1,37646.8,27.3,55.69
2021-02-04,1791.2,36982.1,27.3,56.23
2021-02-05,1813.0,38297.6,27.3,56.85
2021-02-08,1834.2,46395.7,27.31,57.97
2021-02-09,1837.5,46508.6,27.33,58.36
2021-02-10,1842.7,44836.0,27.33,58.57
2021-02-11,1826.8,47990.7,27.35,58.14
2021-02-12,1823.2,47371.7,27.34,59.38
2021-02-16,1799.0,49169.7,27.34,60.08
2021-02-17,1772.8,52079.2,27.29,61.16
2021-02-18,1775.0,51582.2,27.29,60.53
2021-02-19,1777.4,55906.6,27.29,59.26
2021-02-22,1808.4,54111.8,27.28,61.7
2021-02-23,1805.9,48911.2,27.28,61.67
2021-02-24,1797.9,49697.5,27.28,63.22
2021-02-25,1775.4,46928.5,27.29,63.53
2021-02-26,1728.8,46345.6,27.2,61.5
2021-03-01,1723.0,49595.5,27.19,60.64
2021-03-02,1733.6,48424.2,27.22,59.75
2021-03-03,1715.8,50395.1,27.21,61.28
2021-03-04,1700.7,48428.0,27.16,63.83
2021-03-05,1698.5,48792.5,27.12,66.09
2021-03-08,1678.0,52311.0,27.15,64.52
2021-03-09,1716.9,54879.0,27.11,63.69
2021-03-10,1721.8,55851.9,27.15,64.09
2021-03-11,1722.6,57799.5,27.17,66.0
2021-03-12,1719.8,57265.1,27.19,65.64
2021-03-15,1729.2,55791.3,27.16,65.44
2021-03-16,1730.9,56889.7,27.18,64.86
2021-03-17,1727.1,58913.5,27.17,64.63
2021-03-18,1732.5,57656.0,27.18,60.06
2021-03-19,1741.7,58088.0,27.14,61.44
2021-03-22,1738.1,54158.3,27.14,61.56
2021-03-23,1725.1,54452.5,27.17,57.76
2021-03-24,1733.2,52325.4,27.16,61.18
2021-03-25,1725.1,51322.3,27.15,58.56
2021-03-26,1732.3,55036.1,27.15,60.97
