Date,bitcoin,russel,nasdaq
2014-09-17,457.334015,2001.569946,4072.5
2014-09-18,424.440002,2011.359985,4103.75
2014-09-19,394.79599,2010.400024,4118.5
2014-09-22,402.152008,1994.290039,4052.75
2014-09-23,435.790985,1982.77002,4037.0
2014-09-24,423.204987,1998.300049,4087.75
2014-09-25,411.574005,1965.98999,4007.5
2014-09-26,404.424988,1982.849976,4045.75
2014-09-29,375.46701,1977.800049,4035.5
2014-09-30,386.944,1972.290039,4044.75
2014-10-01,383.61499,1946.160034,3982.5
2014-10-02,375.071991,1946.170044,3978.0
2014-10-03,359.511993,1967.900024,4016.0
2014-10-06,330.07901,1964.819946,4007.0
2014-10-07,336.187012,1935.099976,3956.25
2014-10-08,352.940002,1968.890015,4030.5
2014-10-09,365.026001,1928.209961,3970.25
2014-10-10,361.562012,1906.130005,3853.0
2014-10-13,390.414001,1874.73999,3798.5
2014-10-14,400.869995,1877.699951,3811.75
2014-10-15,394.77301,1862.48999,3752.0
2014-10-16,382.556,1862.76001,3741.5
2014-10-17,383.757996,1886.76001,3804.0
2014-10-20,382.845001,1904.01001,3866.0
2014-10-21,386.475006,1941.280029,3971.5
2014-10-22,383.15799,1927.109985,3949.25
2014-10-23,358.416992,1950.819946,4005.25
2014-10-24,358.345001,1964.579956,4034.75
2014-10-27,352.989014,1961.630005,4038.25
2014-10-28,357.618011,1985.050049,4094.0
2014-10-29,335.591003,1982.300049,4072.25
2014-10-30,345.304993,1994.650024,4089.5
2014-10-31,338.321014,2018.050049,4150.5
2014-11-03,327.553986,2017.810059,4157.25
2014-11-04,330.492004,2012.099976,4143.5
2014-11-05,339.485992,2023.569946,4142.5
2014-11-06,349.290009,2031.209961,4162.75
2014-11-07,342.415009,2031.920044,4150.75
2014-11-10,366.924011,2038.26001,4170.25
2014-11-11,367.695007,2039.680054,4183.25
2014-11-12,423.561005,2038.25,4196.0
2014-11-13,420.734985,2039.329956,4205.0
2014-11-14,397.817993,2039.819946,4222.0
2014-11-17,387.40799,2041.319946,4212.25
2014-11-18,375.197998,2051.800049,4238.0
2014-11-19,380.554993,2048.719971,4223.75
2014-11-20,357.839996,2052.75,4245.0
2014-11-21,350.847992,2063.5,4249.25
2014-11-24,376.901001,2069.409912,4282.0
2014-11-25,375.347992,2067.030029,4292.5
2014-11-26,368.369995,2072.830078,4317.75
2014-12-01,379.244995,2053.439941,4286.5
2014-12-02,381.315002,2066.550049,4305.5
2014-12-03,375.01001,2074.330078,4310.5
2014-12-04,369.604004,2071.919922,4313.5
2014-12-05,376.854004,2075.370117,4313.25
2014-12-08,361.908997,2060.310059,4279.0
2014-12-09,352.218994,2059.820068,4290.75
2014-12-10,346.36499,2026.140015,4227.0
2014-12-11,350.506012,2035.329956,4236.5
2014-12-12,352.541992,2002.329956,4189.5
2014-12-15,345.345001,1989.630005,4163.75
2014-12-16,327.062012,1972.73999,4086.5
2014-12-17,319.776001,2012.890015,4162.75
2014-12-18,311.395996,2061.22998,4265.0
2014-12-19,317.842987,2070.649902,4261.0
2014-12-22,331.885986,2078.540039,4291.75
2014-12-23,334.571991,2082.169922,4278.0
2014-12-26,327.924011,2088.77002,4310.25
2014-12-29,312.670013,2090.570068,4311.0
2014-12-30,310.737,2080.350098,4282.75
2014-12-31,320.192993,2058.899902,4232.75
2015-01-02,315.032013,2058.199951,4214.25
2015-01-05,274.473999,2020.579956,4161.75
2015-01-06,286.188995,2002.609985,4102.25
2015-01-07,294.337006,2025.900024,4151.5
2015-01-08,283.348999,2062.139893,4232.25
2015-01-09,290.40799,2044.810059,4200.75
2015-01-12,267.79599,2028.26001,4166.5
2015-01-13,225.860992,2023.030029,4158.5
2015-01-14,178.102997,2011.27002,4145.5
2015-01-15,209.843994,1992.670044,4089.0
2015-01-16,208.097,2019.420044,4134.0
2015-01-20,211.315002,2022.550049,4167.0
2015-01-21,226.897003,2032.119995,4182.75
2015-01-22,233.406006,2063.149902,4264.75
2015-01-23,232.878998,2051.820068,4267.0
2015-01-26,273.472992,2057.090088,4269.25
2015-01-27,263.475006,2029.550049,4177.5
2015-01-28,233.914993,2002.160034,4124.25
2015-01-29,233.513,2021.25,4185.75
2015-01-30,226.425003,1994.98999,4141.25
2015-02-02,238.229004,2020.849976,4185.5
2015-02-03,227.268005,2050.030029,4216.25
2015-02-04,226.852997,2041.51001,4204.0
2015-02-05,217.110992,2062.52002,4247.5
2015-02-06,222.266006,2055.469971,4227.5
2015-02-09,220.110001,2046.73999,4214.25
2015-02-10,219.839005,2068.590088,4276.0
2015-02-11,219.184998,2068.530029,4296.5
2015-02-12,221.764008,2088.47998,4344.75
2015-02-13,235.427002,2096.98999,4377.0
2015-02-17,243.610001,2100.340088,4381.75
2015-02-18,236.326004,2099.679932,4386.0
2015-02-19,240.283005,2097.449951,4413.25
2015-02-20,243.779007,2110.300049,4438.0
2015-02-23,238.891998,2109.659912,4444.5
2015-02-24,238.735001,2115.47998,4450.25
2015-02-25,237.470001,2113.860107,4436.75
2015-02-26,236.425995,2110.73999,4461.75
2015-02-27,253.828003,2104.5,4442.5
2015-03-02,275.670013,2117.389893,4477.0
2015-03-03,281.701996,2107.780029,4456.5
2015-03-04,273.09201,2098.530029,4444.25
2015-03-05,276.178009,2101.040039,4449.5
2015-03-06,272.722992,2071.26001,4405.0
2015-03-09,289.606995,2079.429932,4413.5
2015-03-10,291.76001,2044.160034,4331.25
2015-03-11,296.378998,2040.23999,4307.5
2015-03-12,294.354004,2065.949951,4330.75
2015-03-13,285.337006,2053.399902,4308.75
2015-03-16,290.592987,2081.189941,4359.5
2015-03-17,285.505005,2074.280029,4377.75
2015-03-18,256.299011,2099.5,4427.25
2015-03-19,260.928009,2089.27002,4429.5
2015-03-20,261.748993,2108.100098,4461.25
2015-03-23,266.73999,2104.419922,4436.75
2015-03-24,245.595001,2091.5,4429.0
2015-03-25,246.197006,2061.050049,4323.5
2015-03-26,248.531998,2056.149902,4310.75
2015-03-27,247.029007,2061.02002,4325.75
2015-03-30,247.526001,2086.23999,4372.5
2015-03-31,244.223999,2067.889893,4329.5
2015-04-01,247.272003,2059.689941,4313.0
2015-04-02,253.005005,2066.959961,4307.25
2015-04-06,255.492004,2080.620117,4342.25
2015-04-07,253.179993,2076.330078,4334.0
2015-04-08,245.022003,2081.899902,4374.75
2015-04-09,243.675995,2091.179932,4399.25
2015-04-10,236.072006,2102.060059,4414.75
2015-04-13,224.587006,2092.429932,4403.25
2015-04-14,219.158997,2095.840088,4397.75
2015-04-15,223.832993,2106.629883,4421.75
2015-04-16,228.572998,2104.98999,4415.25
2015-04-17,222.882004,2081.179932,4349.0
2015-04-20,224.626007,2100.399902,4407.5
2015-04-21,235.268997,2097.290039,4428.5
2015-04-22,234.175995,2107.959961,4445.25
2015-04-23,236.462006,2112.929932,4481.5
2015-04-24,231.268005,2117.689941,4529.25
2015-04-27,229.285995,2108.919922,4524.75
2015-04-28,225.854996,2114.76001,4516.0
2015-04-29,225.807999,2106.850098,4479.75
2015-04-30,236.145004,2085.51001,4408.25
2015-05-01,232.078995,2108.290039,4467.75
2015-05-04,239.018005,2114.48999,4476.5
2015-05-05,236.121002,2089.459961,4407.5
2015-05-06,229.781998,2080.149902,4373.0
2015-05-07,237.334,2088.0,4402.5
2015-05-08,243.863007,2116.100098,4448.75
2015-05-11,242.158005,2105.330078,4431.25
2015-05-12,241.112,2099.120117,4420.75
2015-05-13,236.376999,2098.47998,4423.75
2015-05-14,236.929001,2121.100098,4490.25
2015-05-15,237.604996,2122.72998,4488.75
2015-05-18,233.128006,2129.199951,4507.25
2015-05-19,231.947006,2127.830078,4501.25
2015-05-20,234.018005,2125.850098,4505.5
2015-05-21,235.343994,2130.820068,4528.75
2015-05-22,240.348007,2126.060059,4528.75
2015-05-26,237.115997,2104.199951,4479.75
2015-05-27,237.283005,2123.47998,4542.25
2015-05-28,237.408005,2120.790039,4542.75
2015-05-29,237.095993,2107.389893,4511.0
2015-06-01,222.925995,2111.72998,4521.5
2015-06-02,225.802994,2109.600098,4503.0
2015-06-03,225.873993,2114.070068,4527.5
2015-06-04,224.324005,2095.840088,4496.5
2015-06-05,224.951996,2092.830078,4481.5
2015-06-08,228.488998,2079.280029,4432.25
2015-06-09,229.048004,2080.149902,4431.5
2015-06-10,228.802994,2105.199951,4488.75
2015-06-11,229.705002,2108.860107,4490.5
2015-06-12,229.981995,2094.110107,4454.75
2015-06-15,236.822998,2084.429932,4435.5
2015-06-16,250.895004,2096.290039,4459.0
2015-06-17,249.283997,2100.439941,4461.25
2015-06-18,249.007004,2121.23999,4538.0
2015-06-19,244.606003,2109.98999,4531.0
2015-06-22,246.990005,2122.850098,4532.75
2015-06-23,244.296005,2124.199951,4541.25
2015-06-24,240.514999,2108.580078,4515.75
2015-06-25,242.798996,2102.310059,4509.25
2015-06-26,243.593994,2101.48999,4480.5
2015-06-29,257.063995,2057.639893,4378.0
2015-06-30,263.071991,2063.110107,4390.25
2015-07-01,258.621002,2077.419922,4422.0
2015-07-02,255.412003,2076.780029,4428.75
2015-07-06,269.029999,2068.76001,4422.75
2015-07-07,266.207001,2081.340088,4422.25
2015-07-08,270.785004,2046.680054,4346.5
2015-07-09,269.227997,2051.310059,4339.5
2015-07-10,284.894012,2076.620117,4408.25
2015-07-13,292.053986,2099.600098,4488.0
2015-07-14,287.463989,2108.949951,4517.5
2015-07-15,285.82901,2107.399902,4536.5
2015-07-16,278.088989,2124.290039,4597.75
2015-07-17,279.471985,2126.639893,4650.0
2015-07-20,278.980988,2128.280029,4671.25
2015-07-21,275.833008,2119.209961,4666.5
2015-07-22,277.221985,2114.149902,4617.0
2015-07-23,276.049011,2102.149902,4620.0
2015-07-24,288.278015,2079.649902,4561.75
2015-07-27,293.623993,2067.639893,4522.5
2015-07-28,294.427002,2093.25,4556.0
2015-07-29,289.589996,2108.570068,4565.0
2015-07-30,287.721985,2108.629883,4595.25
2015-07-31,284.649994,2103.840088,4585.0
2015-08-03,281.22699,2098.040039,4573.0
2015-08-04,285.217987,2093.320068,4551.75
2015-08-05,281.881989,2099.840088,4593.5
2015-08-06,278.576996,2083.560059,4524.75
2015-08-07,279.584991,2077.570068,4519.0
2015-08-10,264.470001,2104.179932,4566.0
2015-08-11,270.385986,2084.070068,4510.75
2015-08-12,266.376007,2086.050049,4533.5
2015-08-13,264.079987,2083.389893,4517.25
2015-08-14,265.679993,2091.540039,4531.75
2015-08-17,257.976013,2102.439941,4564.75
2015-08-18,211.078995,2096.919922,4544.0
2015-08-19,226.684006,2079.610107,4503.75
2015-08-20,235.350006,2035.72998,4366.25
2015-08-21,232.569,1970.890015,4200.75
2015-08-24,210.494995,1893.209961,4003.25
2015-08-25,221.608994,1867.609985,4028.5
2015-08-26,225.830994,1940.51001,4214.5
2015-08-27,224.768997,1987.660034,4328.0
2015-08-28,231.395996,1988.869995,4333.0
2015-08-31,230.056,1972.180054,4271.75
2015-09-01,228.121002,1913.849976,4158.25
2015-09-02,229.283997,1948.859985,4260.0
2015-09-03,227.182999,1951.130005,4229.5
2015-09-04,230.298004,1921.219971,4194.0
2015-09-08,243.606995,1969.410034,4298.5
2015-09-09,238.167999,1942.040039,4255.0
2015-09-10,238.477005,1952.290039,4295.0
2015-09-11,240.106995,1961.050049,4325.25
2015-09-14,230.643997,1953.030029,4310.0
2015-09-15,230.304001,1978.089966,4361.0
2015-09-16,229.091003,1995.310059,4391.5
2015-09-17,229.809998,1990.199951,4380.25
2015-09-18,232.975006,1958.030029,4325.25
2015-09-21,227.085007,1966.969971,4341.25
2015-09-22,230.617996,1942.73999,4267.25
2015-09-23,230.283005,1938.76001,4262.75
2015-09-24,234.529007,1932.23999,4246.0
2015-09-25,235.143997,1931.339966,4213.5
2015-09-28,239.141998,1881.77002,4094.75
2015-09-29,236.686996,1884.089966,4074.75
2015-09-30,236.059998,1920.030029,4163.0
2015-10-01,237.548996,1923.819946,4187.5
2015-10-02,237.292999,1951.359985,4261.25
2015-10-05,240.382996,1987.050049,4311.25
2015-10-06,246.063004,1979.920044,4290.25
2015-10-07,242.968994,1995.829956,4323.75
2015-10-08,242.304001,2013.430054,4344.75
2015-10-09,243.931,2014.890015,4359.5
2015-10-12,245.307999,2017.459961,4375.0
2015-10-13,249.507996,2003.689941,4341.25
2015-10-14,251.988998,1994.23999,4326.5
2015-10-15,254.320007,2023.859985,4411.75
2015-10-16,262.868988,2033.109985,4434.75
2015-10-19,263.437012,2033.660034,4454.5
2015-10-20,269.463013,2030.77002,4424.75
2015-10-21,266.272003,2018.939941,4399.25
2015-10-22,274.02301,2052.51001,4552.75
2015-10-23,276.496002,2075.149902,4611.5
2015-10-26,285.299988,2071.179932,4616.25
2015-10-27,293.787994,2065.889893,4632.25
2015-10-28,304.618011,2090.350098,4673.75
2015-10-29,313.855011,2089.409912,4661.75
2015-10-30,328.015015,2079.360107,4643.25
2015-11-02,361.188995,2104.050049,4694.0
2015-11-03,403.416992,2109.790039,4712.0
2015-11-04,411.562988,2102.310059,4709.5
2015-11-05,386.354004,2099.929932,4695.25
2015-11-06,374.470001,2099.199951,4703.0
2015-11-09,380.256989,2078.580078,4652.75
2015-11-10,336.819,2081.719971,4643.0
2015-11-11,311.084015,2075.0,4631.75
2015-11-12,338.152008,2045.969971,4585.25
2015-11-13,336.752991,2023.040039,4502.0
2015-11-16,330.751007,2053.189941,4559.75
2015-11-17,335.093994,2050.439941,4569.5
2015-11-18,334.589996,2083.580078,4652.5
2015-11-19,326.148987,2081.23999,4660.0
2015-11-20,322.022003,2089.169922,4689.5
2015-11-23,323.04599,2086.590088,4675.75
2015-11-24,320.04599,2089.139893,4666.0
2015-11-25,328.205994,2088.870117,4677.25
2015-11-27,358.041992,2090.110107,4682.5
2015-11-30,377.321014,2080.409912,4668.75
2015-12-01,362.488007,2102.629883,4716.25
2015-12-02,359.187012,2079.51001,4694.5
2015-12-03,361.04599,2049.620117,4611.0
2015-12-04,363.183014,2091.689941,4713.25
2015-12-07,395.536011,2077.070068,4701.0
2015-12-08,415.562988,2063.590088,4687.25
2015-12-09,417.562988,2047.619995,4616.0
2015-12-10,415.479004,2052.22998,4644.0
2015-12-11,451.937988,2012.369995,4539.25
2015-12-14,444.182007,2021.939941,4566.5
2015-12-15,465.321014,2043.410034,4606.0
2015-12-16,454.93399,2073.070068,4663.0
2015-12-17,456.078003,2041.890015,4577.75
2015-12-18,463.615997,2005.550049,4576.0
2015-12-21,438.639008,2021.150024,4563.0
2015-12-22,436.571991,2038.969971,4591.0
2015-12-23,442.401001,2064.290039,4606.75
2015-12-24,454.984985,2060.98999,4611.0
2015-12-28,422.278992,2056.5,4613.75
2015-12-29,432.983002,2078.360107,4690.5
2015-12-30,426.619995,2063.360107,4646.0
2015-12-31,430.566986,2043.939941,4587.75
2016-01-04,433.091003,2012.660034,4504.5
2016-01-05,431.959991,2016.709961,4483.75
2016-01-06,429.105011,1990.26001,4446.75
2016-01-07,458.048004,1943.089966,4289.25
2016-01-08,453.230011,1922.030029,4261.5
2016-01-11,448.428009,1923.670044,4273.0
2016-01-12,435.690002,1938.680054,4312.75
2016-01-13,432.371002,1890.280029,4175.75
2016-01-14,430.306,1921.839966,4257.5
2016-01-15,364.330994,1880.329956,4140.75
2016-01-19,380.148987,1881.329956,4144.5
2016-01-20,420.230011,1859.329956,4133.0
2016-01-21,410.261993,1868.98999,4130.25
2016-01-22,382.492004,1906.900024,4247.5
2016-01-25,391.726013,1877.079956,4186.75
2016-01-26,392.153015,1903.630005,4226.75
2016-01-27,394.971985,1882.949951,4127.0
2016-01-28,380.289001,1893.359985,4153.75
2016-01-29,379.473999,1940.23999,4263.0
2016-02-01,373.056,1939.380005,4291.5
2016-02-02,374.447998,1903.030029,4192.0
2016-02-03,369.949005,1912.530029,4171.5
2016-02-04,389.593994,1915.449951,4155.75
2016-02-05,386.549011,1880.050049,4022.0
2016-02-08,373.446991,1853.439941,3964.25
2016-02-09,376.028992,1852.209961,3944.25
2016-02-10,381.648987,1851.859985,3967.25
2016-02-11,379.653992,1829.079956,3961.25
2016-02-12,384.263,1864.780029,4006.25
2016-02-16,407.488007,1895.579956,4092.75
2016-02-17,416.321991,1926.819946,4196.75
2016-02-18,422.372986,1917.829956,4155.0
2016-02-19,420.785004,1917.780029,4161.0
2016-02-22,437.747986,1945.5,4214.75
2016-02-23,420.735992,1921.27002,4159.25
2016-02-24,424.954987,1929.800049,4208.5
2016-02-25,424.544006,1951.699951,4244.25
2016-02-26,432.152008,1948.050049,4230.0
2016-02-29,437.696991,1932.22998,4201.25
2016-03-01,435.122986,1978.349976,4337.75
2016-03-02,423.989014,1986.449951,4329.25
2016-03-03,421.651001,1993.400024,4320.25
2016-03-04,410.938995,1999.98999,4322.5
2016-03-07,414.321014,2001.76001,4300.0
2016-03-08,413.971985,1979.26001,4270.5
2016-03-09,414.859985,1989.26001,4294.5
2016-03-10,417.131012,1989.569946,4285.0
2016-03-11,421.690002,2022.189941,4352.75
2016-03-14,416.437988,2019.640015,4366.0
2016-03-15,416.829987,2015.930054,4364.5
2016-03-16,417.010986,2027.219971,4397.5
2016-03-17,420.621002,2040.589966,4402.25
2016-03-18,409.548004,2049.580078,4414.25
2016-03-21,413.307007,2051.600098,4416.25
2016-03-22,418.088989,2049.800049,4434.5
2016-03-23,418.040985,2036.709961,4395.5
2016-03-24,416.394012,2035.939941,4397.25
2016-03-28,424.230988,2037.050049,4389.5
2016-03-29,416.515991,2055.01001,4458.25
2016-03-30,414.81601,2063.949951,4482.0
2016-03-31,416.729004,2059.73999,4476.25
2016-04-01,417.959991,2072.780029,4528.5
2016-04-04,421.444,2066.129883,4500.25
2016-04-05,424.029999,2045.170044,4469.5
2016-04-06,423.412994,2066.659912,4535.0
2016-04-07,422.744995,2041.910034,4470.25
2016-04-08,420.348999,2047.599976,4467.25
2016-04-11,422.483002,2041.98999,4451.5
2016-04-12,425.190002,2061.719971,4490.0
2016-04-13,423.734009,2082.419922,4547.75
2016-04-14,424.282013,2082.780029,4546.25
2016-04-15,429.713013,2080.72998,4538.5
2016-04-18,428.591003,2094.340088,4546.5
2016-04-19,435.509003,2100.800049,4526.75
2016-04-20,441.389008,2102.399902,4535.75
2016-04-21,449.424988,2091.47998,4497.75
2016-04-22,445.737,2091.580078,4465.75
2016-04-25,461.425995,2087.790039,4472.25
2016-04-26,466.088989,2091.699951,4452.5
2016-04-27,444.687012,2095.149902,4423.75
2016-04-28,449.010986,2075.810059,4382.0
2016-04-29,455.096985,2065.300049,4331.5
2016-05-02,444.669006,2081.429932,4369.0
2016-05-03,450.303986,2063.370117,4334.5
2016-05-04,446.721985,2051.120117,4309.75
2016-05-05,447.976013,2050.629883,4300.25
2016-05-06,459.602997,2057.139893,4328.25
2016-05-09,460.483002,2058.689941,4335.75
2016-05-10,450.894989,2084.389893,4392.0
2016-05-11,452.727997,2064.459961,4351.5
2016-05-12,454.765991,2064.110107,4334.75
2016-05-13,455.670013,2046.609985,4324.0
2016-05-16,454.162994,2066.659912,4375.25
2016-05-17,453.78299,2047.209961,4319.5
2016-05-18,454.618988,2047.630005,4332.25
2016-05-19,438.714996,2040.040039,4317.25
2016-05-20,442.675995,2052.320068,4362.25
2016-05-23,444.154999,2048.040039,4352.5
2016-05-24,445.980988,2076.060059,4445.25
2016-05-25,449.598999,2090.540039,4474.75
2016-05-26,453.384003,2090.100098,4492.25
2016-05-27,473.463989,2099.060059,4510.0
2016-05-31,531.385986,2096.949951,4524.25
2016-06-01,536.919983,2099.330078,4521.5
2016-06-02,537.971985,2105.26001,4532.25
2016-06-03,569.19397,2099.129883,4509.0
2016-06-06,585.536987,2109.409912,4525.5
2016-06-07,576.596985,2112.129883,4514.25
2016-06-08,581.64502,2119.120117,4519.0
2016-06-09,574.630005,2115.47998,4512.0
2016-06-10,577.469971,2096.070068,4465.75
2016-06-13,704.375977,2079.060059,4426.25
2016-06-14,685.559021,2075.320068,4425.25
2016-06-15,694.468994,2071.5,4412.75
2016-06-16,766.307983,2077.98999,4424.75
2016-06-17,748.908997,2071.219971,4417.25
2016-06-20,737.226013,2083.25,4390.0
2016-06-21,666.651978,2088.899902,4400.25
2016-06-22,596.116028,2085.449951,4394.5
2016-06-23,623.97699,2113.320068,4462.5
2016-06-24,665.299011,2037.410034,4262.25
2016-06-27,655.275024,2000.540039,4178.0
2016-06-28,647.000977,2036.089966,4281.0
2016-06-29,639.890015,2070.77002,4362.75
2016-06-30,673.336975,2098.860107,4407.0
2016-07-01,676.296021,2102.949951,4433.25
2016-07-05,670.627014,2088.550049,4404.0
2016-07-06,677.330994,2099.72998,4439.5
2016-07-07,640.562012,2097.899902,4452.25
2016-07-08,666.52301,2129.899902,4517.25
2016-07-11,647.658997,2137.159912,4549.5
2016-07-12,664.551025,2152.139893,4569.75
2016-07-13,654.468018,2152.429932,4561.25
2016-07-14,658.078003,2163.75,4590.0
2016-07-15,663.255005,2161.73999,4579.25
2016-07-18,673.106018,2166.889893,4608.25
2016-07-19,672.864014,2163.780029,4606.5
2016-07-20,665.684998,2173.02002,4650.5
2016-07-21,665.012024,2165.169922,4638.25
2016-07-22,650.619019,2175.030029,4657.25
2016-07-25,654.096985,2168.47998,4653.75
2016-07-26,651.783997,2169.179932,4663.75
2016-07-27,654.35199,2166.580078,4707.75
2016-07-28,655.034973,2170.060059,4719.75
2016-07-29,656.992004,2173.600098,4726.75
2016-08-01,606.271973,2170.840088,4744.5
2016-08-02,547.465027,2157.030029,4714.25
2016-08-03,566.35498,2163.790039,4728.25
2016-08-04,578.289001,2164.25,4743.75
2016-08-05,575.04303,2182.870117,4783.0
2016-08-08,591.054016,2180.889893,4779.25
2016-08-09,587.801025,2181.73999,4791.75
2016-08-10,592.103027,2175.48999,4781.5
2016-08-11,589.119995,2185.790039,4800.0
2016-08-12,587.559021,2184.050049,4804.25
2016-08-15,567.23999,2190.149902,4822.75
2016-08-16,577.439026,2178.149902,4798.5
2016-08-17,573.216003,2182.219971,4804.0
2016-08-18,574.317993,2187.02002,4808.5
2016-08-19,575.630005,2183.870117,4807.0
2016-08-22,586.752991,2182.639893,4811.75
2016-08-23,583.414978,2186.899902,4817.0
2016-08-24,580.182007,2175.439941,4786.25
2016-08-25,577.760986,2172.469971,4782.25
2016-08-26,579.651001,2169.040039,4785.75
2016-08-29,574.106995,2180.379883,4793.25
2016-08-30,577.502991,2176.120117,4776.0
2016-08-31,575.471985,2170.949951,4773.75
2016-09-01,572.302979,2170.860107,4777.5
2016-09-02,575.536987,2179.97998,4795.25
2016-09-06,610.435974,2186.47998,4827.5
2016-09-07,614.544006,2186.159912,4828.75
2016-09-08,626.315979,2181.300049,4796.0
2016-09-09,622.861023,2127.810059,4671.0
2016-09-12,608.242981,2159.040039,4766.75
2016-09-13,609.241028,2127.02002,4727.75
2016-09-14,610.684021,2125.77002,4732.5
2016-09-15,607.155029,2147.26001,4817.75
2016-09-16,606.973022,2139.159912,4817.0
2016-09-19,609.22699,2139.120117,4794.25
2016-09-20,608.312012,2139.76001,4798.5
2016-09-21,597.148987,2163.120117,4850.0
2016-09-22,596.297974,2177.179932,4886.25
2016-09-23,602.84198,2164.689941,4856.5
2016-09-26,608.04303,2146.100098,4815.0
2016-09-27,606.166016,2159.929932,4860.75
2016-09-28,604.728027,2171.370117,4868.25
2016-09-29,605.692993,2151.129883,4844.25
2016-09-30,609.734985,2168.27002,4870.25
2016-10-03,612.132996,2161.199951,4865.75
2016-10-04,610.203979,2150.48999,4857.5
2016-10-05,612.510986,2159.72998,4873.5
2016-10-06,613.020996,2160.77002,4872.0
2016-10-07,617.120972,2153.73999,4859.0
2016-10-11,641.072021,2136.72998,4827.0
2016-10-12,636.192017,2139.179932,4813.5
2016-10-13,636.786011,2132.550049,4796.0
2016-10-14,640.377991,2132.97998,4804.25
2016-10-17,639.192993,2126.5,4803.25
2016-10-18,637.960022,2139.600098,4827.0
2016-10-19,630.52002,2144.290039,4830.25
2016-10-20,630.856995,2141.340088,4843.75
2016-10-21,632.828003,2141.159912,4843.25
2016-10-24,653.760986,2151.330078,4902.75
2016-10-25,657.588013,2143.159912,4886.0
2016-10-26,678.304016,2139.429932,4853.75
2016-10-27,688.312988,2133.040039,4807.0
2016-10-28,689.651001,2126.409912,4806.0
2016-10-31,700.971985,2126.149902,4796.75
2016-11-01,729.79303,2111.719971,4757.25
2016-11-02,740.828979,2097.939941,4716.75
2016-11-03,688.700012,2088.659912,4674.5
2016-11-04,703.234985,2085.179932,4657.75
2016-11-07,703.130981,2131.52002,4775.75
2016-11-08,709.848022,2139.560059,4802.25
2016-11-09,723.27301,2163.26001,4820.5
2016-11-10,715.533997,2167.47998,4743.75
2016-11-14,705.020996,2164.199951,4694.5
2016-11-15,711.619019,2180.389893,4766.0
2016-11-16,744.197998,2176.939941,4783.25
2016-11-17,740.97699,2187.120117,4828.5
2016-11-18,751.585022,2181.899902,4808.5
2016-11-21,739.247986,2198.179932,4854.0
2016-11-22,751.346985,2202.939941,4874.75
2016-11-23,744.593994,2204.719971,4849.5
2016-11-25,741.648987,2213.350098,4868.5
2016-11-28,735.812988,2201.719971,4861.0
2016-11-29,735.604004,2204.659912,4875.0
2016-11-30,745.690979,2198.810059,4816.0
2016-12-01,756.773987,2191.080078,4736.5
2016-12-02,777.94397,2191.949951,4738.5
2016-12-05,758.700012,2204.709961,4780.5
2016-12-06,764.223999,2212.22998,4786.75
2016-12-07,768.132019,2241.350098,4841.75
2016-12-08,770.809998,2246.189941,4863.0
2016-12-09,772.794006,2259.530029,4893.75
2016-12-12,780.086975,2256.959961,4867.75
2016-12-13,780.55603,2271.719971,4937.75
2016-12-14,781.481018,2253.280029,4931.75
2016-12-15,778.088013,2262.030029,4934.5
2016-12-16,784.906982,2258.070068,4943.5
2016-12-19,792.713989,2262.530029,4938.75
2016-12-20,800.875977,2270.76001,4956.0
2016-12-21,834.281006,2265.179932,4949.5
2016-12-22,864.539978,2260.959961,4936.5
2016-12-23,921.984009,2263.790039,4942.25
2016-12-27,933.197998,2268.879883,4961.25
2016-12-28,975.921021,2249.919922,4923.75
2016-12-29,973.497009,2249.26001,4918.5
2016-12-30,961.237976,2238.830078,4864.0
2017-01-03,1043.839966,2257.830078,4906.25
2017-01-04,1154.72998,2270.75,4933.5
2017-01-05,1013.380005,2269.0,4962.0
2017-01-06,902.200989,2276.97998,5004.0
2017-01-09,902.828003,2268.899902,5022.0
2017-01-10,907.679016,2268.899902,5031.25
2017-01-11,777.757019,2275.320068,5046.5
2017-01-12,804.833984,2270.439941,5034.75
2017-01-13,823.984009,2274.639893,5061.25
2017-01-17,907.937988,2267.889893,5040.25
2017-01-18,886.617981,2271.889893,5054.5
2017-01-19,899.072998,2263.689941,5053.5
2017-01-20,895.026001,2271.310059,5058.25
2017-01-23,921.012024,2265.199951,5063.5
2017-01-24,892.687012,2280.070068,5096.25
2017-01-25,901.541992,2298.370117,5146.5
2017-01-26,917.585999,2296.679932,5147.75
2017-01-27,919.75,2294.689941,5162.5
2017-01-30,920.382019,2280.899902,5124.5
2017-01-31,970.403015,2278.870117,5112.75
2017-02-01,989.02301,2279.550049,5148.5
2017-02-02,1011.799988,2280.850098,5131.0
2017-02-03,1029.910034,2297.419922,5155.0
2017-02-06,1038.150024,2292.560059,5157.75
2017-02-07,1061.349976,2293.080078,5176.75
2017-02-08,1063.069946,2294.669922,5191.25
2017-02-09,994.382996,2307.870117,5212.25
2017-02-10,988.674011,2316.100098,5226.75
2017-02-13,990.642029,2328.25,5259.25
2017-02-14,1004.549988,2337.580078,5276.0
2017-02-15,1007.47998,2349.25,5310.0
2017-02-16,1027.439941,2347.219971,5300.5
2017-02-17,1046.209961,2351.159912,5325.75
2017-02-21,1115.300049,2365.379883,5343.75
2017-02-22,1117.439941,2362.820068,5351.0
2017-02-23,1166.719971,2363.810059,5332.0
2017-02-24,1173.680054,2367.340088,5343.25
2017-02-27,1179.969971,2369.75,5347.5
2017-02-28,1179.969971,2363.639893,5332.25
2017-03-01,1222.5,2395.959961,5386.0
2017-03-02,1251.01001,2381.919922,5364.75
2017-03-03,1274.98999,2383.120117,5372.0
2017-03-06,1272.829956,2375.310059,5361.0
2017-03-07,1223.540039,2368.389893,5349.75
2017-03-08,1150.0,2362.97998,5363.0
2017-03-09,1188.48999,2364.870117,5366.75
2017-03-10,1116.719971,2372.600098,5382.0
2017-03-13,1231.920044,2373.469971,5395.5
2017-03-14,1240.0,2365.449951,5381.5
2017-03-15,1249.609985,2385.26001,5415.25
2017-03-16,1187.810059,2381.379883,5413.0
2017-03-17,1100.22998,2378.25,5417.25
2017-03-20,1054.22998,2373.469971,5418.5
2017-03-21,1120.540039,2344.02002,5338.25
2017-03-22,1049.140015,2348.449951,5365.75
2017-03-23,1038.589966,2345.959961,5354.5
2017-03-24,937.52002,2343.97998,5378.75
2017-03-27,1045.77002,2341.590088,5379.0
2017-03-28,1047.150024,2358.570068,5405.0
2017-03-29,1039.969971,2361.129883,5436.0
2017-03-30,1026.430054,2368.060059,5437.5
2017-03-31,1071.790039,2362.719971,5438.5
2017-04-03,1143.810059,2358.840088,5434.5
2017-04-04,1133.25,2360.159912,5444.0
2017-04-05,1124.780029,2352.949951,5416.25
2017-04-06,1182.680054,2357.48999,5422.75
2017-04-07,1176.900024,2355.540039,5421.25
2017-04-10,1187.130005,2357.159912,5422.25
2017-04-11,1205.01001,2353.780029,5401.75
2017-04-12,1200.369995,2344.929932,5372.75
2017-04-13,1169.280029,2328.949951,5359.0
2017-04-17,1193.910034,2349.01001,5395.25
2017-04-18,1211.670044,2342.189941,5389.25
2017-04-19,1210.290039,2338.169922,5397.75
2017-04-20,1229.079956,2355.840088,5442.75
2017-04-21,1222.050049,2348.689941,5442.0
2017-04-24,1250.150024,2374.149902,5504.0
2017-04-25,1265.48999,2388.610107,5548.25
2017-04-26,1281.079956,2387.449951,5536.25
2017-04-27,1317.72998,2388.77002,5591.0
2017-04-28,1316.47998,2384.199951,5580.5
2017-05-01,1421.599976,2388.330078,5630.75
2017-05-02,1452.819946,2391.169922,5639.75
2017-05-03,1490.089966,2388.129883,5613.25
2017-05-04,1537.670044,2389.52002,5625.75
2017-05-05,1555.449951,2399.290039,5648.25
2017-05-08,1723.349976,2399.379883,5655.5
2017-05-09,1755.359985,2396.919922,5676.25
2017-05-10,1787.130005,2399.629883,5675.5
2017-05-11,1848.569946,2394.439941,5670.75
2017-05-12,1724.23999,2390.899902,5689.0
2017-05-15,1738.430054,2402.320068,5701.25
2017-05-16,1734.449951,2400.669922,5724.25
2017-05-17,1839.089966,2357.030029,5578.75
2017-05-18,1888.650024,2365.719971,5630.5
2017-05-19,1987.709961,2381.72998,5653.25
2017-05-22,2173.399902,2394.02002,5702.0
2017-05-23,2320.419922,2398.419922,5711.5
2017-05-24,2443.639893,2404.389893,5731.25
2017-05-25,2304.97998,2415.070068,5782.0
2017-05-26,2202.419922,2415.820068,5792.25
2017-05-30,2175.469971,2412.909912,5792.0
2017-05-31,2286.409912,2411.800049,5793.25
2017-06-01,2407.879883,2430.060059,5822.0
2017-06-02,2488.550049,2439.070068,5886.0
2017-06-05,2686.810059,2436.100098,5880.75
2017-06-06,2863.199951,2429.330078,5863.25
2017-06-07,2732.159912,2433.139893,5879.75
2017-06-08,2805.620117,2433.790039,5885.0
2017-06-09,2823.810059,2431.77002,5740.5
2017-06-12,2659.629883,2429.389893,5711.0
2017-06-13,2717.02002,2440.350098,5751.25
2017-06-14,2506.370117,2437.919922,5725.25
2017-06-15,2464.580078,2432.459961,5702.5
2017-06-16,2518.560059,2433.149902,5702.0
2017-06-19,2589.600098,2453.459961,5766.0
2017-06-20,2721.790039,2437.030029,5732.75
2017-06-21,2689.100098,2435.610107,5796.0
2017-06-22,2705.409912,2434.5,5785.75
2017-06-23,2744.909912,2438.300049,5812.25
2017-06-26,2478.449951,2439.070068,5778.25
2017-06-27,2552.449951,2419.379883,5676.5
2017-06-28,2574.790039,2440.689941,5763.5
2017-06-29,2539.320068,2419.699951,5653.0
2017-06-30,2480.840088,2423.409912,5652.75
2017-07-05,2601.98999,2432.540039,5651.5
2017-07-06,2608.560059,2409.75,5596.75
2017-07-07,2518.659912,2425.179932,5655.75
2017-07-10,2372.560059,2427.429932,5694.0
2017-07-11,2337.790039,2425.530029,5720.0
2017-07-12,2398.840088,2443.25,5785.75
2017-07-13,2357.899902,2447.830078,5797.5
2017-07-14,2233.340088,2459.27002,5843.25
2017-07-17,2228.409912,2459.139893,5855.0
2017-07-18,2318.879883,2460.610107,5882.75
2017-07-19,2273.429932,2473.830078,5918.25
2017-07-20,2817.600098,2473.449951,5925.25
2017-07-21,2667.76001,2472.540039,5918.75
2017-07-24,2754.860107,2469.909912,5934.0
2017-07-25,2576.47998,2477.129883,5933.75
2017-07-26,2529.449951,2477.830078,5948.0
2017-07-27,2671.780029,2475.419922,5909.5
2017-07-28,2809.01001,2472.100098,5910.25
2017-07-31,2875.340088,2470.300049,5882.5
2017-08-01,2718.26001,2476.350098,5889.25
2017-08-02,2710.669922,2477.570068,5910.75
2017-08-03,2804.72998,2472.159912,5890.0
2017-08-04,2895.889893,2476.830078,5898.0
2017-08-07,3378.939941,2480.909912,5934.0
2017-08-08,3419.939941,2474.919922,5918.0
2017-08-09,3342.469971,2474.02002,5922.5
2017-08-10,3381.280029,2438.209961,5789.75
2017-08-11,3650.620117,2441.320068,5838.25
2017-08-14,4325.129883,2465.840088,5910.0
2017-08-15,4181.930176,2464.610107,5912.0
2017-08-16,4376.629883,2468.110107,5923.5
2017-08-17,4331.689941,2430.01001,5800.25
2017-08-18,4160.620117,2425.550049,5801.25
2017-08-21,4001.73999,2428.370117,5794.0
2017-08-22,4100.52002,2452.51001,5878.5
2017-08-23,4151.52002,2444.040039,5848.0
2017-08-24,4334.680176,2438.969971,5840.5
2017-08-25,4371.600098,2443.050049,5825.0
2017-08-28,4382.660156,2444.23999,5844.75
2017-08-29,4579.02002,2446.300049,5869.75
2017-08-30,4565.299805,2457.590088,5935.0
2017-08-31,4703.390137,2471.649902,5990.75
2017-09-01,4892.009766,2476.550049,5988.25
2017-09-05,4376.529785,2457.850098,5939.25
2017-09-06,4597.120117,2465.540039,5955.0
2017-09-07,4599.879883,2465.100098,5970.0
2017-09-08,4228.75,2461.429932,5916.25
2017-09-11,4161.27002,2488.110107,5982.5
2017-09-12,4130.810059,2496.47998,5996.5
2017-09-13,3882.590088,2498.370117,6002.0
2017-09-14,3154.949951,2495.620117,5966.25
2017-09-15,3637.52002,2500.22998,5974.0
2017-09-18,4065.199951,2503.870117,5986.75
2017-09-19,3924.969971,2506.649902,5997.0
2017-09-20,3905.949951,2508.23999,5978.5
2017-09-21,3631.040039,2500.600098,5945.25
2017-09-22,3630.699951,2502.219971,5935.75
2017-09-25,3926.070068,2496.659912,5876.5
2017-09-26,3892.350098,2496.840088,5892.5
2017-09-27,4200.669922,2507.040039,5941.0
2017-09-28,4174.72998,2510.060059,5938.5
2017-09-29,4163.069824,2519.360107,5982.5
2017-10-02,4409.319824,2529.120117,5980.5
2017-10-03,4317.47998,2534.580078,5998.0
2017-10-04,4229.359863,2537.73999,6004.0
2017-10-05,4328.410156,2552.070068,6065.75
2017-10-06,4370.810059,2549.330078,6064.25
2017-10-09,4772.02002,2544.72998,6064.5
2017-10-10,4781.990234,2550.639893,6065.25
2017-10-11,4826.47998,2555.23999,6082.5
2017-10-12,5446.910156,2550.929932,6074.75
2017-10-13,5647.209961,2553.169922,6099.75
2017-10-16,5725.589844,2557.639893,6120.25
2017-10-17,5605.509766,2559.360107,6123.75
2017-10-18,5590.689941,2561.26001,6119.25
2017-10-19,5708.52002,2562.100098,6097.75
2017-10-20,6011.450195,2575.209961,6111.0
2017-10-23,5930.319824,2564.97998,6064.75
2017-10-24,5526.640137,2569.129883,6079.5
2017-10-25,5750.799805,2557.149902,6064.5
2017-10-26,5904.830078,2560.399902,6084.75
2017-10-27,5780.899902,2581.070068,6215.25
2017-10-30,6130.529785,2572.830078,6224.25
2017-10-31,6468.399902,2575.26001,6249.75
2017-11-01,6767.310059,2579.360107,6240.75
2017-11-02,7078.5,2579.850098,6235.75
2017-11-03,7207.759766,2587.840088,6290.5
2017-11-06,7022.759766,2591.129883,6313.5
2017-11-07,7144.379883,2590.639893,6316.0
2017-11-08,7459.689941,2594.379883,6341.5
2017-11-09,7143.580078,2584.620117,6314.5
2017-11-10,6618.140137,2582.300049,6309.25
2017-11-13,6559.490234,2584.840088,6312.0
2017-11-14,6635.75,2578.870117,6293.5
2017-11-15,7315.540039,2564.620117,6266.25
2017-11-16,7871.689941,2585.639893,6341.0
2017-11-17,7708.990234,2578.850098,6313.25
2017-11-20,8200.639648,2582.139893,6316.0
2017-11-21,8071.259766,2599.030029,6379.5
2017-11-22,8253.549805,2597.080078,6389.5
2017-11-27,9818.349609,2601.419922,6413.25
2017-11-28,10058.799805,2627.040039,6420.25
2017-11-29,9888.610352,2626.070068,6305.5
2017-11-30,10233.599609,2647.580078,6369.0
2017-12-01,10975.599609,2642.219971,6346.25
2017-12-04,11657.200195,2639.439941,6265.25
2017-12-05,11916.700195,2629.570068,6271.75
2017-12-06,14291.5,2629.27002,6293.0
2017-12-07,17899.699219,2636.97998,6323.0
2017-12-08,16569.400391,2651.5,6340.0
2017-12-11,16936.800781,2659.98999,6397.5
2017-12-12,17415.400391,2664.110107,6384.25
2017-12-13,16408.199219,2662.850098,6398.5
2017-12-14,16564.0,2652.01001,6391.75
2017-12-15,17706.900391,2675.810059,6478.0
2017-12-18,19114.199219,2690.159912,6535.25
2017-12-19,17776.699219,2681.469971,6500.75
2017-12-20,16624.599609,2679.25,6489.0
2017-12-21,15802.900391,2684.570068,6492.25
2017-12-22,13831.799805,2683.340088,6483.75
2017-12-26,16099.799805,2680.5,6460.0
2017-12-27,15838.5,2682.620117,6454.0
2017-12-28,14606.5,2687.540039,6446.25
2017-12-29,14656.200195,2673.610107,6408.75
2018-01-02,14982.099609,2695.810059,6514.75
2018-01-03,15201.0,2713.060059,6584.5
2018-01-04,15599.200195,2723.98999,6603.5
2018-01-05,17429.5,2743.149902,6667.75
2018-01-08,15170.099609,2747.709961,6688.0
2018-01-09,14595.400391,2751.290039,6687.0
2018-01-10,14973.299805,2748.22998,6677.25
2018-01-11,13405.799805,2767.560059,6726.5
2018-01-12,13980.599609,2786.23999,6775.25
2018-01-16,11490.5,2776.419922,6762.25
2018-01-17,11188.599609,2802.560059,6823.75
2018-01-18,11474.900391,2798.030029,6813.0
2018-01-19,11607.400391,2810.300049,6845.75
2018-01-22,10931.400391,2832.969971,6931.0
2018-01-23,10868.400391,2839.129883,6965.75
2018-01-24,11359.400391,2837.540039,6931.25
2018-01-25,11259.400391,2839.25,6931.5
2018-01-26,11171.400391,2872.870117,7030.25
2018-01-29,11296.400391,2853.530029,6992.5
2018-01-30,10106.299805,2822.429932,6941.5
2018-01-31,10221.099609,2823.810059,6962.5
2018-02-01,9170.540039,2821.97998,6898.5
2018-02-02,8830.75,2762.129883,6755.75
2018-02-05,6955.27002,2648.939941,6429.25
2018-02-06,7754.0,2695.139893,6653.75
2018-02-07,7621.299805,2681.659912,6555.75
2018-02-08,8265.589844,2581.0,6317.25
2018-02-09,8736.980469,2619.550049,6417.75
2018-02-12,8926.570313,2656.0,6531.75
2018-02-13,8598.30957,2662.939941,6560.5
2018-02-14,9494.629883,2698.629883,6687.0
2018-02-15,10166.400391,2731.199951,6816.0
2018-02-16,10233.900391,2732.219971,6786.75
2018-02-20,11403.700195,2716.26001,6790.5
2018-02-21,10690.400391,2701.330078,6760.5
2018-02-22,10005.0,2703.959961,6788.75
2018-02-23,10301.099609,2747.300049,6909.75
2018-02-26,10366.700195,2779.600098,7000.0
2018-02-27,10725.599609,2744.280029,6915.75
2018-02-28,10397.900391,2713.830078,6865.0
2018-03-01,10951.0,2677.669922,6760.75
2018-03-02,11086.400391,2691.25,6804.75
2018-03-05,11573.299805,2720.939941,6877.5
2018-03-06,10779.900391,2728.120117,6907.75
2018-03-07,9965.570313,2726.800049,6924.5
2018-03-08,9395.009766,2738.969971,6974.25
2018-03-09,9337.549805,2786.570068,7098.25
2018-03-12,9205.120117,2783.02002,7139.5
2018-03-13,9194.849609,2765.310059,7058.25
2018-03-14,8269.80957,2749.47998,7033.5
2018-03-15,8300.860352,2747.330078,7046.5
2018-03-16,8338.349609,2752.01001,7044.0
2018-03-19,8630.650391,2712.919922,6914.25
2018-03-20,8913.469727,2716.939941,6917.5
2018-03-21,8929.280273,2711.929932,6884.0
2018-03-22,8728.469727,2643.689941,6692.0
2018-03-23,8879.620117,2588.26001,6554.25
2018-03-26,8209.400391,2658.550049,6773.5
2018-03-27,7833.040039,2612.620117,6561.25
2018-03-28,7954.47998,2605.0,6477.25
2018-03-29,7165.700195,2640.870117,6594.0
2018-04-02,7083.799805,2581.879883,6393.25
2018-04-03,7456.109863,2614.449951,6469.25
2018-04-04,6853.839844,2644.689941,6582.5
2018-04-05,6811.470215,2662.840088,6600.25
2018-04-06,6636.319824,2604.469971,6454.75
2018-04-09,6770.72998,2613.159912,6497.0
2018-04-10,6834.759766,2656.870117,6624.25
2018-04-11,6968.319824,2642.189941,6592.75
2018-04-12,7889.25,2663.98999,6670.75
2018-04-13,7895.959961,2656.300049,6640.75
2018-04-16,8058.669922,2677.840088,6712.0
2018-04-17,7902.089844,2706.389893,6828.75
2018-04-18,8163.419922,2708.639893,6843.5
2018-04-19,8294.30957,2693.129883,6780.0
2018-04-20,8845.830078,2670.139893,6676.25
2018-04-23,8930.879883,2670.290039,6667.0
2018-04-24,9697.5,2634.560059,6526.75
2018-04-25,8845.740234,2639.399902,6555.75
2018-04-26,9281.509766,2666.939941,6734.75
2018-04-27,8987.049805,2669.909912,6669.75
2018-04-30,9240.549805,2648.050049,6613.0
2018-05-01,9119.009766,2654.800049,6692.0
2018-05-02,9235.919922,2635.669922,6633.5
2018-05-03,9743.860352,2629.72998,6664.5
2018-05-04,9700.759766,2663.419922,6774.75
2018-05-07,9373.009766,2672.629883,6826.0
2018-05-08,9234.820313,2671.919922,6820.5
2018-05-09,9325.179688,2697.790039,6896.0
2018-05-10,9043.94043,2723.070068,6965.0
2018-05-11,8441.490234,2727.719971,6960.0
2018-05-14,8716.790039,2730.129883,6974.0
2018-05-15,8510.379883,2711.449951,6890.5
2018-05-16,8368.830078,2722.459961,6937.25
2018-05-17,8094.319824,2720.129883,6905.75
2018-05-18,8250.969727,2712.969971,6874.0
2018-05-21,8418.990234,2733.01001,6915.75
2018-05-22,8041.779785,2724.439941,6909.25
2018-05-23,7557.819824,2733.290039,6957.0
2018-05-24,7587.339844,2727.76001,6957.25
2018-05-25,7480.140137,2721.330078,6960.25
2018-05-29,7472.589844,2689.860107,6944.5
2018-05-30,7406.52002,2724.01001,6987.25
2018-05-31,7494.169922,2705.27002,6977.0
2018-06-01,7541.450195,2734.620117,7083.0
2018-06-04,7514.470215,2746.870117,7148.25
2018-06-05,7633.759766,2748.800049,7179.25
2018-06-06,7653.97998,2772.350098,7215.0
2018-06-07,7678.240234,2770.370117,7161.0
2018-06-08,7624.919922,2779.030029,7151.5
2018-06-11,6906.919922,2782.0,7170.25
2018-06-12,6582.359863,2786.850098,7199.5
2018-06-13,6349.899902,2775.629883,7204.25
2018-06-14,6675.350098,2782.48999,7283.75
2018-06-15,6456.580078,2779.659912,7257.5
2018-06-18,6734.819824,2773.75,7276.0
2018-06-19,6769.939941,2762.590088,7252.25
2018-06-20,6776.549805,2767.320068,7313.25
2018-06-21,6729.740234,2749.76001,7237.75
2018-06-22,6083.689941,2754.879883,7222.75
2018-06-25,6249.180176,2717.070068,7073.5
2018-06-26,6093.669922,2723.060059,7104.0
2018-06-27,6157.129883,2699.629883,6998.25
2018-06-28,5903.439941,2716.310059,7060.5
2018-06-29,6218.299805,2718.370117,7066.75
2018-07-02,6614.180176,2726.709961,7116.5
2018-07-05,6639.140137,2736.610107,7125.75
2018-07-06,6673.5,2759.820068,7233.5
2018-07-09,6741.75,2784.169922,7300.25
2018-07-10,6329.950195,2793.840088,7301.5
2018-07-11,6394.709961,2774.02002,7253.75
2018-07-12,6228.810059,2798.290039,7382.75
2018-07-13,6238.049805,2801.310059,7393.0
2018-07-16,6741.75,2798.429932,7325.0
2018-07-17,7321.040039,2809.550049,7421.75
2018-07-18,7370.779785,2815.620117,7404.5
2018-07-19,7466.859863,2804.48999,7367.75
2018-07-20,7354.129883,2801.830078,7360.0
2018-07-23,7711.109863,2806.97998,7430.5
2018-07-24,8424.269531,2820.399902,7416.25
2018-07-25,8181.390137,2846.070068,7469.5
2018-07-26,7951.580078,2837.439941,7430.75
2018-07-27,8165.009766,2818.820068,7301.25
2018-07-30,8180.47998,2802.600098,7200.5
2018-07-31,7780.439941,2816.290039,7244.75
2018-08-01,7624.910156,2813.360107,7277.0
2018-08-02,7567.149902,2827.219971,7385.75
2018-08-03,7434.390137,2840.350098,7402.0
2018-08-06,6951.799805,2850.399902,7444.0
2018-08-07,6753.120117,2858.449951,7477.25
2018-08-08,6305.799805,2857.699951,7471.5
2018-08-09,6568.22998,2853.580078,7475.5
2018-08-10,6184.709961,2833.280029,7427.0
2018-08-13,6297.569824,2821.929932,7417.0
2018-08-14,6199.709961,2839.959961,7457.75
2018-08-15,6308.52002,2818.370117,7374.0
2018-08-16,6334.72998,2840.689941,7389.0
2018-08-17,6580.629883,2850.129883,7387.75
2018-08-20,6308.529785,2857.050049,7387.0
2018-08-21,6488.759766,2862.959961,7397.5
2018-08-22,6376.709961,2861.820068,7433.25
2018-08-23,6534.879883,2856.97998,7424.5
2018-08-24,6719.959961,2874.689941,7495.75
2018-08-27,6884.640137,2896.73999,7568.0
2018-08-28,7096.279785,2897.52002,7578.0
2018-08-29,7047.160156,2914.040039,7668.75
2018-08-30,6978.22998,2901.129883,7649.0
2018-08-31,7037.580078,2901.52002,7661.25
2018-09-04,7361.660156,2896.719971,7638.75
2018-09-05,6792.830078,2888.600098,7531.75
2018-09-06,6529.169922,2878.050049,7457.5
2018-09-07,6467.069824,2871.679932,7438.5
2018-09-10,6329.700195,2877.129883,7460.25
2018-09-11,6321.200195,2887.889893,7512.0
2018-09-12,6351.799805,2888.919922,7485.75
2018-09-13,6517.310059,2904.179932,7564.5
2018-09-14,6512.709961,2904.97998,7544.75
2018-09-17,6281.200195,2888.800049,7436.25
2018-09-18,6371.299805,2904.310059,7495.25
2018-09-19,6398.540039,2907.949951,7497.5
2018-09-20,6519.669922,2930.75,7579.75
2018-09-21,6734.950195,2929.669922,7589.0
2018-09-24,6595.410156,2919.370117,7586.0
2018-09-25,6446.470215,2915.560059,7595.25
2018-09-26,6495.0,2905.969971,7590.25
2018-09-27,6676.75,2914.0,7657.25
2018-09-28,6644.129883,2913.97998,7655.25
2018-10-01,6589.620117,2924.590088,7675.5
2018-10-02,6556.100098,2923.429932,7652.75
2018-10-03,6502.589844,2925.51001,7664.75
2018-10-04,6576.689941,2901.610107,7514.25
2018-10-05,6622.47998,2885.570068,7436.0
2018-10-08,6652.22998,2884.429932,7391.75
2018-10-09,6642.640137,2880.340088,7399.0
2018-10-10,6585.529785,2785.679932,7032.0
2018-10-11,6256.240234,2728.370117,7031.0
2018-10-12,6274.580078,2767.129883,7172.25
2018-10-15,6596.540039,2750.790039,7076.5
2018-10-16,6596.109863,2809.919922,7353.75
2018-10-17,6544.430176,2809.209961,7313.25
2018-10-18,6476.709961,2768.780029,7137.75
2018-10-19,6465.410156,2767.780029,7106.5
2018-10-22,6487.160156,2755.879883,7155.25
2018-10-23,6475.740234,2740.689941,7140.25
2018-10-24,6495.839844,2656.100098,6836.25
2018-10-25,6476.290039,2705.570068,6926.5
2018-10-26,6474.75,2658.689941,6893.25
2018-10-29,6332.629883,2641.25,6736.25
2018-10-30,6334.27002,2682.629883,6815.25
2018-10-31,6317.609863,2711.73999,6975.5
2018-11-01,6377.779785,2740.370117,7077.75
2018-11-02,6388.439941,2723.060059,6980.25
2018-11-05,6419.660156,2738.310059,6949.5
2018-11-06,6461.009766,2755.449951,7016.5
2018-11-07,6530.140137,2813.889893,7218.5
2018-11-08,6453.720215,2806.830078,7166.0
2018-11-09,6385.620117,2781.01001,7031.25
2018-11-12,6371.27002,2726.219971,6835.0
2018-11-13,6359.490234,2722.179932,6853.0
2018-11-14,5738.350098,2701.580078,6768.25
2018-11-15,5648.029785,2730.199951,6915.5
2018-11-16,5575.549805,2736.27002,6895.25
2018-11-19,4871.490234,2690.72998,6672.0
2018-11-20,4451.870117,2641.889893,6532.5
2018-11-21,4602.169922,2649.929932,6576.25
2018-11-26,3779.129883,2673.449951,6673.25
2018-11-27,3820.719971,2682.169922,6712.5
2018-11-28,4257.419922,2743.790039,6918.25
2018-11-29,4278.84668,2737.800049,6913.25
2018-11-30,4017.268555,2760.169922,6949.5
2018-12-03,3894.130859,2790.370117,7058.25
2018-12-04,3956.893799,2700.060059,6803.25
2018-12-06,3521.101807,2695.949951,6824.5
2018-12-07,3419.937256,2633.080078,6623.5
2018-12-10,3502.656006,2637.719971,6699.25
2018-12-11,3424.588135,2636.780029,6717.0
2018-12-12,3486.950195,2651.070068,6769.0
2018-12-13,3313.677246,2650.540039,6752.0
2018-12-14,3242.484863,2599.949951,6599.5
2018-12-17,3545.864746,2545.939941,6466.25
2018-12-18,3696.059082,2546.159912,6462.75
2018-12-19,3745.950684,2506.959961,6334.75
2018-12-20,4134.441406,2467.419922,6308.5
2018-12-21,3896.543701,2416.620117,6257.25
2018-12-26,3857.297607,2467.699951,6285.5
2018-12-27,3654.833496,2488.830078,6323.5
2018-12-28,3923.918701,2485.73999,6293.25
2018-12-31,3742.700439,2506.850098,6333.25
2019-01-02,3943.409424,2510.030029,6371.0
2019-01-03,3836.741211,2447.889893,6162.0
2019-01-04,3857.717529,2531.939941,6434.0
2019-01-07,4025.248291,2549.689941,6496.5
2019-01-08,4030.8479,2574.409912,6557.25
2019-01-09,4035.296387,2584.959961,6604.75
2019-01-10,3678.924561,2596.639893,6625.25
2019-01-11,3687.365479,2596.26001,6612.75
2019-01-14,3706.052246,2582.610107,6545.0
2019-01-15,3630.675293,2610.300049,6676.75
2019-01-16,3655.006836,2616.100098,6666.25
2019-01-17,3678.563965,2635.959961,6720.0
2019-01-18,3657.839355,2670.709961,6792.75
2019-01-22,3604.577148,2632.899902,6653.0
2019-01-23,3585.123047,2638.699951,6665.25
2019-01-24,3600.865479,2642.330078,6675.0
2019-01-25,3599.765869,2664.76001,6791.25
2019-01-28,3470.450439,2643.850098,6701.75
2019-01-29,3448.116943,2640.0,6638.75
2019-01-30,3486.181641,2681.050049,6837.25
2019-01-31,3457.792725,2704.100098,6914.75
2019-02-01,3487.945313,2706.530029,6877.75
2019-02-04,3459.154053,2724.870117,6937.5
2019-02-05,3466.357422,2737.699951,7008.0
2019-02-06,3413.767822,2731.610107,6995.75
2019-02-07,3399.47168,2706.050049,6905.5
2019-02-08,3666.780273,2707.879883,6916.75
2019-02-11,3648.430664,2709.800049,6914.25
2019-02-12,3653.528564,2744.72998,7018.5
2019-02-13,3632.070557,2753.030029,7016.25
2019-02-14,3616.880859,2745.72998,7019.75
2019-02-15,3620.810791,2775.600098,7063.75
2019-02-19,3947.094482,2779.76001,7068.25
2019-02-20,3999.820557,2784.699951,7073.25
2019-02-21,3954.118164,2774.879883,7034.5
2019-02-22,4005.526611,2792.669922,7088.25
2019-02-25,3882.696289,2796.110107,7125.75
2019-02-26,3854.35791,2793.899902,7117.75
2019-02-27,3851.047363,2792.379883,7121.75
2019-02-28,3854.7854,2784.48999,7102.5
2019-03-01,3859.58374,2803.689941,7156.0
2019-03-04,3761.557129,2792.810059,7145.75
2019-03-05,3896.375,2789.649902,7165.5
2019-03-06,3903.942627,2771.449951,7111.25
2019-03-07,3911.484375,2748.929932,7027.5
2019-03-08,3901.131592,2743.070068,7026.75
2019-03-11,3905.227295,2783.300049,7164.75
2019-03-12,3909.15625,2791.52002,7206.5
2019-03-13,3906.717285,2810.919922,7267.75
2019-03-14,3924.369141,2808.47998,7239.75
2019-03-15,3960.911133,2822.47998,7270.350098
2019-03-18,4032.507324,2832.939941,7360.75
2019-03-19,4071.190186,2832.570068,7376.5
2019-03-20,4087.476318,2824.22998,7409.5
2019-03-21,4029.326904,2854.879883,7534.5
2019-03-22,4023.968262,2800.709961,7368.75
2019-03-25,3963.070557,2798.360107,7355.25
2019-03-26,3985.080811,2818.459961,7376.75
2019-03-27,4087.066162,2805.370117,7334.5
2019-03-28,4069.107178,2815.439941,7352.0
2019-03-29,4098.374512,2834.399902,7400.5
2019-04-01,4158.183105,2867.189941,7498.5
2019-04-02,4879.87793,2867.23999,7519.25
2019-04-03,4973.021973,2873.399902,7582.25
2019-04-04,4922.798828,2879.389893,7561.5
2019-04-05,5036.681152,2892.73999,7604.25
2019-04-08,5289.770996,2895.77002,7623.5
2019-04-09,5204.958496,2878.199951,7593.25
2019-04-10,5324.551758,2888.209961,7641.25
2019-04-11,5064.487793,2888.320068,7617.25
2019-04-12,5089.539063,2907.409912,7652.25
2019-04-15,5067.108398,2905.580078,7647.75
2019-04-16,5235.55957,2907.060059,7679.5
2019-04-17,5251.937988,2900.449951,7689.75
2019-04-18,5298.385742,2905.030029,7712.5
2019-04-22,5399.365234,2907.969971,7734.75
2019-04-23,5572.362305,2933.679932,7838.0
2019-04-24,5464.866699,2927.25,7847.75
2019-04-25,5210.515625,2926.169922,7798.5
2019-04-26,5279.348145,2939.879883,7840.25
2019-04-29,5247.352539,2943.030029,7813.75
2019-04-30,5350.726563,2945.830078,7800.0
2019-05-01,5402.697266,2923.72998,7756.5
2019-05-02,5505.283691,2917.52002,7734.25
2019-05-03,5768.289551,2945.639893,7865.0
2019-05-06,5746.807129,2932.469971,7803.5
2019-05-07,5829.501465,2884.050049,7674.0
2019-05-08,5982.45752,2879.419922,7647.5
2019-05-09,6174.528809,2870.719971,7595.25
2019-05-10,6378.849121,2881.399902,7610.25
2019-05-13,7814.915039,2811.870117,7314.75
2019-05-14,7994.416016,2834.409912,7421.0
2019-05-15,8205.167969,2850.959961,7529.25
2019-05-16,7884.90918,2876.320068,7600.25
2019-05-17,7343.895508,2859.530029,7511.5
2019-05-20,7978.309082,2840.22998,7391.75
2019-05-21,7963.327637,2864.360107,7464.0
2019-05-22,7680.066406,2856.27002,7430.0
2019-05-23,7881.84668,2822.23999,7311.0
2019-05-24,7987.371582,2826.060059,7315.5
2019-05-28,8719.961914,2802.389893,7295.25
2019-05-29,8659.487305,2783.02002,7216.0
2019-05-30,8319.472656,2788.860107,7255.25
2019-05-31,8574.501953,2752.060059,7133.5
2019-06-03,8208.995117,2744.449951,6993.75
2019-06-04,7707.770996,2803.27002,7179.25
2019-06-05,7824.231445,2826.149902,7228.5
2019-06-06,7822.023438,2843.48999,7282.25
2019-06-07,8043.951172,2873.340088,7419.5
2019-06-10,8000.32959,2886.72998,7515.5
2019-06-11,7927.714355,2885.719971,7518.25
2019-06-12,8145.857422,2879.840088,7473.25
2019-06-13,8230.923828,2891.639893,7522.75
2019-06-14,8693.833008,2886.97998,7478.25
2019-06-17,9320.352539,2889.669922,7534.25
2019-06-18,9081.762695,2917.75,7645.25
2019-06-19,9273.521484,2926.459961,7674.25
2019-06-20,9527.160156,2954.179932,7745.25
2019-06-21,10144.556641,2950.459961,7723.609863
2019-06-24,11011.102539,2945.350098,7758.75
2019-06-25,11790.916992,2917.379883,7628.75
2019-06-26,13016.231445,2913.780029,7650.0
2019-06-27,11182.806641,2924.919922,7690.5
2019-06-28,12407.332031,2941.76001,7693.75
2019-07-01,10583.134766,2964.330078,7790.0
2019-07-02,10801.677734,2973.01001,7838.25
2019-07-05,10978.459961,2990.409912,7851.5
2019-07-08,12285.958008,2975.949951,7801.0
2019-07-09,12573.8125,2979.629883,7845.25
2019-07-10,12156.512695,2993.070068,7928.75
2019-07-11,11358.662109,2999.909912,7918.75
2019-07-12,11815.986328,3013.77002,7960.0
2019-07-15,10895.089844,3014.300049,7986.75
2019-07-16,9477.641602,3004.040039,7942.75
2019-07-17,9693.802734,2984.419922,7885.5
2019-07-18,10666.482422,2995.110107,7933.5
2019-07-19,10530.732422,2976.610107,7842.75
2019-07-22,10343.106445,2985.030029,7924.75
2019-07-23,9900.767578,3005.469971,7983.75
2019-07-24,9811.925781,3019.560059,8038.0
2019-07-25,9911.841797,3003.669922,7981.75
2019-07-26,9870.303711,3025.860107,8019.75
2019-07-29,9519.145508,3020.969971,8001.25
2019-07-30,9607.423828,3013.179932,7963.25
2019-07-31,10085.62793,2980.379883,7866.75
2019-08-01,10399.668945,2953.560059,7808.25
2019-08-02,10518.174805,2932.050049,7702.25
2019-08-05,11805.65332,2844.73999,7385.25
2019-08-06,11478.168945,2881.77002,7515.5
2019-08-07,11941.96875,2883.97998,7553.25
2019-08-08,11966.407227,2938.090088,7735.75
2019-08-09,11862.936523,2918.649902,7660.25
2019-08-12,11382.616211,2882.699951,7566.75
2019-08-13,10895.830078,2926.320068,7748.0
2019-08-14,10051.704102,2840.600098,7488.75
2019-08-15,10311.545898,2847.600098,7496.25
2019-08-16,10374.338867,2888.679932,7611.75
2019-08-19,10916.053711,2923.649902,7727.5
2019-08-20,10763.232422,2900.51001,7668.0
2019-08-21,10138.049805,2924.429932,7750.25
2019-08-22,10131.055664,2922.949951,7711.25
2019-08-23,10407.964844,2847.110107,7504.5
2019-08-26,10370.820313,2878.379883,7590.5
2019-08-27,10185.5,2869.159912,7562.75
2019-08-28,9754.422852,2887.939941,7599.25
2019-08-29,9510.200195,2924.580078,7712.0
2019-08-30,9598.173828,2926.459961,7690.75
2019-09-03,10623.540039,2906.27002,7617.5
2019-09-04,10594.493164,2937.780029,7722.75
2019-09-05,10575.533203,2976.0,7855.5
2019-09-06,10353.302734,2978.709961,7857.75
2019-09-09,10334.974609,2978.429932,7830.75
2019-09-10,10115.975586,2979.389893,7815.0
2019-09-11,10178.37207,3000.929932,7889.75
2019-09-12,10410.126953,3009.570068,7921.5
2019-09-13,10360.546875,3007.389893,7886.0
2019-09-16,10276.793945,2997.959961,7856.5
2019-09-17,10241.272461,3005.699951,7890.25
2019-09-18,10198.248047,3006.72998,7894.25
2019-09-19,10266.415039,3006.790039,7896.25
2019-09-20,10181.641602,2992.070068,7899.47998
2019-09-23,9729.324219,2991.780029,7850.5
2019-09-24,8620.566406,2966.600098,7735.25
2019-09-25,8486.993164,2984.870117,7820.25
2019-09-26,8118.967773,2977.620117,7787.25
2019-09-27,8251.845703,2961.790039,7701.25
2019-09-30,8293.868164,2976.73999,7770.5
2019-10-01,8343.276367,2940.25,7695.5
2019-10-02,8393.041992,2887.610107,7546.25
2019-10-03,8259.992188,2910.629883,7658.5
2019-10-04,8205.939453,2952.01001,7767.25
2019-10-07,8245.623047,2938.790039,7740.0
2019-10-08,8228.783203,2893.060059,7622.0
2019-10-09,8595.740234,2919.399902,7699.75
2019-10-10,8586.473633,2938.129883,7760.25
2019-10-11,8321.756836,2970.27002,7859.0
2019-10-14,8374.686523,2966.149902,7857.5
2019-10-15,8205.369141,2995.679932,7959.75
2019-10-16,8047.526855,2989.689941,7948.5
2019-10-17,8103.911133,2997.949951,7952.75
2019-10-18,7973.20752,2986.199951,7880.75
2019-10-21,8243.720703,3006.719971,7948.25
2019-10-22,8078.203125,2995.98999,7858.75
2019-10-23,7514.671875,3004.52002,7901.5
2019-10-24,7493.48877,3010.290039,7928.25
2019-10-25,8660.700195,3022.550049,8035.75
2019-10-28,9256.148438,3039.419922,8094.75
2019-10-29,9427.6875,3036.889893,8055.25
2019-10-30,9205.726563,3046.77002,8111.25
2019-10-31,9199.584961,3037.560059,8090.25
2019-11-01,9261.104492,3066.909912,8160.25
2019-11-04,9412.612305,3078.27002,8215.75
2019-11-05,9342.527344,3074.620117,8210.75
2019-11-06,9360.879883,3076.780029,8207.25
2019-11-07,9267.561523,3085.179932,8230.5
2019-11-08,8804.880859,3093.080078,8257.25
2019-11-11,8757.788086,3087.01001,8249.75
2019-11-12,8815.662109,3091.840088,8275.0
2019-11-13,8808.262695,3094.040039,8265.75
2019-11-14,8708.094727,3096.629883,8265.5
2019-11-15,8491.992188,3120.459961,8318.75
2019-11-18,8309.286133,3122.030029,8333.5
2019-11-19,8206.145508,3120.179932,8341.5
2019-11-20,8027.268066,3108.459961,8291.75
2019-11-21,7642.75,3103.540039,8274.5
2019-11-22,7296.577637,3110.290039,8280.5
2019-11-25,7146.133789,3133.639893,8376.5
2019-11-26,7218.371094,3140.52002,8400.75
2019-11-27,7531.663574,3153.629883,8454.75
2019-12-02,7321.988281,3113.870117,8316.0
2019-12-03,7320.145508,3093.199951,8251.25
2019-12-04,7252.034668,3112.76001,8295.25
2019-12-05,7448.307617,3117.429932,8309.25
2019-12-06,7546.996582,3145.909912,8400.25
2019-12-09,7400.899414,3135.959961,8356.0
2019-12-10,7278.119629,3132.52002,8363.75
2019-12-11,7217.427246,3141.629883,8405.5
2019-12-12,7243.134277,3168.570068,8465.25
2019-12-13,7269.68457,3168.800049,8494.0
2019-12-16,6932.480469,3191.449951,8576.0
2019-12-17,6640.515137,3192.52002,8576.25
2019-12-18,7276.802734,3191.139893,8590.25
2019-12-19,7202.844238,3205.370117,8642.5
2019-12-20,7218.816406,3221.219971,8707.459961
2019-12-23,7355.628418,3224.01001,8726.5
2019-12-26,7238.966797,3239.909912,8804.25
2019-12-27,7290.088379,3240.02002,8783.25
2019-12-30,7292.995117,3221.290039,8733.75
2019-12-31,7193.599121,3230.780029,8752.25
2020-01-02,6985.470215,3257.850098,8891.75
2020-01-03,7344.884277,3234.850098,8810.0
2020-01-06,7769.219238,3246.280029,8847.5
2020-01-07,8163.692383,3237.179932,8853.0
2020-01-08,8079.862793,3253.050049,8944.5
2020-01-09,7879.071289,3274.699951,9009.0
2020-01-10,8166.554199,3265.350098,8978.25
2020-01-13,8144.194336,3288.129883,9088.25
2020-01-14,8827.764648,3283.149902,9062.5
2020-01-15,8807.010742,3289.290039,9060.0
2020-01-16,8723.786133,3316.810059,9133.5
2020-01-17,8929.038086,3329.620117,9174.5
2020-01-21,8745.894531,3320.790039,9169.75
2020-01-22,8680.875977,3321.75,9195.75
2020-01-23,8406.515625,3325.540039,9248.25
2020-01-24,8445.43457,3295.469971,9144.5
2020-01-27,8909.819336,3243.629883,8954.5
2020-01-28,9358.589844,3276.23999,9105.25
2020-01-29,9316.629883,3273.399902,9098.5
2020-01-30,9508.993164,3283.659912,9216.25
2020-01-31,9350.529297,3225.52002,8997.75
2020-02-03,9293.521484,3248.919922,9114.25
2020-02-04,9180.962891,3297.590088,9355.0
2020-02-05,9613.423828,3334.689941,9381.5
2020-02-06,9729.801758,3345.780029,9455.5
2020-02-07,9795.943359,3327.709961,9409.5
2020-02-10,9856.611328,3352.090088,9527.5
2020-02-11,10208.236328,3357.75,9527.25
2020-02-12,10326.054688,3379.449951,9625.75
2020-02-13,10214.379883,3373.939941,9613.0
2020-02-14,10312.116211,3380.159912,9632.25
2020-02-18,10141.996094,3370.290039,9636.0
2020-02-19,9633.386719,3386.149902,9733.5
2020-02-20,9608.475586,3373.22998,9624.25
2020-02-21,9686.441406,3337.75,9458.0
2020-02-24,9650.174805,3225.889893,9091.0
2020-02-25,9341.705078,3128.209961,8854.25
2020-02-26,8820.522461,3116.389893,8850.25
2020-02-27,8784.494141,2978.76001,8382.75
2020-02-28,8672.455078,2954.219971,8454.0
2020-03-02,8869.669922,3090.22998,8791.25
2020-03-03,8787.786133,3003.370117,8582.5
2020-03-04,8755.246094,3130.120117,8896.5
2020-03-05,9078.762695,3023.939941,8648.75
2020-03-06,9122.545898,2972.370117,8503.25
2020-03-09,7923.644531,2746.560059,7951.5
2020-03-10,7909.729492,2882.22998,8331.5
2020-03-11,7911.430176,2741.379883,8003.5
2020-03-12,4970.788086,2480.639893,7215.25
2020-03-13,5563.707031,2711.02002,7915.75
2020-03-16,5014.47998,2386.129883,7057.5
2020-03-17,5225.629395,2529.189941,7405.25
2020-03-18,5238.438477,2398.100098,7225.25
2020-03-19,6191.192871,2409.389893,7293.5
2020-03-20,6198.77832,2304.919922,7417.97998
2020-03-23,6416.314941,2237.399902,6984.5
2020-03-24,6734.803711,2447.330078,7554.75
2020-03-25,6681.062988,2475.560059,7467.75
2020-03-26,6716.44043,2630.070068,7844.0
2020-03-27,6469.79834,2541.469971,7568.5
2020-03-30,6429.841797,2626.649902,7854.75
2020-03-31,6438.644531,2584.590088,7786.25
2020-04-01,6606.776367,2470.5,7438.75
2020-04-02,6793.624512,2526.899902,7627.25
2020-04-03,6733.387207,2488.649902,7522.75
2020-04-06,7271.78125,2663.679932,8029.75
2020-04-07,7176.414551,2659.409912,8012.0
2020-04-08,7334.098633,2749.97998,8189.75
2020-04-09,7302.089355,2789.820068,8227.5
2020-04-13,6845.037598,2761.629883,8327.25
2020-04-14,6842.427734,2846.060059,8692.5
2020-04-15,6642.109863,2783.360107,8594.0
2020-04-16,7116.804199,2799.550049,8734.25
2020-04-20,6881.958496,2823.159912,8692.0
2020-04-21,6880.323242,2736.560059,8431.75
2020-04-22,7117.20752,2799.310059,8638.0
2020-04-23,7429.724609,2797.800049,8598.75
2020-04-24,7550.900879,2836.73999,8769.0
2020-04-27,7795.601074,2878.47998,8824.25
2020-04-28,7807.058594,2863.389893,8719.75
2020-04-29,8801.038086,2939.51001,9036.5
2020-04-30,8658.553711,2912.429932,8988.5
2020-05-01,8864.766602,2830.709961,8718.0
2020-05-04,8912.654297,2842.73999,8795.5
2020-05-05,9003.070313,2868.439941,8924.25
2020-05-06,9268.761719,2848.419922,8952.0
2020-05-07,9951.518555,2881.189941,9107.75
2020-05-08,9842.666016,2929.800049,9218.25
2020-05-11,8601.795898,2930.189941,9279.0
2020-05-12,8804.477539,2870.120117,9078.25
2020-05-13,9269.987305,2820.0,8992.25
2020-05-14,9733.72168,2852.5,9079.5
2020-05-15,9328.197266,2863.699951,9096.5
2020-05-18,9726.575195,2953.909912,9325.5
2020-05-19,9729.038086,2922.939941,9300.75
2020-05-20,9522.981445,2971.610107,9485.5
2020-05-21,9081.761719,2948.51001,9355.75
2020-05-22,9182.577148,2955.449951,9406.25
2020-05-26,8835.052734,2991.77002,9406.5
2020-05-27,9181.017578,3036.129883,9432.5
2020-05-28,9525.750977,3029.72998,9460.25
2020-05-29,9439.124023,3044.310059,9560.25
2020-06-01,10167.268555,3055.72998,9595.0
2020-06-02,9529.803711,3080.820068,9647.75
2020-06-03,9656.717773,3122.870117,9684.75
2020-06-04,9800.636719,3112.350098,9626.25
2020-06-05,9665.533203,3193.929932,9808.5
2020-06-08,9771.489258,3232.389893,9884.75
2020-06-09,9795.700195,3207.179932,9951.0
2020-06-10,9870.094727,3190.139893,10087.25
2020-06-11,9321.78125,3002.100098,9616.75
2020-06-12,9480.84375,3041.310059,9645.0
2020-06-15,9450.702148,3066.590088,9800.5
2020-06-16,9538.024414,3124.73999,9972.5
2020-06-17,9480.254883,3113.48999,9994.5
2020-06-18,9411.84082,3115.340088,9995.75
2020-06-19,9288.018555,3097.73999,10120.839844
2020-06-22,9648.717773,3117.860107,10124.75
2020-06-23,9629.658203,3131.290039,10196.0
2020-06-24,9313.610352,3050.330078,10010.75
2020-06-25,9264.813477,3083.76001,10088.25
2020-06-26,9162.917969,3009.050049,9865.5
2020-06-29,9190.854492,3053.23999,9973.75
2020-06-30,9137.993164,3100.290039,10147.25
2020-07-01,9228.325195,3115.860107,10268.75
2020-07-02,9123.410156,3130.01001,10355.75
2020-07-06,9375.474609,3179.719971,10598.5
2020-07-07,9252.277344,3145.320068,10532.25
2020-07-08,9428.333008,3169.939941,10662.25
2020-07-09,9277.967773,3152.050049,10727.5
2020-07-10,9278.807617,3185.040039,10837.25
2020-07-13,9243.614258,3155.219971,10600.0
2020-07-14,9243.213867,3197.52002,10646.25
2020-07-15,9192.836914,3226.560059,10683.25
2020-07-16,9132.227539,3215.570068,10511.75
2020-07-17,9151.392578,3224.72998,10622.5
2020-07-20,9164.231445,3251.840088,10951.0
2020-07-21,9374.887695,3257.300049,10851.0
2020-07-22,9525.363281,3276.02002,10804.25
2020-07-23,9581.072266,3235.659912,10548.25
2020-07-24,9536.892578,3215.629883,10459.0
2020-07-27,10990.873047,3239.409912,10675.25
2020-07-28,10912.823242,3218.439941,10540.0
2020-07-29,11100.467773,3258.439941,10674.25
2020-07-30,11111.213867,3246.219971,10794.0
2020-07-31,11323.466797,3271.120117,10890.5
2020-08-03,11246.348633,3294.610107,11044.25
2020-08-04,11205.892578,3306.51001,11086.0
2020-08-05,11747.022461,3327.77002,11091.75
2020-08-06,11779.773438,3349.159912,11261.25
2020-08-07,11601.472656,3351.280029,11122.75
2020-08-10,11878.111328,3360.469971,11072.0
2020-08-11,11410.525391,3333.689941,10878.5
2020-08-12,11584.93457,3380.350098,11126.0
2020-08-13,11784.137695,3373.429932,11175.25
2020-08-14,11768.871094,3372.850098,11133.75
2020-08-17,12254.402344,3381.98999,11286.75
2020-08-18,11991.233398,3389.780029,11409.25
2020-08-19,11758.283203,3374.850098,11332.0
2020-08-20,11878.37207,3385.51001,11477.25
2020-08-21,11592.489258,3397.159912,11562.0
2020-08-24,11774.595703,3431.280029,11636.25
2020-08-25,11366.134766,3443.620117,11726.25
2020-08-26,11488.363281,3478.72998,11991.25
2020-08-27,11323.397461,3484.550049,11952.75
2020-08-28,11542.5,3508.01001,11991.75
2020-08-31,11680.820313,3500.310059,12114.0
2020-09-01,11970.478516,3526.649902,12312.5
2020-09-02,11414.03418,3580.840088,12411.5
2020-09-03,10245.296875,3455.060059,11800.5
2020-09-04,10511.813477,3426.959961,11548.75
2020-09-08,10131.516602,3331.840088,11060.5
2020-09-09,10242.347656,3398.959961,11392.75
2020-09-10,10363.138672,3339.189941,11178.25
2020-09-11,10400.915039,3340.969971,11061.5
2020-09-14,10680.837891,3383.540039,11280.5
2020-09-15,10796.951172,3401.199951,11464.25
2020-09-16,10974.905273,3385.48999,11268.75
2020-09-17,10948.990234,3357.01001,11090.0
2020-09-18,10944.585938,3319.469971,11144.80957
2020-09-21,10462.259766,3281.060059,10989.0
2020-09-22,10538.459961,3315.570068,11149.5
2020-09-23,10225.864258,3236.919922,10829.0
2020-09-24,10745.548828,3246.590088,10891.75
2020-09-25,10702.290039,3298.459961,11136.5
2020-09-28,10721.327148,3351.600098,11394.75
2020-09-29,10848.830078,3335.469971,11337.75
2020-09-30,10787.618164,3363.0,11407.25
2020-10-01,10623.330078,3380.800049,11574.75
2020-10-02,10585.164063,3348.419922,11233.25
2020-10-05,10804.000977,3408.600098,11469.25
2020-10-06,10621.664063,3360.969971,11273.75
2020-10-07,10679.136719,3419.439941,11470.0
2020-10-08,10923.62793,3446.830078,11539.0
2020-10-14,11429.506836,3488.669922,11974.25
2020-10-15,11495.349609,3483.340088,11874.0
2020-10-16,11322.123047,3483.810059,11798.0
2020-10-19,11742.037109,3426.919922,11650.25
2020-10-20,11916.334961,3443.120117,11660.75
2020-10-21,12823.689453,3435.560059,11691.25
2020-10-22,12965.891602,3453.48999,11649.75
2020-10-23,12931.539063,3465.389893,11663.5
2020-10-26,13075.248047,3400.969971,11492.25
2020-10-27,13654.21875,3390.679932,11588.0
2020-10-28,13271.285156,3271.030029,11132.75
2020-10-29,13437.882813,3310.110107,11342.75
2020-10-30,13546.522461,3269.959961,11046.25
2020-11-02,13550.489258,3310.23999,11063.25
2020-11-03,13950.300781,3369.159912,11265.75
2020-11-04,14133.707031,3443.439941,11763.0
2020-11-05,15579.848633,3510.449951,12076.5
2020-11-06,15565.880859,3509.439941,12075.0
2020-11-09,15332.31543,3550.5,11820.5
2020-11-10,15290.902344,3545.530029,11618.25
2020-11-11,15701.339844,3572.659912,11886.0
2020-11-12,16276.34375,3537.01001,11820.0
2020-11-13,16317.808594,3585.149902,11933.5
2020-11-16,16716.111328,3626.909912,12005.0
2020-11-17,17645.40625,3609.530029,11975.0
2020-11-18,17804.005859,3567.790039,11897.0
2020-11-19,17817.089844,3581.870117,11987.25
2020-11-20,18621.314453,3557.540039,11905.75
2020-11-23,18364.121094,3577.590088,11905.25
2020-11-24,19107.464844,3635.409912,12076.0
2020-11-25,18732.121094,3629.649902,12152.25
2020-11-30,19625.835938,3621.629883,12277.0
2020-12-01,18802.998047,3662.449951,12452.25
2020-12-02,19201.091797,3669.01001,12454.25
2020-12-03,19445.398438,3666.719971,12462.25
2020-12-04,18699.765625,3699.120117,12526.0
2020-12-07,19191.630859,3691.959961,12596.0
2020-12-08,18321.144531,3702.25,12637.5
2020-12-09,18553.916016,3672.820068,12367.0
2020-12-10,18264.992188,3668.100098,12402.0
2020-12-11,18058.904297,3663.459961,12368.0
2020-12-14,19246.644531,3647.48999,12456.5
2020-12-15,19417.076172,3694.620117,12591.75
2020-12-16,21310.597656,3701.169922,12665.25
2020-12-17,22805.162109,3722.47998,12751.0
2020-12-18,23137.960938,3709.409912,12800.05957
2020-12-21,22803.082031,3694.919922,12683.5
2020-12-22,23783.029297,3687.26001,12710.0
2020-12-23,23241.345703,3690.01001,12651.25
2020-12-28,27084.808594,3735.360107,12832.75
2020-12-29,27362.4375,3727.040039,12841.0
2020-12-30,28840.953125,3732.040039,12841.5
2020-12-31,29001.720703,3756.070068,12885.5
2021-01-04,31971.914063,3700.649902,12685.5
2021-01-05,33992.429688,3726.860107,12793.5
2021-01-06,36824.363281,3748.139893,12616.75
2021-01-07,39371.042969,3803.790039,12928.0
2021-01-08,40797.609375,3824.679932,13097.25
2021-01-11,35566.65625,3799.610107,12897.0
2021-01-12,33922.960938,3801.189941,12890.25
2021-01-13,37316.359375,3809.840088,12972.25
2021-01-14,39187.328125,3795.540039,12901.0
2021-01-15,36825.367188,3768.25,12802.25
2021-01-19,36069.804688,3798.909912,12985.5
2021-01-20,35547.75,3851.850098,13294.25
2021-01-21,30825.699219,3853.070068,13395.5
2021-01-22,33005.761719,3841.469971,13361.5
2021-01-25,32366.392578,3855.360107,13475.5
2021-01-26,32569.849609,3849.620117,13485.5
2021-01-27,30432.546875,3750.77002,13105.5
2021-01-28,31649.605469,3787.379883,13186.0
2021-01-29,34316.386719,3714.23999,12911.25
2021-02-01,33537.175781,3773.860107,13236.5
2021-02-02,35510.289063,3826.310059,13449.0
2021-02-03,37472.089844,3830.169922,13394.25
2021-02-04,36926.066406,3871.73999,13547.5
2021-02-05,38144.308594,3886.830078,13598.0
2021-02-08,46196.464844,3915.590088,13683.0
2021-02-09,46481.105469,3911.22998,13680.25
2021-02-10,44918.183594,3909.879883,13643.5
2021-02-11,47909.332031,3916.379883,13729.0
2021-02-12,47504.851563,3934.830078,13804.75
2021-02-16,49199.871094,3932.590088,13767.75
2021-02-17,52149.007813,3931.330078,13699.75
2021-02-18,51679.796875,3913.969971,13633.0
2021-02-19,55888.132813,3906.709961,13576.0
2021-02-22,54207.320313,3876.5,13224.25
2021-02-23,48824.425781,3881.370117,13192.0
2021-02-24,49705.332031,3925.429932,13302.0
2021-02-25,47093.851563,3829.340088,12831.75
2021-02-26,46339.761719,3811.149902,12911.0
2021-03-01,49631.242188,3901.820068,13279.75
2021-03-02,48378.988281,3870.290039,13055.25
2021-03-03,50538.242188,3819.719971,12681.75
2021-03-04,48561.167969,3768.469971,12455.0
2021-03-05,48927.304688,3841.939941,12663.75
2021-03-08,52246.523438,3821.350098,12297.25
2021-03-09,54824.117188,3875.439941,12788.75
2021-03-10,56008.550781,3898.810059,12749.25
2021-03-11,57805.121094,3939.340088,13048.25
2021-03-12,57332.089844,3943.340088,12933.5
2021-03-15,55907.199219,3968.939941,13078.5
2021-03-16,56804.902344,3962.709961,13151.5
2021-03-17,58870.894531,3974.120117,13201.5
2021-03-18,57858.921875,3915.459961,12795.5
2021-03-19,58346.652344,3913.100098,12808.759766
2021-03-22,54529.144531,3940.590088,13071.75
2021-03-23,54738.945313,3910.52002,13006.25
2021-03-24,52774.265625,3889.139893,12794.0
2021-03-25,51704.160156,3909.52002,12770.5
2021-03-26,55137.3125,3974.540039,12966.75
2021-03-29,57750.199219,3971.090088,12944.5
2021-03-30,58917.691406,3958.550049,12878.25
2021-03-31,58918.832031,3972.889893,13089.75
2021-04-01,59095.808594,4019.870117,13316.0
2021-04-05,59057.878906,4077.909912,13585.5
2021-04-06,58192.359375,4073.939941,13570.0
2021-04-07,56048.9375,4079.949951,13604.75
2021-04-08,58323.953125,4097.169922,13747.75
2021-04-09,58245.003906,4128.799805,13829.5
2021-04-12,59893.453125,4127.990234,13808.75
2021-04-13,63503.457031,4141.589844,13975.75
2021-04-14,63109.695313,4124.660156,13798.75
2021-04-15,63314.011719,4170.419922,14014.0
2021-04-16,61572.789063,4185.470215,14029.5
