date,gold returns,bitcoin returns
2014-09-17,-0.0006476093197319566,
2014-09-18,-0.0070480175233696984,-0.07192557719547721
2014-09-19,-0.008484867761898163,-0.0698426440964911
2014-09-22,0.0012342630951378553,0.008352102529883387
2014-09-23,0.003451636120044288,0.08364741771971951
2014-09-24,-0.001965621621621616,-0.0288808131265037
2014-09-25,0.0021335754564302256,-0.027483092962701794
2014-09-26,-0.005813933249985914,-0.017369942982672137
2014-09-29,0.0028004481238865786,-0.004544210869582455
2014-09-30,-0.005749486652977365,0.03056723944934614
2014-10-01,0.0033870103263113904,-0.008603337950711332
2014-10-02,-0.0003293471166674333,-0.022269721524698416
2014-10-03,-0.018118926773041832,-0.04148536380579804
2014-10-06,0.0121623893608096,0.029855541797274787
2014-10-07,0.0041435321148861615,0.018504666503937894
2014-10-08,-0.00528175477329873,0.04983235342833536
2014-10-09,0.016012549751418748,0.03424377778521115
2014-10-10,-0.002939715883188865,-0.009489704816945443
2014-10-13,0.006797746928746795,0.031343339053129915
2014-10-14,0.003497866125929061,0.02678181103448707
2014-10-15,0.008511673317347812,-0.01520938228365043
2014-10-16,-0.0028936388308393735,-0.030946923144517968
2014-10-17,-0.0017734389359129743,0.003142013195453819
2014-10-20,0.004603045121901683,-0.017202048466729125
2014-10-21,0.00562700964630225,0.009481657042715197
2014-10-22,-0.004955996003197516,-0.008582743899355871
2014-10-23,-0.013094511856016067,-0.06457126993489026
2014-10-24,0.0021977623117623857,-0.0002008582227037703
2014-10-27,-0.0017056327839312102,-0.0048350059532734635
2014-10-28,8.13400064698655e-05,0.01311371407156603
2014-10-29,-0.003986253006285856,-0.06159367627599721
2014-10-30,-0.021400042433552202,0.028945919029897293
2014-10-31,-0.02253568194712996,-0.020225537254250026
2014-11-03,-0.001451585718416859,0.005099812239022894
2014-11-04,-0.001710278740339799,0.008969568759880753
2014-11-05,-0.018845296854302584,0.02721393525756821
2014-11-06,-0.002706456203112606,0.028879003054712138
2014-11-07,0.023899085904705242,-0.01968278457114414
2014-11-10,-0.008549931775990394,0.010075325161308157
2014-11-11,0.0027596352761565246,0.0021012416110319787
2014-11-12,-0.003353994526706372,0.15193569925196204
2014-11-13,0.0018983104275092089,-0.006672049519761636
2014-11-14,0.020583950128339357,-0.054468947953068336
2014-11-17,-0.0016877637130802148,-0.0012220185866892441
2014-11-18,0.011580685545224068,-0.031517140366671303
2014-11-19,-0.002590436305616617,0.014277781407564971
2014-11-20,-0.0024296456587730164,-0.05968913144702859
2014-11-21,0.005710967733129513,-0.019539470372674672
2014-11-24,-0.001670146137787043,0.0253772802973955
2014-11-25,0.0013383320786282127,-0.004120469290024631
2014-11-26,-0.0004176760588290307,-0.0185907401897063
2014-12-01,0.01788402509545106,0.0031689128851883908
2014-12-02,-0.015435179802955612,0.00545823155820413
2014-12-03,0.007755211290864983,-0.016534864788771086
2014-12-04,-0.0008274720728175256,-0.014415631198751333
2014-12-05,-0.014409957763975134,0.01961558836359356
2014-12-08,0.0038652004812747,-0.03515377161744693
2014-12-09,0.03080275425574186,-0.02677469496565177
2014-12-10,-0.0021112269589930177,-0.016620352961430718
2014-12-11,-0.003092235272020849,0.01195565983732938
2014-12-12,-0.002530386140502161,0.005808687812179469
2014-12-15,-0.01211133306055645,-0.01787945407890623
2014-12-16,-0.01101716993028612,-0.05294122963140868
2014-12-17,0.00033505736825412136,-0.022277154584372738
2014-12-18,0.0003348421532218815,-0.026205859644858
2014-12-19,0.0010044974045537725,0.02070351283514893
2014-12-22,-0.013546343904078717,0.034418701506478744
2014-12-23,-0.0015257498302634342,0.008093155822493925
2014-12-26,0.014772072880100406,0.02794918971247351
2014-12-29,-0.011377978283676815,-0.014402393143234327
2014-12-30,0.01565541234417811,-0.006182278183485268
2014-12-31,-0.013581009552965706,0.030430856319009214
2015-01-02,0.0017737781547675358,0.002491718406238519
2015-01-05,0.015092768971332271,0.03890683672155859
2015-01-06,0.012791780623803595,0.04268162391585939
2015-01-07,-0.007135301115697712,0.028470734872247716
2015-01-08,-0.0018172410735286526,-0.037331381294270494
2015-01-09,0.006289288190216125,0.02491270844404858
2015-01-12,0.013733512335526443,0.008040299510045923
2015-01-13,0.001298043371139812,-0.15659307669244793
2015-01-14,8.099732320432373e-05,-0.21144861968905204
2015-01-15,0.024546278686721656,0.17821708525208035
2015-01-16,0.009646614590562264,-0.008325203722533092
2015-01-20,0.013548380198009857,-0.01650364715806585
2015-01-21,-0.0003863390657785626,0.07373826208515011
2015-01-22,0.00541083733874248,0.02868703823293761
2015-01-23,-0.006227397020944547,-0.002257902480881313
2015-01-26,-0.010211938917752184,0.07786199577592434
2015-01-27,0.009613824268616789,-0.03655931771134446
2015-01-28,-0.004490150360004219,-0.1121928544523878
2015-01-29,-0.024340965406187798,-0.0017185431119415284
2015-01-30,0.01904991587533722,-0.03035375760664294
2015-02-02,-0.0017990215095814444,0.049596443614190244
2015-02-03,-0.012929008488890004,-0.0460103464144106
2015-02-04,0.0032548211157308327,-0.0018260731421477772
2015-02-05,-0.0014243147097710018,-0.04294413178945122
2015-02-06,-0.022266225039619614,0.023743680375243326
2015-02-09,0.005592045437872395,-0.014779877337208203
2015-02-10,-0.007414629784560867,-0.0012311844022027119
2015-02-11,-0.010230575061329739,-0.0029749361356505855
2015-02-12,0.0009023593109105388,0.011766361856571983
2015-02-13,0.005245491456349338,0.06161051165705844
2015-02-17,-0.015002057888300113,0.04176733499170515
2015-02-18,-0.006953087630886534,-0.02990023796272634
2015-02-19,0.006168229809321746,0.016743823925529533
2015-02-20,-0.002236726082082141,0.014549518389783689
2015-02-23,-0.0034041638312023448,0.012352868873812595
2015-02-24,-0.0028326458895278073,-0.0006571881909581689
2015-02-25,0.0034254957956287857,-0.005298762203703955
2015-02-26,0.0071606794338050506,-0.004396370049284615
2015-02-27,0.0024801587793681357,0.0736044613029967
2015-03-02,-0.00404092453981697,0.05944618887550712
2015-03-03,-0.003063634304974805,0.021881172109931457
2015-03-04,-0.0028239401993356283,-0.03056416398270745
2015-03-05,-0.003914669410254867,0.011300217095329801
2015-03-06,-0.026590891681427142,-0.012510109014508775
2015-03-09,0.001975816551344156,0.055596021117300776
2015-03-10,-0.005401275609027256,0.007434264493507925
2015-03-11,-0.008102771480446913,0.015831463674545354
2015-03-12,0.0012166725120508204,-0.006832447689157917
2015-03-13,0.00043399011406619614,-0.030633175963184822
2015-03-16,0.0006073859227635481,0.014665099798788717
2015-03-17,-0.004335385231566957,-0.017508963490574625
2015-03-18,0.00269962106393673,-0.102295908963137
2015-03-19,0.015372547881760346,0.018060928061872206
2015-03-20,0.013429196238389007,0.0031464004310859384
2015-03-23,0.002700836316390065,-0.004552922230841583
2015-03-24,0.003114436868686843,-0.07927191194691119
2015-03-25,0.004699251682691363,0.0024512103159624044
2015-03-26,0.0065145967433264396,0.009484242062635095
2015-03-27,-0.004397914783461965,-0.006047474820525811
2015-03-30,-0.012502083170026657,0.019830021710786294
2015-03-31,-0.0014349028778609663,-0.013340020792401597
2015-04-01,0.021130927653742138,0.012480362341458662
2015-04-02,-0.005959731928676049,0.023185002468718574
2015-04-06,0.014738905526077373,-0.019593351279544646
2015-04-07,-0.006564910682387848,-0.00904924993269074
2015-04-08,-0.006195275193033756,-0.032222095843094434
2015-04-09,-0.007896268131917905,-0.005493416850404276
2015-04-10,0.009215817879674626,-0.031205326564892055
2015-04-13,-0.004399740250368378,-0.048976697310641804
2015-04-14,-0.005419828011697159,-0.02416884706143685
2015-04-15,0.00729372119601579,0.021326963820700318
2015-04-16,-0.0029130253849355414,0.021176525124694257
2015-04-17,0.004090170283806316,-0.024897927794603314
2015-04-20,-0.00781446821219789,0.009101531650452799
2015-04-21,0.007876015081692556,0.04738093394501752
2015-04-22,-0.013301188528366037,-0.004645754493525556
2015-04-23,0.006318982094822179,0.009761935675772326
2015-04-24,-0.016075077540353422,-0.02196547803963067
2015-04-27,0.023910908076612003,0.04491638478974935
2015-04-28,0.008892171997243903,-0.014963840246762672
2015-04-29,-0.00345959719934108,-0.00020808483687473345
2015-04-30,-0.022648391378929378,0.04577785129746448
2015-05-01,-0.006681346278457179,-0.017218272379796007
2015-05-04,0.01047258322690503,-0.005575004738140654
2015-05-05,0.005392569713316586,-0.012120438374506493
2015-05-06,-0.0024303571229362664,-0.026846421734226023
2015-05-07,-0.006637003003265418,0.032865942788085745
2015-05-08,0.00566640042625699,0.027509783680383038
2015-05-11,-0.004961756890994984,0.007748776347738184
2015-05-12,0.007944578591349005,-0.004319514442646666
2015-05-13,0.02163344668724032,-0.019638180596569188
2015-05-14,0.005745239545399183,0.0023352610547355823
2015-05-15,8.158641916256038e-05,0.0028531543084504563
2015-05-18,0.001876824969400115,-0.015515054640458659
2015-05-19,-0.01702233602044756,-0.005065886421213639
2015-05-20,0.0016571380895091803,0.008928759356350513
2015-05-21,-0.0037223921835243257,0.005666183676764636
2015-05-22,-8.300813517758687e-05,0.02126254813199102
2015-05-26,-0.014199200617984742,2.5287840979659748e-05
2015-05-27,-0.0010949520330632012,0.0007043303788567545
2015-05-28,0.0018550906109096044,0.0005267971045799236
2015-05-29,0.001094224413989986,-0.0013142438057217598
2015-06-01,-0.0009248150141285549,-0.031556570384842275
2015-06-02,0.004880860692449529,0.012905623680181444
2015-06-03,-0.007872058612284794,0.00031442895748323707
2015-06-04,-0.00827207512900452,-0.006862180012021213
2015-06-05,-0.0060430460932564545,0.0027994819368528656
2015-06-08,0.00462399535316349,0.025161413828384882
2015-06-09,0.003494798986741321,0.0024465335525694076
2015-06-10,0.0074746679977417685,-0.0010696884309019383
2015-06-11,-0.0052271748802396045,0.003942291069845005
2015-06-12,-0.000932261189614203,0.0012058640325125491
2015-06-15,0.0055140818881997955,0.014044518628451907
2015-06-16,-0.004049648866588318,0.05941993015391178
2015-06-17,-0.0034730842863193168,-0.006421040572015535
2015-06-18,0.02133625934030081,-0.0011111543594192197
2015-06-19,0.0,-0.01767420566210265
2015-06-22,-0.014814855597170107,0.012486492801626614
2015-06-23,-0.006336065143589753,-0.010907323962360271
2015-06-24,-0.003060682834529427,-0.015477150352909086
2015-06-25,-0.0009380658558021393,0.009496276778979684
2015-06-26,0.001195069568928675,0.0032743051375716536
2015-06-29,0.004774470019108801,0.03233990841898615
2015-06-30,-0.005939753924480318,0.023371596632970837
2015-07-01,-0.0021340162185232714,-0.01691928123203379
2015-07-02,-0.0051325919589392255,-0.01240811448097312
2015-07-06,0.008512488392089512,-0.010602637842309415
2015-07-07,-0.017478045511575502,-0.01049324614538616
2015-07-08,0.009458542843626239,0.01719715478106454
2015-07-09,-0.0036964229509801605,-0.005749974987536599
2015-07-10,-0.0011216988783433468,0.05818865487455205
2015-07-13,-0.002159454181405618,-0.06051789915921735
2015-07-14,-0.001644652078071407,-0.015716262129700898
2015-07-15,-0.005289254956062028,-0.005687595881792462
2015-07-16,-0.002963652497575908,-0.027079200253326108
2015-07-17,-0.010491344191225882,0.0049732138081886035
2015-07-20,-0.02217714871295251,0.019615128339150134
2015-07-21,-0.002981772066600552,-0.011283851356924779
2015-07-22,-0.010875475565514381,0.005035572102378705
2015-07-23,0.0023822392732510966,-0.004231172358137525
2015-07-24,-0.007678266910420506,0.04430011886548635
2015-07-27,0.010040552911729339,0.003204758628619686
2015-07-28,-0.00018235385316922592,0.0027348207883000075
2015-07-29,-0.0032838619347721476,-0.01642854074912614
2015-07-30,-0.003935139739015159,-0.006450537055154193
2015-07-31,0.005972068960557131,-0.010676942187786032
2015-08-03,-0.005023289688045551,-0.004907838717438828
2015-08-04,0.0011932503867835287,0.014191372599052343
2015-08-05,-0.0045842121799086755,-0.011696310022691558
2015-08-06,0.004144791565897421,-0.011724739887513547
2015-08-07,0.0035773483537790973,0.0036183712742741125
2015-08-10,0.009231309040811153,-0.002312509596993806
2015-08-11,0.003079175104944376,0.02236921003376846
2015-08-12,0.014084484776117456,-0.014830572617029025
2015-08-13,-0.006677350718652275,-0.008619469996034579
2015-08-14,-0.002509569887038543,0.006058793088322911
2015-08-17,0.0051217107350876034,-0.002054010230260972
2015-08-18,-0.0013409619454524124,-0.18178828897553367
2015-08-19,0.009846925285405206,0.07392972000837905
2015-08-20,0.02207253304648593,0.03822942850233546
2015-08-21,0.00572417692974847,-0.011816468787343104
2015-08-24,-0.0053466299830278174,-0.0774601744112432
2015-08-25,-0.013178492009464304,0.052799350407357615
2015-08-26,-0.011948669465370654,0.019051573330999494
2015-08-27,-0.0019562084714110917,-0.004702618454577534
2015-08-28,0.009533100295086916,0.02948359911042342
2015-08-31,-0.0013238019872661155,0.005660921173968436
2015-09-01,0.00627427991391194,-0.00841098689014852
2015-09-02,-0.005444762682702553,0.005098149621489023
2015-09-03,-0.007770462693156732,-0.00916329978319419
2015-09-04,-0.002758721309226164,0.013711435335000521
2015-09-08,-0.00017843298615238812,0.01567663969113653
2015-09-09,-0.0162442633078701,-0.02232692866639563
2015-09-10,0.00662316215254477,0.0012974287112350602
2015-09-11,-0.00540784136998651,0.00683499861967829
2015-09-14,0.003806027186225691,0.0005726556708918196
2015-09-15,-0.0044234921158717855,-0.0014741159727648112
2015-09-16,0.014871147326182443,-0.005266942800529084
2015-09-17,-0.001697553684042341,0.0031384689515721043
2015-09-18,0.018616241016561563,0.01377228156975141
2015-09-21,-0.004393287150020964,-0.017849414792067586
2015-09-22,-0.0071485095504052465,0.015558002030490847
2015-09-23,0.005866645333333365,-0.0014525796156862336
2015-09-24,0.019618304587168067,0.01843819086866616
2015-09-25,-0.006760312592082318,0.0026222342722834746
2015-09-28,-0.012216404886561949,0.027432016610765553
2015-09-29,-0.00432864310954062,-0.010265875590786067
2015-09-30,-0.010291878490821582,-0.002649059773440099
2015-10-01,-0.0011654406095921166,0.006307709957703134
2015-10-02,0.02055288638223951,-0.0010776597851838154
2015-10-05,0.0008794301478378674,0.008914638998972046
2015-10-06,0.007644383783028896,0.02362899246001593
2015-10-07,0.0019183387739809543,-0.012574056033226366
2015-10-08,-0.003742427328111364,-0.002736945933109469
2015-10-09,0.010133745519833592,0.006714701339166185
2015-10-12,0.007437494279653123,-0.0070512203151036346
2015-10-13,0.000772619951461051,0.01712132102141517
2015-10-14,0.012266191798727677,0.009943577118867175
2015-10-15,0.00660965016408066,0.009250439576730995
2015-10-16,-0.0036198736536098286,0.03361505490993477
2015-10-19,-0.008702202778686163,0.006856697735909245
2015-10-20,0.004005753689353186,0.02287454201765704
2015-10-21,-0.008828543293718183,-0.011842107621649722
2015-10-22,-0.0008564577085945491,0.029109357772022282
2015-10-23,-0.0028286705536499923,0.00902476036592681
2015-10-26,0.0031805646386593445,0.005710642413897515
2015-10-27,-0.0001713376178235082,0.02975116143362766
2015-10-28,0.008827499629287416,0.03686337502273829
2015-10-29,-0.025401432002068014,0.03032322340257143
2015-10-30,-0.0049685767463915065,0.04511638655978012
2015-11-02,-0.004993386771791508,0.10987888369577581
2015-11-03,-0.019017518108946585,0.11691385281547695
2015-11-04,-0.006910744335511199,0.02019249600671258
2015-11-05,-0.0018978544961589794,-0.0612518247146171
2015-11-06,-0.015211922885651874,-0.03075936285624714
2015-11-09,0.000275880844631482,0.01845090580081843
2015-11-10,0.00027569353192702373,-0.11423324292929682
2015-11-11,-0.0032163206741405714,-0.07640597769128221
2015-11-12,-0.0035953739985004063,0.08701184147954377
2015-11-13,0.0,-0.004137242917096717
2015-11-16,0.002683106836165683,0.03306104488270378
2015-11-17,-0.013841469667096096,0.013130684134243564
2015-11-18,9.366333357285761e-05,-0.0015040496368908807
2015-11-19,0.008607738190700598,-0.02522791805168023
2015-11-20,-0.0014842077922078145,-0.01265367719814503
2015-11-23,-0.008918594189849305,-0.00459123471508982
2015-11-24,0.007030370880682257,-0.00928660343377119
2015-11-25,-0.003537232455250394,0.02549634819670743
2015-11-27,-0.013358289584306293,0.015192076056528725
2015-11-30,0.009089280860987259,0.01623244087597775
2015-12-01,-0.0018765245900265182,-0.039311372676423484
2015-12-02,-0.009024344385981431,-0.009106494383964492
2015-12-03,0.00711439987536111,0.005175515644758377
2015-12-04,0.02147504007937928,0.005918980016922593
2015-12-07,-0.0074688575380359445,0.017369641094637345
2015-12-08,-9.28790391777623e-05,0.05063249980543505
2015-12-09,0.0012077737998876792,0.00481274814589594
2015-12-10,-0.004175946640889716,-0.004990825479963434
2015-12-11,0.0035411872938109212,0.08775168816954237
2015-12-14,-0.011328881723564721,0.02403892031170929
2015-12-15,-0.0016905485891207661,0.04759086740764795
2015-12-16,0.014206393507429249,-0.022322275778415612
2015-12-17,-0.02523186549165124,0.00251467910762182
2015-12-18,0.014655406625319056,0.016527861353576423
2015-12-21,0.014725261415811097,-0.00913965916685533
2015-12-22,-0.006562505631296789,-0.004712341953864607
2015-12-23,-0.005024213578166625,0.013351772720572974
2015-12-24,0.007293741186600089,0.028444745765844104
2015-12-28,-0.0062197839814049916,-0.0012866045663864067
2015-12-29,0.006539000467071565,0.02534819444676506
2015-12-30,-0.016148514153132232,-0.01469574318300837
2015-12-31,0.0001887303127341422,0.009251772177250928
2016-01-04,0.013958244191309976,0.007162647235249953
2016-01-05,0.0030695266241917984,-0.0026114880987264666
2016-01-06,0.012518545715462626,-0.00660936211566876
2016-01-07,0.014470122403807295,0.06744967375829591
2016-01-08,-0.008937349858201937,-0.010518532900320232
2016-01-11,-0.0011842311367941116,0.0009754928177718725
2016-01-12,-0.009940742362061106,-0.02840591297676942
2016-01-13,0.0017502063762020459,-0.007617801612991859
2016-01-14,-0.012505725057471273,-0.004775995592784854
2016-01-15,0.0163888403079131,-0.15332113891044985
2016-01-19,-0.0014658506642235558,-0.018129111956900257
2016-01-20,0.01578121994793169,0.10543504091989075
2016-01-21,-0.0072260863277265885,-0.023720385834128277
2016-01-22,-0.0017287098912646126,-0.06768842708761469
2016-01-25,0.008202698142482978,-0.02790522091356007
2016-01-26,0.014011933363392348,0.0010900527047714714
2016-01-27,-0.004992400146766274,0.007188444031215768
2016-01-28,-0.0004479885411269313,-0.037174747976112865
2016-01-29,0.0007171459458690244,-0.002143112206392739
2016-02-01,0.010300967173751951,0.011630655734546025
2016-02-02,-0.0005319398769692008,0.0037313379224566123
2016-02-03,0.012419053837901428,-0.012015000811941845
2016-02-04,0.014281894594048161,0.053101883596091914
2016-02-05,0.00017283431595371823,-0.007815785271063524
2016-02-08,0.034634628867596495,-0.008424948335523208
2016-02-09,0.0006677744252219231,0.006913969217119842
2016-02-10,-0.0033369484971306207,0.01494564280830768
2016-02-11,0.04453007046285551,-0.005227303275928685
2016-02-12,-0.007051885432129867,0.012140022486580193
2016-02-16,-0.02517952756380326,0.018249082390639604
2016-02-17,0.0026491861382726967,0.021679126374877677
2016-02-18,0.012385434974197418,0.014534411178870332
2016-02-19,0.003507094106655506,-0.0037596675276008185
2016-02-22,-0.016986365078289434,-0.002392941605085297
2016-02-23,0.010582926002480342,-0.0388625294554753
2016-02-24,0.013417247273627586,0.010027654111417261
2016-02-25,-0.0004036490028084261,-0.0009671165478051247
2016-02-26,-0.014860202494063945,0.017920408467620774
2016-02-29,0.011559251052301045,0.009672328327638535
2016-03-01,-0.002917558092210615,-0.005880792084312025
2016-03-02,0.00877828705995598,-0.02558810349770868
2016-03-03,0.01313354952478063,-0.005514324482001731
2016-03-04,0.009941148211716655,-0.025404910636035782
2016-03-07,-0.005276063369851536,0.01622246609397804
2016-03-08,-0.0008707845492942345,-0.0008424120143709635
2016-03-09,-0.004357816420717531,0.0021450726913319063
2016-03-10,0.012255311391156765,0.005474201133184753
2016-03-11,-0.01045601336477986,0.01092939596636855
2016-03-14,-0.011360870387449484,0.005730950426957371
2016-03-15,-0.011250401583084546,0.0009413142203540392
2016-03-16,-0.0008939978694278983,0.00043422739640841534
2016-03-17,0.028634141053385687,0.008656884641403684
2016-03-18,-0.008461803875049467,-0.026325356906453212
2016-03-21,-0.0079757533970235,-0.0010827615245403432
2016-03-22,0.0035374672991350664,0.011570048218418005
2016-03-23,-0.019628265471707262,-0.00011481766146215211
2016-03-24,-0.0018794860603863484,-0.003939740501759714
2016-03-28,-0.0012280988787667368,-0.005937757105042851
2016-03-29,0.012869867768770415,-0.018185840304527745
2016-03-30,-0.0070410749182467924,-0.004081430333367386
2016-03-31,0.00594989555563008,0.004611668676915315
2016-04-01,-0.009722897809449016,0.002953926864183387
2016-04-04,-0.003436386162970817,0.0012829719134619388
2016-04-05,0.008538607553366218,0.006136044171942023
2016-04-06,-0.004803015210621653,-0.0014550975201166327
2016-04-07,0.011206503885480723,-0.0015776535190604735
2016-04-08,0.005096302580261058,-0.005667709915761487
2016-04-11,0.011428531991951818,0.002179994048115974
2016-04-12,0.0021485422975082713,0.00640735837225459
2016-04-13,-0.010004744132036114,-0.003424334987067734
2016-04-14,-0.017484799601575896,0.0012932735828621311
2016-04-15,0.006612225306122488,0.012800448365931416
2016-04-18,0.000405482126130563,0.002789000527041452
2016-04-19,0.015726349203495804,0.01614126276934469
2016-04-20,0.00015957781324815734,0.013501454526761991
2016-04-21,-0.003351381395003017,0.018206117176347902
2016-04-22,-0.016253041633306653,-0.00820601457077852
2016-04-25,0.008301516567733591,0.006260976423388298
2016-04-26,0.0026635942659405387,0.010105616177952914
2016-04-27,0.005635163642024654,-0.045918220565386636
2016-04-28,0.013048390681533073,0.009723634563898687
2016-04-29,0.01872773686290019,0.013554231833427854
2016-05-02,0.004266211766245975,-0.01594687468879663
2016-05-03,-0.003089518924373591,0.012672302148263537
2016-05-04,-0.013480981374888179,-0.007954628676104969
2016-05-05,-0.001492205235908206,0.002807177712554232
2016-05-06,0.016910492051398718,0.025954478951086157
2016-05-09,-0.02111535887789573,0.004219837362982037
2016-05-10,-0.001343198508404475,-0.02082164370531958
2016-05-11,0.00846582150235009,0.00406526584840794
2016-05-12,-0.0033735501968972237,0.004501585971057098
2016-05-13,0.0012595252603977425,0.001987883918083133
2016-05-16,0.001179337976016992,-0.007441514817667749
2016-05-17,0.0021987803889031987,-0.0008367128212124486
2016-05-18,-0.001958940680134802,0.0018422858908837547
2016-05-19,-0.015309728154335178,-0.034983123054244336
2016-05-20,-0.0014351196542184974,0.00902863826428213
2016-05-23,-0.001038045333030202,0.010998743571352998
2016-05-24,-0.01774434691540583,0.004111152647411798
2016-05-25,-0.004394193095076382,0.00811247810411131
2016-05-26,-0.0027789325704945522,0.008418621946264748
2016-05-27,-0.005163451458014001,0.04428913650930033
2016-05-31,0.0008238589220883608,-0.004641683902672611
2016-06-01,-0.00238724471766949,0.010414269750802285
2016-06-02,-0.0017327955758833502,0.001959327336118255
2016-06-03,0.025045400704889476,0.05803645147060954
2016-06-06,0.003628739688000815,0.018365947131206095
2016-06-07,-0.00016065563542955186,-0.015268039762618701
2016-06-08,0.012375461831395818,0.008754875816771701
2016-06-09,0.008255200504441396,-0.01206064654348804
2016-06-10,0.0025193458695071946,0.004942251492767058
2016-06-13,0.008638291026135558,0.046957091935704964
2016-06-14,0.0009342509946885791,-0.02671436365581792
2016-06-15,0.0001556261696755712,0.012996653427451488
2016-06-16,0.008010519993377319,0.10344448725669109
2016-06-17,-0.002777544993951886,-0.022704952037541304
2016-06-20,-0.0019342359767892114,-0.034767810133262356
2016-06-21,-0.015116279069767424,-0.09572917091301825
2016-06-22,-0.001967729240456517,-0.10580625622924344
2016-06-23,-0.005362814668769644,0.04673748178433468
2016-06-24,0.04662230517324217,0.06622362949633764
2016-06-27,0.0018939393939394478,0.041165202235483145
2016-06-28,-0.0054441973534972155,-0.012626831020496776
2016-06-29,0.006538413046162761,-0.010990651100670767
2016-06-30,-0.004154392250392491,0.05226985765671022
2016-07-01,0.013880405542225693,0.004394599004458266
2016-07-05,0.014737842239959775,-0.019066400133199046
2016-07-06,0.0062665879162502325,0.009996585076425202
2016-07-07,-0.00351677625877167,-0.05428510185671509
2016-07-08,-0.0025733402409824357,0.040528469552765234
2016-07-11,-0.00117940146565354,-0.002619483859942595
2016-07-12,-0.015424371955719551,0.02608166964134684
2016-07-13,0.00622145877319169,-0.015172660368705237
2016-07-14,-0.008268753576839982,0.0055159074251356355
2016-07-15,-0.0036055350584607293,0.007866851613941517
2016-07-18,0.0014323588390501296,-0.00935003605751139
2016-07-19,0.0023336163384470865,-0.00035953325854820584
2016-07-20,-0.009538078107397707,-0.01066934157664734
2016-07-21,0.008871664062244822,-0.0010109496263576156
2016-07-22,-0.005561836903419826,-0.02164322520580475
2016-07-25,-0.0028719878081231442,-0.0108697283221042
2016-07-26,0.001061094480411251,-0.003536154504671818
2016-07-27,0.004467347027258262,0.003939944846482524
2016-07-28,0.004296753432174061,0.0010437547534623004
2016-07-29,0.012534677164152797,0.0029876740642365007
2016-08-01,0.0017791134173461565,-0.029469531034102214
2016-08-02,0.009619653521628191,-0.09699763244704707
2016-08-03,-0.006083295114336695,0.03450440131950194
2016-08-04,0.001991057479378666,0.021071627197486675
2016-08-05,-0.01648515174582532,-0.005613060242174561
2016-08-08,-0.0022448368348727543,-0.0027602726458678672
2016-08-09,0.004199771935807339,-0.005503711863790284
2016-08-10,0.003958214339058852,0.007318806563836766
2016-08-11,-0.001339023234685599,-0.005038028626730862
2016-08-12,-0.004990652513966576,-0.0026496707177626755
2016-08-15,0.0033687676560341107,-0.005667282895631787
2016-08-16,0.007610199677012819,0.017980107502646225
2016-08-17,-0.005775674935209141,-0.007313366104216179
2016-08-18,0.0063305282715393485,0.0019224690068535555
2016-08-19,-0.007992841468064893,0.0022844696074149073
2016-08-22,-0.002014378507650627,0.009366821305118567
2016-08-23,0.0021679188952887785,-0.005688957791780469
2016-08-24,-0.012084105840682091,-0.005541460404535625
2016-08-25,-0.003246789430743857,-0.004172864671413312
2016-08-26,0.0010605439174706799,0.0032712748797474323
2016-08-29,0.0010594203556564263,0.0003397872921584444
2016-08-30,-0.008466303421882704,0.005915266717835266
2016-08-31,-0.0036593178160453377,-0.0035168752918197654
2016-09-01,0.004055342338872059,-0.005506794566202844
2016-09-02,0.007544600952358982,0.005650866968490709
2016-09-06,0.020649004232339507,0.006340274038168392
2016-09-07,-0.003779438942710489,0.006729668916923837
2016-09-08,-0.0055791116020408316,0.01915562251859315
2016-09-09,-0.005012023305214552,-0.005516314633256303
2016-09-12,-0.006841572937521745,0.002511849826807966
2016-09-13,-0.0015140045420136694,0.00164086891452353
2016-09-14,0.0018953752843062777,0.0023685092330978375
2016-09-15,-0.006053726825577033,-0.005778752806109511
2016-09-16,-0.005862162923486958,-0.00029977022557114985
2016-09-19,0.005896730518502258,-0.0010609289387620846
2016-09-20,0.00015222763608679912,-0.0015018671447895038
2016-09-21,0.010048012097398695,-0.018350821255852412
2016-09-22,0.010174089800152109,-0.0014251267581905092
2016-09-23,-0.0023874014791870346,0.010974389123113326
2016-09-26,0.0018695782916611225,0.01201186555197431
2016-09-27,-0.010300759501931211,-0.0030869756043417906
2016-09-28,-0.004902330403758981,-0.002372269249749537
2016-09-29,0.0017431612537246455,0.0015957024594792646
2016-09-30,-0.006355377401387252,0.006673334588171542
2016-10-03,-0.003274231964945251,0.002031401526111587
2016-10-04,-0.03262028342245993,-0.003151303740535516
2016-10-05,-0.000868749867670493,0.003780714448602396
2016-10-06,-0.012171911631697618,0.0008326544529928537
2016-10-07,-0.0007201351934015277,0.006688149389258546
2016-10-11,0.003282869662271759,0.035667553033335464
2016-10-12,-0.0015163798882681379,-0.007612255472306706
2016-10-13,0.0031172760569215807,0.0009336709423062306
2016-10-14,-0.0015139633466135782,0.005640796025589756
2016-10-17,0.0010374655054659065,-0.003799673133302206
2016-10-18,0.005102060648557449,-0.001928949493349652
2016-10-19,0.005631325130127873,-0.011662175909825212
2016-10-20,-0.0018140610114856237,0.0005344398104916159
2016-10-21,0.00023707965051356084,0.003124334065599088
2016-10-24,-0.003080830970898285,-0.005037504441072649
2016-10-25,0.007844709984152098,0.005853862622509087
2016-10-26,-0.005582180097513767,0.03150301190176963
2016-10-27,0.0024509605312326155,0.01475587902165687
2016-10-28,0.005994144535168777,0.0019439020087179681
2016-10-31,-0.0031360250882006557,-0.0012709427783826888
2016-11-01,0.011718461659457446,0.041115830042765644
2016-11-02,0.01585822809344095,0.015122025761194147
2016-11-03,-0.0035966275051769747,-0.07036572336892888
2016-11-04,0.0009216442839408145,0.02110494082581793
2016-11-07,-0.019182075546749222,-0.011793018794094223
2016-11-08,-0.0038332354002749147,0.009553043716615806
2016-11-09,-0.0006282770417161965,0.018912482086200777
2016-11-10,-0.005579110587693448,-0.010699988652970727
2016-11-14,-0.03500596523113386,0.004259056899831526
2016-11-15,0.0022928669442765504,0.009358619158059911
2016-11-16,-0.0004901764705882439,0.04578148999696707
2016-11-17,-0.0056400391242759085,-0.004328159990562019
2016-11-18,-0.006576243321002928,0.014316277216651407
2016-11-21,0.0009101994207694197,0.01124718544723824
2016-11-22,0.0011574272716421419,0.016366630994108622
2016-11-23,-0.018084247729149516,-0.008987846008326028
2016-11-25,-0.009166617794969967,0.0018371014538416386
2016-11-28,0.010524550598967064,0.005160976099976455
2016-11-29,-0.002267723882433459,-0.0002840178189407183
2016-11-30,-0.014395129770617854,0.013712506926484735
2016-12-01,-0.0033310769019279096,0.01486273578750108
2016-12-02,0.007027124716213029,0.0279739834662156
2016-12-05,-0.0009360701408098748,-0.019605305300556486
2016-12-06,-0.005451468483816058,0.007280857931500906
2016-12-07,0.00633780759858471,0.005113710123096915
2016-12-08,-0.004425490212766059,0.003486352519826319
2016-12-09,-0.008890429615634132,0.002573926136334226
2016-12-12,0.0035362911118932416,0.013453994652454115
2016-12-13,-0.005844477009024462,0.0006012855169128528
2016-12-14,0.0039769155311393245,0.001185037286817181
2016-12-15,-0.028846980613534745,-0.004341762527621529
2016-12-16,0.006650114979734223,0.008763750226286948
2016-12-19,0.00458024379068811,0.002762652802402288
2016-12-20,-0.007891275756247262,0.010296258314169915
2016-12-21,-0.0003535342465753599,0.0417106143264927
2016-12-22,-0.002033354300062351,0.03626952044021481
2016-12-23,0.002746256967960159,0.06644462079462099
2016-12-27,0.004770761450217931,0.028192740739845457
2016-12-28,0.0018464564402740358,0.04578130588745655
2016-12-29,0.014920133089272314,-0.0024838198459093963
2016-12-30,-0.005534437795895464,-0.012592779316900837
2017-01-03,0.009043499130434896,0.021619736726204986
2017-01-04,0.002930045613304788,0.10623277285016308
2017-01-05,0.013662056479257112,-0.12240954807460713
2017-01-06,-0.006611788864946733,-0.10971108118518669
2017-01-09,0.00989843481733721,-0.009186766260354973
2017-01-10,0.0005914245880862534,0.005373130855357511
2017-01-11,0.00962677374743448,-0.1431364994781371
2017-01-12,0.0027601606442320126,0.03481416989950681
2017-01-13,-0.003002731610588505,0.023793757943501692
2017-01-17,0.01397134636945041,0.09188318370102677
2017-01-18,-0.0005775173267327238,-0.023481787613010452
2017-01-19,-0.008585837182608635,0.01404778299888787
2017-01-20,0.00283123068702662,-0.004501299682008741
2017-01-23,0.008884788312418346,-0.00395918351994573
2017-01-24,-0.003868272427983599,-0.030754226070777158
2017-01-25,-0.010741138125823557,0.00991946772045127
2017-01-26,-0.006514698639254801,0.017796183807708754
2017-01-27,-0.0011769852879360831,0.0023583631423740314
2017-01-30,0.004292547010370518,0.0009636224920841485
2017-01-31,0.0129064914787278,0.0543480804355001
2017-02-01,-0.0024822108717301727,0.019187898957630622
2017-02-02,0.009207013288792698,0.02302977561664621
2017-02-03,0.0014794518554228642,0.01789883990391994
2017-02-06,0.009437833401723328,0.010522376582008608
2017-02-07,0.0034145943089431974,0.02234739822151166
2017-02-08,0.002754841302047506,0.0016205493370644586
2017-02-09,-0.002020038823917991,-0.06461188208588486
2017-02-10,-0.0005667168760433716,-0.005741233531712631
2017-02-13,-0.008101101592331128,-0.00854599991755245
2017-02-14,-0.0004083632719693586,0.014039338724644468
2017-02-15,0.006373009924869555,0.002916720954657004
2017-02-16,0.006738693943489471,0.019811769361412157
2017-02-17,-0.0019355032258064897,0.018268727203393675
2017-02-21,-8.07821605839365e-05,0.03270437383478142
2017-02-22,-0.004444444444444473,0.0019186693320052406
2017-02-23,0.014772687500000048,0.04410083100833062
2017-02-24,0.005359201137898673,0.00596551286769742
2017-02-27,0.0003978041136547539,0.012675953159218656
2017-02-28,-0.003817439087308361,0.0
2017-03-01,-0.0029538177158642265,0.03604331469889588
2017-03-02,-0.013611978279535975,0.023321071574642138
2017-03-03,-0.005195246266185616,0.019168495702124755
2017-03-06,-0.00081599347205219,0.004506251201568334
2017-03-07,-0.00767662229481425,-0.03872466763345095
2017-03-08,-0.00543163207173003,-0.06010431751796552
2017-03-09,-0.0050475597848572695,0.03346955652173911
2017-03-10,-0.0014138996723772612,-0.060387567084178806
2017-03-13,0.0014159016152071047,0.008629614826550114
2017-03-14,-0.0004158349883732759,0.006558831508061802
2017-03-15,-0.0014976686613329404,0.007749987903225897
2017-03-16,0.021998187257692203,-0.04945537146936296
2017-03-17,0.0026906229107215296,-0.0737323937749208
2017-03-20,0.0030898738401334835,0.016870179764166382
2017-03-21,0.010132944425413903,0.06289904504518073
2017-03-22,0.002568070830297531,-0.06371929740566817
2017-03-23,-0.0019210957383064553,-0.010055901833083691
2017-03-24,0.0010425270470602044,-0.09731457967888735
2017-03-27,0.0057683650718232116,0.08176580305917325
2017-03-28,-7.963597107596421e-05,0.0013196056241888687
2017-03-29,-0.001513602267054437,-0.006856756754464843
2017-03-30,-0.006701790201976254,-0.013019526887858679
2017-03-31,0.0018474289156626966,0.04419198836124494
2017-04-03,0.0028060609817228688,0.03778002788832824
2017-04-04,0.003357811668905697,-0.00923235367350439
2017-04-05,-0.007649383266932208,-0.007474053386278379
2017-04-06,0.003934498880337145,0.05147675412718411
2017-04-07,0.003199232058896051,-0.0048872304732382466
2017-04-10,-0.0025512818902871937,-0.0006229553765266793
2017-04-11,0.016065842367181116,0.015061539110874378
2017-04-12,0.0032253761469818176,-0.003850602867605968
2017-04-13,0.008311749857072392,-0.02590031917617197
2017-04-17,0.0027218290183343985,0.00927358407623502
2017-04-18,0.0017837187507296903,0.014875501079840925
2017-04-19,-0.007973931555874225,-0.0011389280496233445
2017-04-20,0.0003901982133878157,0.015525135624123054
2017-04-21,0.00429050619941318,-0.005719649861412379
2017-04-24,-0.009010388988465734,0.03556967254016885
2017-04-25,-0.007995040451671875,0.0122705001043939
2017-04-26,-0.0027654867781066184,0.01231931198444336
2017-04-27,0.0012677086050432163,0.028608693648158212
2017-04-28,0.0018992047899508702,-0.00094860101763794
2017-05-01,-0.01010972849114089,0.05468544182367885
2017-05-02,0.001436150107419376,0.021961149779873068
2017-05-03,-0.006931680476743085,0.025653571251285534
2017-05-04,-0.01596600097626444,0.031931010264919735
2017-05-05,-0.001386017937219819,0.011562888325344911
2017-05-08,0.0004082298987562183,0.07931309886780369
2017-05-09,-0.00897739293243105,0.018574293930880614
2017-05-10,0.0024705590701989966,0.018098863065971083
2017-05-11,0.004435966304639605,0.03437911110445491
2017-05-12,0.002862517494285788,-0.06725737171537893
2017-05-15,0.0019572868177353264,-0.03896267845015455
2017-05-16,0.00520920081802112,-0.002289481242481961
2017-05-17,0.018218623481781382,0.06033037444503342
2017-05-18,-0.0046123650099403335,0.026948142242215978
2017-05-19,0.0007989135089452315,0.052450128791039496
2017-05-22,0.006386206045281506,0.06476580157433087
2017-05-23,-0.004679862163332604,0.06764517651110125
2017-05-24,-0.0019126752520551848,0.05310244487721638
2017-05-25,0.0027148075174421304,-0.056743186014110436
2017-05-26,0.009396342203837671,-0.04449498862892509
2017-05-30,-0.0043389082550755464,-0.03552925026860587
2017-05-31,0.007844088573217833,0.050995850312290925
2017-06-01,-0.0039308176100628645,0.05312694384435468
2017-06-02,0.007734845303867255,0.03350257069280893
2017-06-05,0.001958019974982017,0.06967087315100207
2017-06-06,0.011803309952034713,0.06565030207816425
2017-06-07,-0.003322039493410922,-0.04576698841945459
2017-06-08,-0.010696788820031777,0.026887227455960172
2017-06-09,-0.006111453968924763,0.006483394487294403
2017-06-12,-0.001892017343318897,-0.1009023373719875
2017-06-13,-0.00023689045548169751,0.021578241907578954
2017-06-14,0.005530099327717863,-0.07752975739943202
2017-06-15,-0.01618486581312184,-0.016673530663548042
2017-06-16,0.0014375092400877865,0.02190230355339251
2017-06-19,-0.007815031100478431,0.01621089372393847
2017-06-20,-0.00257189449125772,0.0510464689517478
2017-06-21,0.0019339435938758864,-0.012010456549400361
2017-06-22,0.0033777962996082156,0.0060651568947287515
2017-06-23,0.006893215105352013,0.014600375279470779
2017-06-26,-0.007880832977361085,-0.042851446766223655
2017-06-27,8.021744047925772e-05,0.029857371124295984
2017-06-28,0.001283677767323299,0.008752409813656659
2017-06-29,-0.0030449110576922234,-0.013775869279724184
2017-06-30,-0.002813052674682237,-0.02302977900933123
2017-07-05,-0.016361673089160922,0.0001345678166075892
2017-07-06,0.0014748664082293583,0.0025250170159185625
2017-07-07,-0.011127455036201384,-0.03446351433996242
2017-07-10,0.0028959126836851645,-0.05792470156825558
2017-07-11,0.0012375216811324474,-0.014655064207164892
2017-07-12,0.0037079763422802614,0.026114427720854927
2017-07-13,-0.0014776512892731297,-0.01706665909278393
2017-07-14,0.008468245157490673,-0.052826591109464416
2017-07-17,0.005054682146838685,0.15472426151408425
2017-07-18,0.006732581659720571,0.04059844219540509
2017-07-19,8.055354277125559e-05,-0.01959995915838475
2017-07-20,0.0029004980197584462,0.23936086982072857
2017-07-21,0.007631747771565278,-0.0531800407397629
2017-07-24,-0.00031892289274715324,0.008958469776563893
2017-07-25,-0.001754584064032172,-0.06475106541589626
2017-07-26,-0.002157027327390315,-0.018253597685629952
2017-07-27,0.008486770216172834,0.05626918134661274
2017-07-28,0.006986383111839745,0.051362754235183994
2017-07-31,-0.0014191485067333032,0.04285543885933074
2017-08-01,0.004737091515624625,-0.05463008659586421
2017-08-02,-0.0006285769409758446,-0.002792259744129444
2017-08-03,-0.0031451484870952395,0.03469993053621234
2017-08-04,-0.007493295182858906,0.03250220650474156
2017-08-07,-7.955018366201383e-05,0.051338856054871096
2017-08-08,-0.0014305572008403988,0.01213398305856428
2017-08-09,0.013212333399318599,-0.022652435813638183
2017-08-10,0.008405303220738514,0.011611191225867179
2017-08-11,0.0031159929521566987,0.07965625020405542
2017-08-14,-0.002718024487988857,0.06183496078856976
2017-08-15,-0.0081762968389959,-0.03310876456285139
2017-08-16,0.00251242295918086,0.04655737872367571
2017-08-17,0.0074398933522143995,-0.010268161393897746
2017-08-18,-0.0005442109662149308,-0.03949262905010842
2017-08-21,0.0039667871154798195,-0.021019342080726422
2017-08-22,-0.004415922515974446,0.02468426990430217
2017-08-23,0.0029570057357155566,0.012437446897284099
2017-08-24,-0.001862071499193374,0.044118817955260514
2017-08-25,0.004663816556548683,0.008517334728503467
2017-08-28,0.013307505609284398,-5.0133018897446924e-05
2017-08-29,0.002596033539898901,0.04480380796379513
2017-08-30,-0.003807783178270352,-0.00299632125216176
2017-08-31,0.006192168143576371,0.030247812388741968
2017-09-01,0.0063060699810040255,0.04010290949844708
2017-09-05,0.01109849075122682,0.033099495562678216
2017-09-06,-0.003957532253523799,0.05040302313400136
2017-09-07,0.008396395380827926,0.0006003249707993152
2017-09-08,0.0006691130890332797,-0.08068251616125943
2017-09-11,-0.011144130757800852,0.009296783253821328
2017-09-12,-0.002253944402704766,-0.0073198713021750406
2017-09-13,-0.0034638373493975916,-0.06008990184847429
2017-09-14,0.0009822630923572717,-0.18741101185235398
2017-09-15,-0.0032459629795819067,0.15295648948315121
2017-09-18,-0.010678563120050444,0.134617984345081
2017-09-19,-7.662711187716997e-05,-0.03449522328305277
2017-09-20,0.004440399033516673,-0.0048459020426987465
2017-09-21,-0.016310993902439064,-0.07038234371887375
2017-09-22,0.002092106810948735,-9.366131916677123e-05
2017-09-25,0.01043841296568293,0.06604413283990507
2017-09-26,-0.007499271986941891,-0.008588733623182021
2017-09-27,-0.010485717810331474,0.07921174001239595
2017-09-28,0.0016362599039503323,-0.006175191691245696
2017-09-29,-0.003111629716063824,-0.0027930323771502286
2017-10-02,-0.006866991026141189,0.0012670116091140216
2017-10-03,-0.0009428388828468526,-0.020828573944696505
2017-10-04,0.001730201337003523,-0.020410081206676534
2017-10-05,-0.0029833768910932923,0.023419689080262263
2017-10-06,0.0013386502621248741,0.00979572209468782
2017-10-09,0.008021447933717063,0.035037575415304056
2017-10-10,0.006865288394134028,0.002089306825665771
2017-10-11,-0.003719143878242237,0.009303604529276921
2017-10-12,0.00583294424808356,0.12854713550474517
2017-10-13,0.006340331469360416,0.03677310608462325
2017-10-16,-0.0012293323088743424,0.008347713530634904
2017-10-17,-0.013001018299850453,-0.02097252532432703
2017-10-18,-0.0024161932969601896,-0.002643796125356812
2017-10-19,0.00546917717691997,0.02107612481527177
2017-10-20,-0.007382080832100457,0.05306632436054781
2017-10-23,0.00023479489147093524,-0.012998442022008838
2017-10-24,-0.002113133837006842,-0.06807047494577079
2017-10-25,0.00031374431372555023,0.040559845121683535
2017-10-26,-0.0071349967294653815,0.026784147983395235
2017-10-27,0.001737306258289495,-0.020987932652242525
2017-10-30,0.004414644067796569,-0.0037895484336837315
2017-10-31,-0.005572542291610527,0.05511271111131233
2017-11-01,0.0056037695343329474,0.04621083444571483
2017-11-02,0.00062793188530752,0.045984288925278616
2017-11-03,-0.00658877075995723,0.01826089793035246
2017-11-06,0.010185569680221107,-0.051927783381676695
2017-11-07,-0.004455270355692931,0.01731799478444529
2017-11-08,0.006202422316023082,0.044133999474226915
2017-11-09,0.003121098685164192,-0.04237573753067059
2017-11-10,-0.010267542195411483,-0.0735541472570862
2017-11-13,0.0038510098299084916,0.10242239637959583
2017-11-14,0.003288147529069807,0.011625867754893715
2017-11-15,-0.003901677721420249,0.10244358798930042
2017-11-16,0.0007050716803760348,0.07602308223796173
2017-11-17,0.01440427795075716,-0.02066896793693207
2017-11-20,-0.016360605184696952,0.020425510293726523
2017-11-21,0.005099639198486772,-0.01577680370720269
2017-11-22,0.008196081646012043,0.022585078944911796
2017-11-27,0.0017033702701152453,0.052279856406596936
2017-11-28,0.0006955495176366178,0.024489879213466903
2017-11-29,-0.009731965302283485,-0.01691945920977611
2017-11-30,-0.006941755843227537,0.03488753674374734
2017-12-01,0.004398443461768542,0.07250625667897381
2017-12-04,-0.0035189238564066194,0.029496961481568107
2017-12-05,-0.009966312886801054,0.022260919917228783
2017-12-06,0.0009512309946333453,0.19928333902336637
2017-12-07,-0.010294583065857954,0.2524716942938108
2017-12-08,-0.0036806671624637355,-0.07431961910219842
2017-12-11,-0.001204625810332982,0.0958500169858203
2017-12-12,-0.004181033372091858,0.0282579700965071
2017-12-13,0.005571274929349945,-0.05783393716979979
2017-12-14,0.0067448408849555275,0.009495300423923991
2017-12-15,0.0003987876698512416,0.0689990576551558
2017-12-18,0.00629825535468842,-0.0013897831289487739
2017-12-19,-0.0011884012503815544,-0.06997415819913033
2017-12-20,0.004283354652085514,-0.06480953498772235
2017-12-21,0.0009478501087973878,-0.04942670724864617
2017-12-22,0.006391521097463437,-0.12473030502189153
2017-12-26,0.006821351604427983,0.14780490309780814
2017-12-27,0.00225840982337977,-0.016230003364318235
2017-12-28,0.005516686868686893,-0.07778514379518264
2017-12-29,0.009427457867443811,0.003402608085441461
2018-01-02,0.005664779700241818,0.09701105607905314
2018-01-03,0.0019030220699156608,0.014610795329948356
2018-01-04,0.0024312970058757433,0.026195657851457055
2018-01-05,0.0006821471757074704,0.11733292618339908
2018-01-08,-0.0012876413973381684,-0.07935014996273171
2018-01-09,-0.005232841745478667,-0.03788368124221464
2018-01-10,0.0043455616474288306,0.02589167846556828
2018-01-11,0.002428990391456054,-0.10468634305155422
2018-01-12,0.009692600509330962,0.04287694970542644
2018-01-16,0.0014999249767524425,-0.1685480135650923
2018-01-17,0.0019469641704903395,-0.026273912449414683
2018-01-18,-0.008968609865470878,0.025588616270592057
2018-01-19,0.004449490196078543,0.011546941192092763
2018-01-22,-0.0007508071041224529,-0.057645989305228684
2018-01-23,0.003606527097034684,-0.005763214020764296
2018-01-24,0.01512321160517871,0.0451768413322895
2018-01-25,0.004793863769413154,-0.008803281560462395
2018-01-26,-0.007927222408798285,-0.007815691506125044
2018-01-30,-0.011985759313153377,-0.10535219581524113
2018-01-31,0.0026958034561186395,0.011359231985499152
2018-02-01,0.003958214339058852,-0.10278341961122761
2018-02-02,-0.00788521729794256,-0.03705234779576316
2018-02-05,-0.0005248189440775208,-0.1596880737569495
2018-02-06,-0.005176312078019496,0.11483809797509492
2018-02-07,-0.010934318876723914,-0.017113772891410917
2018-02-08,0.004040902788183587,0.08453807821302473
2018-02-09,-0.0028856009801394578,0.05703048831320645
2018-02-12,0.008453259616844289,0.09798315085217069
2018-02-13,0.0029451934332536123,-0.03677344506231539
2018-02-14,0.020630995026838184,0.10424378253689692
2018-02-15,-0.002508317226115886,0.070752679807224
2018-02-16,0.0008135308183749856,0.0066395181582417084
2018-02-20,-0.01803126136826183,0.01589270603895465
2018-02-21,0.0009030335308184423,-0.06254985590665996
2018-02-22,0.0004511097744359649,-0.06411363147605043
2018-02-23,-0.0018037164010891171,0.02959516331834089
2018-02-26,0.0018822467190409142,0.07263210580487423
2018-02-27,-0.01142252315300496,0.034620410279936786
2018-02-28,0.0,-0.03055299749629148
2018-03-01,-0.009578088939566687,0.05319339368539655
2018-03-02,0.013968801646134565,0.012364203360423653
2018-03-05,-0.002270834951555556,0.005272501264835805
2018-03-06,0.011759350794495527,-0.06855429543588165
2018-03-07,-0.005698842334112331,-0.07554152157842509
2018-03-08,-0.004600283559577645,-0.05725317559153731
2018-03-09,0.0018940828506266438,-0.006116008650458582
2018-03-12,-0.002268602499662431,-0.03899407019190693
2018-03-13,0.004926481644508485,-0.0011157386182317763
2018-03-14,-0.001131307016252081,-0.10060415105588716
2018-03-15,-0.005738428618451974,0.0037547154788959425
2018-03-16,-0.0041767920681479165,0.004516309805280505
2018-03-19,0.004194310832363879,0.04948766470000665
2018-03-20,-0.004328730853502605,0.03276917997917317
2018-03-21,0.0073220770160398185,0.0017737813089899745
2018-03-22,0.004467347027258262,-0.022488995737674822
2018-03-23,0.017111467971261174,0.01731694039476861
2018-03-26,0.003779718976353541,-0.03370848501227486
2018-03-27,-0.009672160933157259,-0.045845047637413816
2018-03-28,-0.01274889836375448,0.015503551672832128
2018-03-29,-0.0010571681406141842,-0.09916170346562359
2018-04-02,0.014590207351889761,0.03500318161430327
2018-04-03,-0.006929384670520289,0.052557958757842194
2018-04-04,0.0022509002773902775,-0.08077536812979225
2018-04-05,-0.0086090728987539,-0.00618188197628966
2018-04-06,0.005738861827981445,-0.02571403609962053
2018-04-09,0.0033035700283161606,-0.035991929869945705
2018-04-10,0.004265472417115834,0.009456851209417083
2018-04-11,0.0108047690014903,0.019541295169495765
2018-04-12,-0.013343144858090628,0.13215957350696939
2018-04-13,0.0047818476428838075,0.000850519504388858
2018-04-16,0.002007696982170515,-0.032469305672611415
2018-04-17,-0.00022267087198513114,-0.019430015066449036
2018-04-18,0.002969121248134643,0.033071008196448926
2018-04-19,-0.0032562923028111035,0.0160336781949999
2018-04-20,-0.007499329991485504,0.06649384175324458
2018-04-23,-0.010623140211366788,0.014589094704091199
2018-04-24,0.006729696786389461,0.08583925962986783
2018-04-25,-0.007661163298882445,-0.08783292250580044
2018-04-26,-0.0037086755841092556,0.049263206975607154
2018-04-27,0.00303882082435436,-0.03172543782463755
2018-04-30,-0.003105428953899758,-0.01895410926773955
2018-05-01,-0.009420986523042463,-0.01315290124124835
2018-05-02,-0.0009204425179462072,0.012820488079297476
2018-05-03,0.006218313487823979,0.054996192505966324
2018-05-04,0.0015259022467148942,-0.004423358344945227
2018-05-07,-0.0003808943541280252,-0.029186523251789054
2018-05-08,-0.0001523784540974349,-0.014743338207250378
2018-05-09,-0.0005334992378048797,0.009784638134517909
2018-05-10,0.00724471871044674,-0.03015912480077021
2018-05-11,-0.0013628474660966061,-0.06661368467240114
2018-05-14,-0.0018953752843062777,-0.0008196285907010603
2018-05-15,-0.020964660843144634,-0.023679606262912767
2018-05-16,0.0010085553385015267,-0.016632607115782627
2018-05-17,-0.0015501473228625162,-0.03280150886581312
2018-05-18,0.001552554010305185,0.01935306565667516
2018-05-21,0.0,-0.01107212474671826
2018-05-22,0.0011626104921469427,-0.04480471392835694
2018-05-23,-0.0018579407687847604,-0.060180703020830006
2018-05-24,0.011168774879958265,0.003905890943081136
2018-05-25,-0.0003067438943242795,-0.014128760435684451
2018-05-29,-0.003529577094337877,0.047169292412459374
2018-05-30,0.0021560399673872244,-0.008841623236293339
2018-05-31,-0.001075700345754882,0.011834154469753333
2018-06-01,-0.004076553417304285,0.006308940615451508
2018-06-04,-0.0013130004137031914,-0.026654549399307004
2018-06-05,0.003402694363672243,0.015874645528819897
2018-06-06,-0.0003083036608862999,0.0026487883585306626
2018-06-07,0.0012335016803670662,0.003169626006782389
2018-06-08,-0.0004619812294118786,-0.006944340158034135
2018-06-11,0.0006163223286277386,0.017816024951839093
2018-06-12,-0.002925589290773689,-0.04699056347333752
2018-06-13,0.0013898911538547942,-0.0353155959015059
2018-06-14,0.0054745746538746864,0.0512528072918903
2018-06-15,-0.022546030674846618,-0.032772815925496634
2018-06-18,0.001255276188707688,0.036242501584816456
2018-06-19,-0.0004701261738255802,0.005214707730538892
2018-06-20,-0.003449376828774664,0.0009763548949628387
2018-06-21,-0.003146633223871209,-0.0069075816377033306
2018-06-22,0.0001578858962565377,-0.09599929128557216
2018-06-25,-0.0014202682388461119,0.012303153494372054
2018-06-26,-0.007111251715131162,-0.02488490483875594
2018-06-27,-0.0030239750696923196,0.010414079169416501
2018-06-28,-0.003991059869442926,-0.04120262960514198
2018-06-29,0.0028049365784246216,0.05333498217086374
2018-07-02,-0.009190441580490982,0.035760537925255464
2018-07-05,0.014115179309853287,0.006303905727014225
2018-07-06,-0.002386065285200689,0.005175348357012721
2018-07-09,0.003029519932674418,-0.004743202353002185
2018-07-10,-0.0034177943581806813,-0.0610820343382652
2018-07-11,-0.008773328736725872,0.01023069123847975
2018-07-12,0.001770156833973635,-0.025943303607479984
2018-07-13,-0.004337368674698805,0.0014833886267970886
2018-07-16,-0.0012100677872229904,0.06008356680072313
2018-07-17,-0.010015366481195942,0.08592576690028553
2018-07-18,0.0004895961687119144,0.0067940819521583595
2018-07-19,-0.0031803187182291026,0.013035266390067468
2018-07-20,0.005808226325754617,-0.015097374541419017
2018-07-23,-0.004473363155754417,0.039444633580412614
2018-07-24,-8.167973856210153e-05,0.09248469813949023
2018-07-25,0.006127951509869334,-0.02883091443195651
2018-07-26,-0.004953690824355594,-0.02808936563979436
2018-07-27,-0.002203601478840689,0.026841166900966718
2018-07-30,-0.0010632480169457947,-0.004621301457965465
2018-07-31,0.0019650388141432273,-0.04890178082191221
2018-08-01,-0.00473966432315398,-0.019989844556271952
2018-08-02,-0.005993963261470503,-0.007575204535957503
2018-08-03,0.0029737114417389687,-0.017544222953071342
2018-08-06,-0.004612069861630319,-0.016507109778926
2018-08-07,0.0008274036239099836,-0.02857960435757967
2018-08-08,0.0024801587793681357,-0.06623905753933457
2018-08-09,-0.0005772324046293686,0.041617270309138865
2018-08-10,-0.0006601600661410023,-0.0583901629766016
2018-08-13,-0.01634871389015702,-0.0039730110497916415
2018-08-14,0.001426971317114445,-0.015539305753634824
2018-08-15,-0.012992455993294239,0.01755083055247475
2018-08-16,-0.0011040755838640504,0.004154692371096003
2018-08-17,0.0002551003337016855,0.038817740263018985
2018-08-20,0.008754822779430516,-0.030362422221677066
2018-08-21,0.004887029626335915,0.02856925260597798
2018-08-22,0.0031025264753150594,-0.017268293023748882
2018-08-23,-0.007774010381236707,0.02480431491589985
2018-08-24,0.016259518955349606,0.028321879103160308
2018-08-27,0.002238208480749293,0.026446026721548055
2018-08-28,-0.0013233879239040736,0.030740843934977446
2018-08-29,-0.002401875055785152,-0.0069218844927489975
2018-08-30,-0.005645536737235335,-0.009781269968912598
2018-08-31,0.002170909331530746,0.008505036115189712
2018-09-04,-0.0063318317835042714,0.013994387949180842
2018-09-05,0.0018446156538829417,-0.07726926616360907
2018-09-06,0.002510670298555562,-0.038814478350329806
2018-09-07,-0.0035896551580668623,-0.009511178104088525
2018-09-10,-0.0005026608680159805,0.004577205750814661
2018-09-11,0.002011755238893631,-0.0013428756083446736
2018-09-12,0.007779761429886012,0.004840791156116797
2018-09-13,-0.002241181298097361,0.026057221430328292
2018-09-14,-0.005823627287853572,-0.0007058277047365946
2018-09-17,0.0039330133891213315,-0.03620890855051284
2018-09-18,-0.002417189396050956,0.014344330255819715
2018-09-19,0.004511950015804178,0.004275459456267283
2018-09-20,0.0033272335410368115,0.01893086270644484
2018-09-21,-0.00829049942483373,0.03302011843783048
2018-09-24,0.0025916219085349024,-0.017169733543476284
2018-09-25,0.0005836329287101094,-0.022582362199946804
2018-09-26,-0.0050000000000000044,0.007528117462961115
2018-09-27,-0.009798953936348442,0.027983063895304028
2018-09-28,0.007781401183042602,-0.0048856280375931815
2018-10-01,-0.0036928443138900535,-0.005424438338790694
2018-10-02,0.012888592628528484,-0.005086790802025898
2018-10-03,-0.003409826112911074,-0.0081619031436575
2018-10-04,-0.0009180488650717411,0.011395474538252293
2018-10-05,0.0033411294384524393,0.006962474954846032
2018-10-08,-0.013985953783975824,0.0074632980023559
2018-10-09,0.0023640045113677566,-0.0014415982353033208
2018-10-10,0.001768950544708936,-0.008597538150816209
2018-10-11,0.028756368948909428,-0.050001983401552486
2018-10-12,-0.00441358724969354,0.0029314481723912156
2018-10-15,0.006813930025067139,0.04857943967744349
2018-10-16,0.000733875556414576,-6.52123685230821e-05
2018-10-17,-0.0029333478825599446,-0.007834873595706782
2018-10-18,0.0022881826527096916,-0.010347763392502318
2018-10-19,-0.0009783538524256175,-0.0017446828819017712
2018-10-22,-0.0033461991643157774,0.0007420237918782657
2018-10-23,0.009990233777859014,-0.001760388478992292
2018-10-24,-0.0045402747616616335,0.0031038320367562378
2018-10-25,0.0010587448673411437,-0.0030095885165729586
2018-10-26,0.0027662713094056546,-0.0002377964839015423
2018-10-29,-0.006490872210953347,-0.023705057937066343
2018-10-30,-0.001551673336055548,0.0002589977671683119
2018-10-31,-0.008424609195313848,-0.0026301621098243633
2018-11-01,0.019549575222363114,0.009524159184376657
2018-11-02,-0.004126194174757236,0.0016714525053171947
2018-11-05,-0.0008936347213850393,0.006827068111655121
2018-11-06,-0.004878841893752428,0.006441090181596776
2018-11-07,0.001961024598716943,0.01069962335667518
2018-11-08,-0.0026911818071015947,-0.011702646558379715
2018-11-09,-0.0134925175207945,-0.010552068532769465
2018-11-12,-0.004227432773990181,-0.006239013467724708
2018-11-13,-0.0017481877252465416,-0.0018488913455280143
2018-11-14,0.007254897728060428,-0.09767137194097308
2018-11-15,0.004056647820714021,-0.015739770396978714
2018-11-16,0.006596305802095248,-0.012832789974389303
2018-11-19,0.0018839506124561645,-0.13373245318508176
2018-11-20,-0.0033521184534794912,-0.08613793661563962
2018-11-21,0.005578383100902418,0.03376104896368415
2018-11-26,-0.004568524862246792,-0.057566537821836405
2018-11-27,-0.007375840322419447,0.01100520206703881
2018-11-28,0.008421460875703168,0.11429781672423966
2018-11-29,0.0022105386826158924,0.005032803527149854
2018-11-30,-0.0031860347001591016,-0.06113285765125842
2018-12-03,0.011227727872609838,-0.05936094618132859
2018-12-04,0.005835117805297996,0.01611731661634952
2018-12-06,-0.00241721058578126,-0.06203872777638719
2018-12-07,0.00702695514792584,-0.028730936094742643
2018-12-10,-0.0024864435981425403,-0.030871924015719032
2018-12-11,-0.0014472357247845569,-0.022288192407781682
2018-12-12,0.002013044489642457,0.018210090539836576
2018-12-13,-0.001366178855039979,-0.04969183363974017
2018-12-14,-0.00458674758570099,-0.02148440470052948
2018-12-17,0.008407456750202158,0.09008303976950072
2018-12-18,0.0014429428935140987,0.04235760435291014
2018-12-19,0.0023215058547501055,0.01349859428464617
2018-12-20,0.009184570098578204,0.10370951322433375
2018-12-21,-0.007755561242587472,-0.057540470800906074
2018-12-26,0.012282582069033099,0.010957144712208544
2018-12-27,0.006382050356697366,-0.05248858958473401
2018-12-28,0.0020355240744220904,0.073624477091637
2018-12-31,-0.0012500781076633105,-0.031881455768595246
2019-01-02,0.0021121418262575187,0.025989042200956103
2019-01-03,0.008430951600312264,-0.027049743389769842
2019-01-04,-0.0070445097188566175,0.0054672225324607915
2019-01-07,0.003196459153836706,-0.012604588748897028
2019-01-08,-0.0027977136018898507,0.0013911213905786202
2019-01-09,0.004753817201478272,0.001103610731627791
2019-01-10,-0.003567903377935777,-0.08831366814791541
2019-01-11,0.0018681599529382087,0.0022943982297114474
2019-01-14,0.0015538808463158027,0.04309066728821542
2019-01-15,-0.002249650961129057,-0.020338880295429185
2019-01-16,0.004198433529562395,0.006701657690763918
2019-01-17,-0.00046452153232312554,0.006445166878478625
2019-01-18,-0.007513517428350158,-0.005633885993878485
2019-01-22,0.0009365105393825957,0.007982219745341856
2019-01-23,0.0004678175438597165,-0.005397054966847947
2019-01-24,-0.0031174499842715475,0.0043910437085759035
2019-01-25,0.014306972358195225,-0.00030537380705086825
2019-01-28,0.0038538614980017094,-0.03167312042055126
2019-01-29,0.004453260820885818,-0.006435330627120428
2019-01-30,0.001299551340527394,0.011039271181702448
2019-01-31,0.00748143126990275,-0.008143269319683788
2019-02-01,-0.0021216390876414026,0.008720183769835632
2019-02-04,-0.0019743146424303637,-0.0014028164442785318
2019-02-05,-7.6160691065974e-05,0.002082407689750765
2019-02-06,-0.003576283043096873,-0.01517143029343393
2019-02-07,-7.634669721268139e-05,-0.004187789781094131
2019-02-08,0.003283891034967734,0.0786323929605437
2019-02-11,-0.0051000618481411575,-0.011315836855663175
2019-02-12,0.001683206579954133,0.0013972857015764895
2019-02-13,0.001222195279473981,-0.00587322820230185
2019-02-14,-0.0007628928613200303,-0.004182104329092828
2019-02-15,0.006336789349135286,0.001086552793194917
2019-02-19,0.016690691450251594,0.008013895845065955
2019-02-20,0.0023879360176930486,0.013358199364227996
2019-02-21,-0.014739855786307654,-0.011426110833901548
2019-02-22,0.004306725349452201,0.013001241962884214
2019-02-25,-0.002482641529980012,0.01896606068207851
2019-02-26,-0.0006033999438256332,-0.007298633962250611
2019-02-27,-0.005584503157518683,-0.0008589101161080581
2019-02-28,-0.003718526358205909,0.0009706546421408557
2019-03-01,-0.012492401270469466,0.001244774871254739
2019-03-04,-0.008947836150302368,-0.02225493631532094
2019-03-05,-0.002179365576907677,0.035840973930878706
2019-03-06,0.002262109204368201,0.0019422224503544694
2019-03-07,-0.0008560782780404619,0.0019318285949800895
2019-03-08,0.01028193682519496,-0.0026467657818523005
2019-03-11,-0.006322244410177369,-0.011735135315651846
2019-03-12,0.005819366631634848,0.0010060758832219907
2019-03-13,0.00863993718787559,-0.0006239108503273139
2019-03-14,-0.010783920458890983,0.004518334630400522
2019-03-15,0.006494529800627147,0.009311558287987243
2019-03-18,-0.0011522506863879123,0.0018081753840011316
2019-03-19,0.0036145126685294127,0.00959275678676974
2019-03-20,-0.0034482758620689724,0.004000336819440342
2019-03-21,0.0043060176855056476,-0.014226238753709097
2019-03-22,0.004211009954110834,-0.001329909964535414
2019-03-25,0.007853040704843828,-0.014692984696411004
2019-03-26,-0.005749281233086712,0.005553838540957257
2019-03-27,-0.003347808594656665,0.02559178993773248
2019-03-28,-0.01534466343364238,-0.004394101609358714
2019-03-29,0.002480966722307798,0.007192568964080603
2019-04-01,-0.0035575993812838602,0.012855934320175955
2019-04-02,0.0012418317061440032,0.17356013594788533
2019-04-03,-7.750077519375065e-05,0.01908737151545914
2019-04-04,-0.0006977470991968993,-0.01009911986568246
2019-04-05,0.001086131885182251,0.023133653837783763
2019-04-08,0.005192151174355564,0.017479481411527553
2019-04-09,0.004934102319341882,-0.016033302777026304
2019-04-10,0.004296107403145344,0.022976794549256496
2019-04-11,-0.015659613761997315,-0.04884241468951078
2019-04-12,0.0015520720450485914,0.004946456783768927
2019-04-15,-0.0029443104530167963,-0.019469655436011757
2019-04-16,-0.011035182203354088,0.03324404349954069
2019-04-17,-0.00031433679674996995,0.0031283032464854976
2019-04-18,-0.00023575460741387388,0.008843926585981654
2019-04-22,0.001257941638343807,0.01596264656454882
2019-04-23,-0.003297959167648301,0.03204026093856949
2019-04-24,0.00488454326058263,-0.019290850112804958
2019-04-25,0.0002352402979224344,-0.04654296033360583
2019-04-26,0.00713275956301529,0.013210308720646102
2019-04-29,-0.004903142565432783,-0.0071495981195695
2019-04-30,0.0032848999521646327,0.01970022468124477
2019-05-01,-0.0010913820911461203,0.009712831031092994
2019-05-02,-0.009130695162215763,0.018988001723803993
2019-05-03,0.007482082670411838,0.047773352793782475
2019-05-06,0.0019543465414031402,-0.008437513210636904
2019-05-07,0.001404423085602513,0.014389613944532975
2019-05-08,-0.003194371640046767,0.02623827370459364
2019-05-09,0.0032046083500776312,0.032105750581242765
2019-05-10,0.0017140249318270406,0.03309083467262841
2019-05-13,0.011200144317342398,0.12084029760764992
2019-05-14,-0.004153545957760962,0.02296902475640583
2019-05-15,0.001235883262963089,0.02636239502400195
2019-05-16,-0.008717155421475997,-0.03903135075478925
2019-05-17,-0.008171206225680905,-0.06861381147829526
2019-05-20,0.001255375441349571,-0.02676124440402139
2019-05-21,-0.00321289560152771,-0.0018777719496727574
2019-05-22,0.0012578427672955694,-0.03557071163113823
2019-05-23,0.00879402733280199,0.02627324600245129
2019-05-24,-0.0014010343488085608,0.013388347462754746
2019-05-28,-0.005066250974279041,-0.009745465179959223
2019-05-29,0.0032118887583234557,-0.006935191873132629
2019-05-30,0.005075745839308032,-0.03926498613880702
2019-05-31,0.014528842629704108,0.03065450270048964
2019-06-03,0.012942182084418219,-0.061073482282702374
2019-06-04,0.0005292757435053641,-0.06105791438004582
2019-06-05,0.003702603076271238,0.015109484838150777
2019-06-06,0.007001375184019221,-0.0002822011357308529
2019-06-07,0.002691368917907333,0.028372164281924572
2019-06-10,-0.012302416196554145,0.04061515460744691
2019-06-11,0.0012833645828373985,-0.009076530433291818
2019-06-12,0.0041465620480114485,0.0275165144998466
2019-06-13,0.005480837051174969,0.010442903870408582
2019-06-14,0.0006720617032041076,0.05624024589138732
2019-06-17,-0.0010447168308880261,0.036229327096723996
2019-06-18,0.005901266369733316,-0.025598800367437446
2019-06-19,-0.0014852220671657257,0.021114710375065737
2019-06-20,0.035921499971825144,0.027350847511122156
2019-06-21,0.002369105422601381,0.06480383187545935
2019-06-24,0.012963829419300632,0.014346026833304215
2019-06-25,0.0004242204477220568,0.07082074208627076
2019-06-26,-0.002332354190418773,0.10392020008548619
2019-06-27,-0.0022668971765411605,-0.14085680726768912
2019-06-28,0.0009229813816020727,0.10950072100061825
2019-07-01,-0.01709581885344058,-0.02163420059099308
2019-07-02,0.013712471369153656,0.020650116702860544
2019-07-05,-0.005624394941610045,-0.021129584913651356
2019-07-08,0.00021482709996889504,0.07293009428364816
2019-07-09,0.0003579098067287845,0.023429551998514375
2019-07-10,0.009016083005366715,-0.03318800920564069
2019-07-11,-0.004113131762793598,-0.06563153480094308
2019-07-12,0.003987733963256579,0.040262155402760014
2019-07-15,0.0010639052233962776,0.062307683223830956
2019-07-16,-0.0015587877019902496,-0.13009972953831117
2019-07-17,0.008586501859734863,0.02280748113057851
2019-07-18,0.003377138418715342,0.10034036329091234
2019-07-19,-0.0007012131104614516,-0.012726782328915776
2019-07-22,0.0001403922555396342,-0.024152889576270375
2019-07-23,-0.0036484058241971207,-0.04276653917777584
2019-07-24,0.0019013259950930728,-0.008973223166798938
2019-07-25,-0.006255288651595969,0.010183119830918352
2019-07-26,0.003253395517305746,-0.004190753530042279
2019-07-29,0.0007754501233696587,-0.003529293086854457
2019-07-30,0.007114662701290575,0.009273765163670511
2019-07-31,-0.002517993371603633,0.04977443595298836
2019-08-01,-0.003646274516170389,0.031137477723709672
2019-08-02,0.017383314506862035,0.011395156963816433
2019-08-05,0.013143331706862105,0.07615813067400379
2019-08-06,0.0053257190549074185,-0.02773962322315593
2019-08-07,0.0237028147454037,0.04040712479685493
2019-08-08,-0.006369068989527937,0.0020464361875005554
2019-08-09,-0.0007344428363409428,-0.008646764399471318
2019-08-12,0.005813225403927147,-0.012232561581109302
2019-08-13,-0.002059455191049331,-0.04276575121012838
2019-08-14,0.009120006288696691,-0.07747238805645418
2019-08-15,0.0024407625446412062,0.02585052179841818
2019-08-16,-0.004672266459683105,0.0060895785773673605
2019-08-19,-0.007999984132231353,0.05511826854062751
2019-08-20,0.002799221496146753,-0.013999682765027499
2019-08-21,0.0,-0.05808502432058682
2019-08-22,-0.004851739410103528,-0.0006898901795245882
2019-08-23,0.019568507340641972,0.0273327073884293
2019-08-26,-0.00019646731607181334,0.02291288970135863
2019-08-27,0.009631101702205491,-0.017869397733918713
2019-08-28,-0.0020765418559377524,-0.0423226300132542
2019-08-29,-0.007348191338235499,-0.025037120156209514
2019-08-30,-0.004847706518178896,0.009250450168888591
2019-09-03,0.017642056759534785,0.026750333162386175
2019-09-04,0.002846254564777606,-0.002734199230516987
2019-09-05,-0.02251178732949899,-0.0017896052889462277
2019-09-06,-0.006071052431235735,-0.021013642029600876
2019-09-09,-0.0026556899018249647,-0.010180916035894771
2019-09-10,-0.007921649839010114,-0.021190088150704223
2019-09-11,0.002751107069177916,0.006168113344040993
2019-09-12,0.0028773600983293957,0.022769346748787278
2019-09-13,-0.005204462037111224,-0.004762677556560679
2019-09-16,0.008182944398423375,-0.00685358656033852
2019-09-17,0.0013305834820929174,-0.003456475257760827
2019-09-18,0.00159459440453813,-0.004201080887540454
2019-09-19,-0.006036468325041455,0.00668418650790259
2019-09-20,0.005939685569572584,-0.00825735533562233
2019-09-23,0.010880316769630749,-0.03386842730889217
2019-09-24,0.005512912824133798,-0.11396041369808119
2019-09-25,-0.017949220305973013,-0.015494717598490082
2019-09-26,0.001927438552611127,-0.04336346028427163
2019-09-27,-0.005572155223880659,0.01636635761037164
2019-09-30,-0.022280051720846572,0.023405512608261514
2019-10-01,0.011120999894199901,0.005957196572578649
2019-10-02,0.012820512820512775,0.005964758065169384
2019-10-03,0.004063941372418389,-0.01585239346196754
2019-10-04,-0.0005971899769972033,-0.006543920837906669
2019-10-07,-0.0056433410413780916,0.032231129771502776
2019-10-08,-0.0003338452402740222,-0.002042276721117564
2019-10-09,0.00594444649430792,0.0445943248166043
2019-10-10,-0.007502773507779392,-0.0010780457235489704
2019-10-11,-0.008094793687018376,-0.030829512593228636
2019-10-14,0.006070007619498385,0.006451222954246383
2019-10-15,-0.009452286292928935,-0.020217757588298135
2019-10-16,0.007038457071550486,-0.019236463745586296
2019-10-17,0.002889817876344125,0.007006410667019791
2019-10-18,-0.0027475024226846223,-0.016128460795647226
2019-10-21,-0.0038972767040496015,0.002632251563530419
2019-10-22,-0.00047225646833903845,-0.020078018647546658
2019-10-23,0.005534233158653867,-0.06975948008239763
2019-10-24,0.006040673773423544,-0.0028188995277987905
2019-10-25,0.0004002775304512429,0.15576341819219142
2019-10-28,-0.006335445148382801,-0.03094380546605857
2019-10-29,-0.00201342281879191,0.018532445017386268
2019-10-30,0.004169435776731678,-0.023543518704878585
2019-10-31,0.012188637555078596,-0.0006671501654942347
2019-11-01,-0.0022495857787547813,0.0066872072230215185
2019-11-04,0.0,0.019193395678914982
2019-11-05,-0.01803710278514592,-0.007445856551721697
2019-11-06,0.006347853652725055,0.0019644083794718714
2019-11-07,-0.01744732308074004,-0.009968973127138625
2019-11-08,-0.001980536878190442,-0.049924746963020405
2019-11-11,-0.003969102036210148,-0.03287917995413414
2019-11-12,-0.0023359835108210936,0.006608292234487445
2019-11-13,0.006611097829809509,-0.000839348639785964
2019-11-14,0.006909829882042473,-0.011372045937828368
2019-11-15,-0.0030574805341645472,-0.024816282525034983
2019-11-18,0.002453468874654252,-0.031323177631622734
2019-11-19,0.0016316710591064432,-0.012412693864323754
2019-11-20,0.0,-0.021797985646929585
2019-11-21,-0.006923282875693437,-0.04790148564100538
2019-11-22,0.0,-0.04529421517124066
2019-11-25,-0.004442621903234856,0.013935578002902904
2019-11-26,0.0021969470360612142,0.010108585583885166
2019-11-27,-0.004384179192475135,0.043402102208407234
2019-12-02,0.00612358941312352,-0.01377965634780598
2019-12-03,0.01087321443425604,-0.00025167658418445704
2019-12-04,-0.002841260410784585,-0.009304574605185523
2019-12-05,0.0019674518317502887,0.027064535400811662
2019-12-06,-0.01205230395473278,0.013249850848634726
2019-12-09,0.00013712083016304,-0.02160739579625326
2019-12-10,0.0022613080855176104,-0.016589846467544578
2019-12-11,0.004649287646371514,-0.008339019704783124
2019-12-12,-0.0018375343377563524,0.0035617998109016558
2019-12-13,0.006068061155883875,0.003665580670554336
2019-12-16,-0.0004065980006494607,-0.03073434209541348
2019-12-17,-0.0002712027118644267,-0.042115565028359225
2019-12-18,-0.001356300035637581,0.0958190116087072
2019-12-19,0.0038027808578477984,-0.010163597764501375
2019-12-20,-0.002367744632674529,0.0022174806884946996
2019-12-23,0.005289244767866741,-0.020762644463299562
2019-12-26,0.01807760472175368,-0.004974321675561111
2019-12-27,0.002981514512625516,0.007061999789968132
2019-12-30,0.00046238008808519027,-0.017467840398115997
2019-12-31,0.003301419610432399,-0.013628967852769791
2020-01-02,0.0032905561039815456,-0.029819292086149973
2020-01-03,0.016202001311905523,0.051451663372384715
2020-01-06,0.010973405975791994,0.04829126004250628
2020-01-07,0.0035755958212260186,0.0507738464980616
2020-01-08,-0.009161486544781217,-0.010268587554152053
2020-01-09,-0.003659992880544638,-0.024850855657345572
2020-01-10,0.0037378676181965,0.03648690301880575
2020-01-13,-0.005842681219903723,-0.005895616666758308
2020-01-14,-0.0038749676485408946,0.08393344802424418
2020-01-15,0.00628886919674998,-0.0023509808912612895
2020-01-16,-0.0019972785567519136,-0.009449813499500914
2020-01-17,0.006326693996126398,0.023527852456582066
2020-01-21,-0.0015396618710267207,0.01019353157685865
2020-01-22,-0.0007067431142625535,-0.0074341799766211025
2020-01-23,0.005979506659168132,-0.0316051459238581
2020-01-24,0.004154416527998306,0.004629616684974636
2020-01-27,0.003628077835321708,0.03640751941822895
2020-01-28,-0.004819950382941585,0.0503680816721781
2020-01-29,0.0003824229025863879,-0.004483577301648944
2020-01-30,0.00872719491168783,0.020647303093042746
2020-01-31,-0.0003788923271234035,-0.01666463149851949
2020-02-03,-0.0036010315961685357,-0.005441113304839762
2020-02-04,-0.01699209220936626,-0.012111511572205025
2020-02-05,0.004772977867291361,0.047104093779089196
2020-02-06,0.004686048767738926,0.012105773352157456
2020-02-07,0.002236278866315722,0.006797836445703309
2020-02-10,0.0038888021760368208,-0.02570632447200416
2020-02-11,-0.005778862820324138,0.03567402510852058
2020-02-12,0.0011497496343855218,0.011541500041181152
2020-02-13,0.004912563405702786,-0.010814857016957169
2020-02-14,0.004825074671958474,0.009568503337404222
2020-02-18,0.010930719362864272,0.04663022368998626
2020-02-19,0.004687499999999956,-0.05014884351029214
2020-02-20,0.005660949300155593,-0.0025859164307052707
2020-02-21,0.017320302125255038,0.00811427570400447
2020-02-24,0.016903835829801928,-0.027642741506591073
2020-02-25,-0.015247548214577189,-0.03196519578486534
2020-02-26,-0.00418970423185816,-0.055790951721158666
2020-02-27,0.0,-0.00408460158219659
2020-02-28,-0.046280502439024374,-0.012754184953812753
2020-03-02,0.018029584702199397,0.035879412180234604
2020-03-03,0.03127546660020242,-0.009231886836836845
2020-03-04,-0.0006089763197220099,-0.0037028710653078667
2020-03-05,0.015416518414475888,0.03695117162060191
2020-03-06,0.0026404374319668467,0.0048225958173919725
2020-03-09,0.002214478627897254,-0.02275148446315234
2020-03-10,-0.009196789489399837,-0.001756141248583143
2020-03-11,-0.010668405916485879,0.00021501165137438605
2020-03-12,-0.03174118084453015,-0.3716953856106434
2020-03-13,-0.0463097563272018,0.11928067234850137
2020-03-16,-0.019660835233476948,-0.07006915677850423
2020-03-17,0.02624671873617257,0.04210793857830897
2020-03-18,-0.03121514476413967,0.0024512036793606917
2020-03-19,0.0008799343104874957,0.1818775572497766
2020-03-20,0.003652119631848194,0.001225199918343911
2020-03-23,0.055929919137466255,0.10052048662723956
2020-03-24,0.059476675813656676,0.04963733434667761
2020-03-25,-0.016805145659229193,-0.007979552976759341
2020-03-26,0.010904813126057844,0.005295181629561441
2020-03-27,-0.015877796728117732,-0.0367221436072499
2020-03-30,-0.001170037546597169,0.08574723801535455
2020-03-31,-0.023797765721331632,0.0013690436371400772
2020-04-01,-0.0032841183031332433,0.026112924108560476
2020-04-02,0.03009758045544375,0.02828128797173801
2020-04-03,0.004920957274482829,-0.00886674041133706
2020-04-06,0.026504284935245037,0.0707764242209672
2020-04-07,-0.0072748664281455655,-0.013114627038595228
2020-04-08,0.000360388624664143,0.021972543653853815
2020-04-09,0.042512264909154274,-0.004364446076028039
2020-04-13,0.004953402973572496,-0.018082418460512506
2020-04-14,0.006820209574627478,-0.00038127825634770574
2020-04-15,-0.016792850698952422,-0.029275847518947296
2020-04-16,-0.003936965720768515,0.07146740204408464
2020-04-20,0.007340768032025435,-0.04276646843655241
2020-04-21,-0.013751777932559106,-0.00023761462684646073
2020-04-22,0.03009176586491269,0.03442923677683796
2020-04-23,0.0026610158676403373,0.04391007120725354
2020-04-24,-0.005653982993685358,0.016309658349006995
2020-04-27,-0.006730476356251791,0.015069777011357255
2020-04-28,-0.0008178187863615571,0.0014697417032041304
2020-04-29,-0.004150819058754696,0.12731805199514046
2020-04-30,-0.011271617194717143,-0.01618949646708756
2020-05-01,0.0061156924947565194,0.023816089601433443
2020-05-04,0.007317807022720668,0.0017067266462722497
2020-05-05,-0.0014646434851769419,0.010144678901147897
2020-05-06,-0.011851720673291877,0.02951119970887639
2020-05-07,0.02232519836951341,0.07366214136246696
2020-05-08,-0.006911386143188536,-0.010938284282785204
2020-05-11,-0.008538496283452934,-0.01765956608732633
2020-05-12,0.0053677666117970535,0.02356271218282746
2020-05-13,0.005573808886545795,0.052871935210010435
2020-05-14,0.014119815427460436,0.05002535167981015
2020-05-15,0.00880274334691089,-0.04166180494283467
2020-05-18,-0.012318908808227613,0.005773698939696814
2020-05-19,0.0071601233682607734,0.000253212559469862
2020-05-20,0.0036693184152025715,-0.021179549219415117
2020-05-21,-0.01719409140446604,-0.04633209972614827
2020-05-22,0.00819527811682641,0.011100867003489334
2020-05-26,-0.017179711410303833,-0.008070322672191654
2020-05-27,0.003226184796994991,0.039158209284775536
2020-05-28,0.001754078181634977,0.03754849569464569
2020-05-29,0.013774572068549595,-0.009093976339415222
2020-06-01,0.0005181789323298602,0.07464386294445569
2020-06-02,-0.007250602856899713,-0.06269774822526064
2020-06-03,-0.015882160200687445,0.013317594553758472
2020-06-04,0.012427832719422938,0.014903505454243904
2020-06-05,-0.024841510503114672,-0.013785177419960992
2020-06-08,0.013184643029499732,0.0012948980373972407
2020-06-09,0.009656657555687342,0.002477712082646688
2020-06-10,-0.0008164122237150906,0.007594610953689074
2020-06-11,0.010914580321709888,-0.055553010600806974
2020-06-12,-0.0015588631639723571,0.01706353064227928
2020-06-15,-0.005204417825122043,0.006808938415827859
2020-06-16,0.005405991242868335,0.009239764901328495
2020-06-17,-0.00023128180246911878,-0.006056760655299365
2020-06-18,-0.002544472660582553,-0.007216479287142419
2020-06-19,0.012233287569903162,-0.013156009261958479
2020-06-22,0.006185879404054573,0.03709174745123511
2020-06-23,0.008766451545258791,-0.001975347444956199
2020-06-24,-0.0035550629678469114,-0.03282025637229158
2020-06-25,-0.002095408821681355,-0.005239308190461478
2020-06-26,0.005902062392400875,-0.010998117582502465
2020-06-29,0.0012976299012694703,0.0051700155190526065
2020-06-30,0.010254648691414348,-0.005751513969241118
2020-07-01,-0.011042972113775806,0.009885324860591016
2020-07-02,0.0060907113120036716,-0.011368806016593735
2020-07-06,0.002522421524663754,0.033230564320633205
2020-07-07,0.008778278445624954,-0.013140376368972029
2020-07-08,0.006263191058029305,0.01902835998687058
2020-07-09,-0.008978269898099689,-0.01594823123795197
2020-07-10,-0.0005558025940608502,9.052025406308672e-05
2020-07-13,0.007118256783891885,-0.0035450592357031407
2020-07-14,-0.0002208856985090879,-4.331541633217917e-05
2020-07-15,0.00044186899956089043,-0.0054501555113699585
2020-07-16,-0.007011191802877015,-0.006593108913712675
2020-07-17,0.005337242598279168,0.002098616018726629
2020-07-20,0.004202828509684009,-0.0023499202193969504
2020-07-21,0.014593314416961434,0.022986788500953148
2020-07-22,0.011778089295118255,0.016050921450531552
2020-07-23,0.013411297849831527,0.005848489276111923
2020-07-24,0.004340730032384554,-0.004611142341215513
2020-07-27,0.017762056675095783,0.1096100707718386
2020-07-28,0.007094744174003242,-0.007101328954145503
2020-07-29,0.004525144866422526,0.017194865786684277
2020-07-30,-0.005733274123368326,0.0009680757802061901
2020-07-31,0.010554496979266581,0.019102587038701824
2020-08-03,0.001630299021864401,0.01743632177688026
2020-08-04,0.017904349440488243,-0.00359726132633742
2020-08-05,0.014941048237113286,0.04828976176894417
2020-08-06,0.010043830555389599,0.0027880236978121697
2020-08-07,-0.020180367535949317,-0.015136180923889908
2020-08-10,0.007114097891019577,0.017332698643585998
2020-08-11,-0.04534679258628582,-0.03936534387396862
2020-08-12,0.0011901314439424215,0.015284938512784452
2020-08-13,0.011266694263062371,0.017195015111768575
2020-08-14,-0.01006794679477152,-0.0012955212672436378
2020-08-17,0.0247805885389778,0.030404826463716672
2020-08-18,0.007254420151133534,-0.021475461520883754
2020-08-19,-0.020356143098655854,-0.019426708435084983
2020-08-20,-0.012712463686583408,0.010213129325661985
2020-08-21,0.0004136554864675457,-0.02406750776245048
2020-08-24,-0.0035666417272817164,0.00940844237631766
2020-08-25,-0.00824812076783632,-0.03469001801020921
2020-08-26,0.015116592352383718,0.010753745007988869
2020-08-27,-0.009841797022851595,-0.014359384010151133
2020-08-28,0.022377185958083023,0.01934954060869387
2020-08-31,0.0015270284213828589,-0.0026201195960141588
2020-09-01,0.00030492732634601616,0.024797762078201613
2020-09-02,-0.017173014856964652,-0.04648471949189359
2020-09-03,-0.0035153266726800636,-0.10239476127098823
2020-09-04,-0.0019194604928756132,0.02601355580533138
2020-09-08,0.004729963036790297,-0.02295630626380707
2020-09-09,0.006052742369374142,0.010939236281577225
2020-09-10,0.004885072370734989,0.01179329388699668
2020-09-11,-0.008392131005636294,0.003645263099881779
2020-09-14,0.007895513785282304,0.03458838400258202
2020-09-15,0.001638458368400375,0.010871177166525525
2020-09-16,0.001993509125552295,0.01648188439172471
2020-09-17,-0.01030504617128214,-0.0023612995607128484
2020-09-18,0.006237101030927894,-0.00040225590724563
2020-09-21,-0.026074497016437603,-0.043518001788151794
2020-09-22,-0.0013675442178675556,0.00728333999578501
2020-09-23,-0.020383415405668348,-0.029662370418147788
2020-09-24,0.00451638523125264,0.05082060126051813
2020-09-25,-0.0056736593277260106,-0.004025740303490233
2020-09-28,0.008128383699354425,-0.004928300242105443
2020-09-29,0.01148013639335388,0.011892457737733064
2020-09-30,-0.003589742292193776,-0.005642259447323328
2020-10-01,0.011072860397351114,-0.015229319716585255
2020-10-02,-0.004296831323032935,-0.0035926601846852924
2020-10-05,0.006473028795483726,0.011191264337502282
2020-10-06,-0.005960796862745088,-0.016876795400904365
2020-10-07,-0.009205197107424512,0.005410890013006764
2020-10-08,0.002654491433270234,0.02289428606761912
2020-10-14,0.006777891977760131,0.003981418816857429
2020-10-15,0.0009992646878642653,0.005760771129040609
2020-10-16,-0.001260982588161097,-0.015069273044499454
2020-10-19,0.002946114717824244,0.02252631181805209
2020-10-20,0.0020981955254109064,0.014843919362714786
2020-10-21,0.007432973105950813,0.07614375518727923
2020-10-22,-0.012210329571364364,0.011089020014184214
2020-10-23,0.0004734227612235298,-0.002649454434332954
2020-10-26,0.0003680078864354286,0.0033822140339572204
2020-10-27,0.0032060220513454585,0.04427990206524912
2020-10-28,-0.01707884386165992,-0.028045075372767125
2020-10-29,-0.005649704336870065,0.012553242209906168
2020-10-30,0.006325068692003555,0.008084580697109489
2020-11-02,0.006924469923198506,-0.013585108184377415
2020-11-03,0.009574680369343946,0.029505320094915133
2020-11-04,-0.007283219282158804,0.013147117963921984
2020-11-05,0.026760304888761466,0.10231863437017075
2020-11-06,0.002570297575723801,-0.0008965282223868387
2020-11-09,-0.04978726122156796,-0.009512665913500529
2020-11-10,0.011979318792891602,-0.0027010327428412806
2020-11-11,-0.007838366648117323,0.0268419410945393
2020-11-12,0.006395456179597581,0.03662132733339485
2020-11-13,0.006995607800862169,0.0025475527327811776
2020-11-16,0.0008485432685891858,0.04766502132014727
2020-11-17,-0.0014836268358513482,0.05559276938072344
2020-11-18,-0.005837092066861227,0.008988152879733313
2020-11-19,-0.0066186410461702705,0.0007348899513748286
2020-11-20,0.006179141447691938,0.04513782082492157
2020-11-23,-0.01858374850262201,-0.0003201338255187647
2020-11-24,-0.017956251561727976,0.04047804663207488
2020-11-25,0.0004986158995832213,-0.019643827847620643
2020-11-30,-0.01661405594178922,0.07967832804147301
2020-12-01,0.021625289215317478,-0.04192625952848217
2020-12-02,0.0063943416313678725,0.02117182318505395
2020-12-03,0.006079913621030553,0.012723580699623094
2020-12-04,-0.0004899961759528004,-0.03834494908280672
2020-12-07,0.014107535629075185,-0.007934312442613889
2020-12-08,0.00483403145511474,-0.04535760063307914
2020-12-09,-0.019350049204536868,0.012705073343324269
2020-12-10,-0.0005450779532769623,-0.015572121149564633
2020-12-11,0.00338136620918017,-0.011283218130002659
2020-12-14,-0.006033317591242149,0.005446642615944075
2020-12-15,0.012905396528880786,0.008855135279580262
2020-12-16,0.0020514640714131005,0.09751836307520456
2020-12-17,0.016755549486629606,0.07013245133363033
2020-12-18,-0.0007948283377207099,0.014593135861492579
2020-12-21,-0.0034469959001446338,-0.028717656494923083
2020-12-22,-0.006704967714210031,0.042974334112722
2020-12-23,0.004339427356769621,-0.022776055448425536
2020-12-28,0.0013335467356609954,0.030926634860497515
2020-12-29,0.0013317707571152138,0.01025035510354333
2020-12-30,0.006011623820061374,0.054034499850387885
2020-12-31,0.0011105108408249187,0.005574281033751349
2021-01-04,0.027256867389025885,-0.024712000359957687
2021-01-05,0.004113745154303183,0.06319658000514483
2021-01-06,-0.023454666947958613,0.08331071414997226
2021-01-07,0.002831834355255136,0.06915746698908976
2021-01-08,-0.04089320242442773,0.03623389929302223
2021-01-11,0.008451011505819839,-0.07273315911844724
2021-01-12,-0.0036223789397367145,-0.0462145021574808
2021-01-13,0.005806040404066959,0.10003249548888205
2021-01-14,-0.001780280018734759,0.050138030111625875
2021-01-15,-0.011349510589566014,-0.06027358970394214
2021-01-19,0.005575876415449654,-0.015295342500545428
2021-01-20,0.014351739059527135,-0.014473454805639108
2021-01-21,-0.00032154723848165645,-0.13283684005316798
2021-01-22,-0.005146677611007733,0.07072224005404815
2021-01-25,-0.0004310648386712801,0.002385108497261479
2021-01-26,-0.002264312332555085,0.006286058309083797
2021-01-27,-0.0031339099549152483,-0.06562212474599216
2021-01-28,-0.0037942435410798225,0.03999200589418295
2021-01-29,0.005114546426492561,0.08425954164300875
2021-02-01,0.007307962779142363,0.01276837039822687
2021-02-02,-0.016283344906554142,0.05883361481850957
2021-02-03,0.000928681234635409,0.0552459817355897
2021-02-04,-0.02363275196921999,-0.014571470133455389
2021-02-05,0.012298060095503605,0.03299138810523439
2021-02-08,0.011596443603559159,0.18746473767935656
2021-02-09,0.0018560101290767683,0.006161523959921977
2021-02-10,0.0028877714044022174,-0.03362488605272895
2021-02-11,-0.008529801263020276,0.06659103725199489
2021-02-12,-0.0018083445430433498,-0.008442623824065798
2021-02-16,-0.013394831643322336,0.02617188375189583
2021-02-17,-0.014522577182064511,0.059941960282079876
2021-02-18,0.0012986550907163608,-0.008997504606080509
2021-02-19,0.0013533466603810052,0.08143096901442681
2021-02-22,0.01740055251006467,-0.05791845963480713
2021-02-23,-0.001272998872185238,-0.09930198543145974
2021-02-24,-0.0044336066801116125,0.018042326886777316
2021-02-25,-0.012246715489912519,-0.05253924199462712
2021-02-26,-0.02609335402037849,-0.016012490356436593
2021-03-01,-0.0032405393656460557,0.09955017059303173
2021-03-02,0.006153832220609612,-0.02523116190113761
2021-03-03,-0.010270571372969717,0.04463205998559516
2021-03-04,-0.008803181699203577,-0.03912035981871642
2021-03-05,-0.001293936632986048,0.007539701665201459
2021-03-08,-0.011955270318021127,0.020306565479021765
2021-03-09,0.02318652091323803,0.04933522042014493
2021-03-10,0.0028544938066572545,0.021604243784508315
2021-03-11,0.00046473947139125116,0.03207671485778674
2021-03-12,-0.001625761435486095,-0.00818320662681038
2021-03-15,0.005466719395172959,-0.05725100456036303
2021-03-16,0.0009832563921579052,0.01605702194959746
2021-03-17,-0.0021957281016395935,0.03636996283329075
2021-03-18,0.003127114805867137,-0.01718969388968805
2021-03-19,0.005311207285676689,0.008429650142007583
2021-03-22,-0.0020672877859108096,-0.05205318540518422
2021-03-23,-0.007538322954668053,0.0038474981370875128
2021-03-24,0.004754492510564257,-0.035891807501329476
2021-03-25,-0.0046165386861348745,-0.020277031926960176
2021-03-26,0.004232087018627206,0.0663999247573428
2021-03-29,-0.01160372680324595,0.03216137854492285
2021-03-30,-0.01647097272081266,0.020216245186837067
2021-03-31,0.017756413429447004,1.9359634988669328e-05
2021-04-01,0.007410404152695893,0.003003735086039905
2021-04-05,0.0002896032435564244,0.005094138540155946
2021-04-06,0.008396062536189852,-0.01465544559054699
2021-04-07,-0.0008039184610967309,-0.036833390122360865
2021-04-08,0.009597191673083483,0.04058980823677527
2021-04-09,-0.007684426015177048,-0.0013536328518541918
2021-04-12,-0.006940915309983975,-0.00517418654436852
2021-04-13,0.008664510411599435,0.06027376478804425
2021-04-14,-0.006471152970499716,-0.006200634365587043
2021-04-15,0.01758026374896171,0.0032374804693109382
2021-04-16,0.007703622870235183,-0.027501379374409107
