date,treasure index price
2009-03-26,27.33
2009-03-27,27.61
2009-03-30,27.14
2009-03-31,26.85
2009-04-01,26.58
2009-04-02,27.52
2009-04-03,29.07
2009-04-06,29.39
2009-04-07,29.09
2009-04-08,28.47
2009-04-09,29.26
2009-04-13,28.45
2009-04-14,27.86
2009-04-15,27.59
2009-04-16,28.3
2009-04-17,29.3
2009-04-20,28.43
2009-04-21,29.02
2009-04-22,29.64
2009-04-23,29.27
2009-04-24,29.96
2009-04-27,29.21
2009-04-28,30.02
2009-04-29,30.96
2009-04-30,31.24
2009-05-01,31.74
2009-05-04,31.57
2009-05-05,31.57
2009-05-06,31.52
2009-05-07,32.95
2009-05-08,32.93
2009-05-11,31.8
2009-05-12,31.75
2009-05-13,31.05
2009-05-14,31.07
2009-05-15,31.23
2009-05-18,32.11
2009-05-19,32.43
2009-05-20,32.02
2009-05-21,33.53
2009-05-22,34.48
2009-05-26,34.93
2009-05-27,36.95
2009-05-28,36.72
2009-05-29,34.65
2009-06-01,37.15
2009-06-02,36.44
2009-06-03,35.51
2009-06-04,37.16
2009-06-05,38.62
2009-06-08,38.89
2009-06-09,38.58
2009-06-10,39.36
2009-06-11,38.62
2009-06-12,37.88
2009-06-15,37.13
2009-06-16,36.74
2009-06-17,36.47
2009-06-18,38.34
2009-06-19,37.89
2009-06-22,36.93
2009-06-23,36.4
2009-06-24,36.85
2009-06-25,35.46
2009-06-26,35.06
2009-06-29,34.92
2009-06-30,35.23
2009-07-01,35.44
2009-07-02,34.95
2009-07-06,35.06
2009-07-07,34.6
2009-07-08,32.89
2009-07-09,34.13
2009-07-10,32.95
2009-07-13,33.46
2009-07-14,34.47
2009-07-15,35.96
2009-07-16,35.57
2009-07-17,36.51
2009-07-20,35.85
2009-07-21,34.77
2009-07-22,35.54
2009-07-23,37.09
2009-07-24,36.7
2009-07-27,37.13
2009-07-28,36.88
2009-07-29,36.64
2009-07-30,36.41
2009-07-31,35.01
2009-08-03,36.39
2009-08-04,36.79
2009-08-05,37.64
2009-08-06,37.46
2009-08-07,38.54
2009-08-10,37.71
2009-08-11,36.93
2009-08-12,37.01
2009-08-13,35.91
2009-08-14,35.58
2009-08-17,34.91
2009-08-18,35.26
2009-08-19,34.63
2009-08-20,34.35
2009-08-21,35.56
2009-08-24,34.94
2009-08-25,34.5
2009-08-26,34.38
2009-08-27,34.62
2009-08-28,34.51
2009-08-31,34.01
2009-09-01,33.75
2009-09-02,32.95
2009-09-03,33.28
2009-09-04,34.42
2009-09-08,34.69
2009-09-09,34.79
2009-09-10,33.42
2009-09-11,33.43
2009-09-14,34.06
2009-09-15,34.52
2009-09-16,34.71
2009-09-17,33.98
2009-09-18,34.74
2009-09-21,34.87
2009-09-22,34.56
2009-09-23,34.18
2009-09-24,33.81
2009-09-25,33.29
2009-09-28,33.02
2009-09-29,32.92
2009-09-30,33.07
2009-10-01,31.94
2009-10-02,32.21
2009-10-05,32.24
2009-10-06,32.48
2009-10-07,31.75
2009-10-08,32.55
2009-10-09,33.84
2009-10-12,33.8
2009-10-13,33.12
2009-10-14,34.23
2009-10-15,34.7
2009-10-16,34.17
2009-10-19,33.95
2009-10-20,33.37
2009-10-21,34.11
2009-10-22,34.21
2009-10-23,34.75
2009-10-26,35.54
2009-10-27,34.62
2009-10-28,34.11
2009-10-29,35.01
2009-10-30,33.92
2009-11-02,34.22
2009-11-03,34.73
2009-11-04,35.46
2009-11-05,35.33
2009-11-06,35.03
2009-11-09,34.86
2009-11-10,34.82
2009-11-11,34.74
2009-11-12,34.46
2009-11-13,34.29
2009-11-16,33.31
2009-11-17,33.19
2009-11-18,33.66
2009-11-19,33.49
2009-11-20,33.56
2009-11-23,33.64
2009-11-24,33.17
2009-11-25,32.79
2009-11-27,32.31
2009-11-30,32.01
2009-12-01,32.75
2009-12-02,33.23
2009-12-03,33.8
2009-12-04,34.83
2009-12-07,34.48
2009-12-08,33.92
2009-12-09,34.23
2009-12-10,34.82
2009-12-11,35.4
2009-12-14,35.46
2009-12-15,36.03
2009-12-16,35.96
2009-12-17,34.87
2009-12-18,35.46
2009-12-21,36.82
2009-12-22,37.44
2009-12-23,37.48
2009-12-24,38.07
2009-12-28,38.42
2009-12-29,38.09
2009-12-30,37.84
2009-12-31,38.43
2010-01-04,38.41
2010-01-05,37.55
2010-01-06,38.08
2010-01-07,38.22
2010-01-08,38.08
2010-01-11,38.18
2010-01-12,37.19
2010-01-13,37.83
2010-01-14,37.34
2010-01-15,36.76
2010-01-19,37.07
2010-01-20,36.59
2010-01-21,36.11
2010-01-22,35.98
2010-01-25,36.3
2010-01-26,36.3
2010-01-27,36.44
2010-01-28,36.58
2010-01-29,36.09
2010-02-01,36.54
2010-02-02,36.35
2010-02-03,37.03
2010-02-04,36.1
2010-02-05,35.46
2010-02-08,35.92
2010-02-09,36.33
2010-02-10,36.94
2010-02-11,37.33
2010-02-12,36.93
2010-02-16,36.64
2010-02-17,37.42
2010-02-18,38.03
2010-02-19,37.82
2010-02-22,37.99
2010-02-23,36.91
2010-02-24,36.95
2010-02-25,36.42
2010-02-26,35.95
2010-03-01,36.06
2010-03-02,36.14
2010-03-03,36.25
2010-03-04,36.06
2010-03-05,36.82
2010-03-08,37.08
2010-03-09,37.01
2010-03-10,37.2
2010-03-11,37.2
2010-03-12,37.1
2010-03-15,37.04
2010-03-16,36.53
2010-03-17,36.42
2010-03-18,36.72
2010-03-19,36.87
2010-03-22,36.63
2010-03-23,36.8
2010-03-24,38.29
2010-03-25,39.01
2010-03-26,38.55
2010-03-29,38.64
2010-03-30,38.68
2010-03-31,38.33
2010-04-01,38.59
2010-04-05,39.94
2010-04-06,39.68
2010-04-07,38.63
2010-04-08,38.96
2010-04-09,38.88
2010-04-12,38.46
2010-04-13,38.11
2010-04-14,38.55
2010-04-15,38.48
2010-04-16,37.7
2010-04-19,38.07
2010-04-20,38.05
2010-04-21,37.38
2010-04-22,37.72
2010-04-23,38.17
2010-04-26,38.15
2010-04-27,36.9
2010-04-28,37.73
2010-04-29,37.28
2010-04-30,36.63
2010-05-03,37.05
2010-05-04,36.13
2010-05-05,35.5
2010-05-06,33.98
2010-05-07,34.29
2010-05-10,35.39
2010-05-11,35.35
2010-05-12,35.67
2010-05-13,35.64
2010-05-14,34.42
2010-05-17,34.72
2010-05-18,33.76
2010-05-19,33.59
2010-05-20,32.64
2010-05-21,32.0
2010-05-24,32.27
2010-05-25,31.58
2010-05-26,32.18
2010-05-27,33.38
2010-05-28,33.01
2010-06-01,32.96
2010-06-02,33.34
2010-06-03,33.79
2010-06-04,31.95
2010-06-07,31.84
2010-06-08,31.68
2010-06-09,31.87
2010-06-10,33.19
2010-06-11,32.16
2010-06-14,32.75
2010-06-15,33.1
2010-06-16,32.82
2010-06-17,31.9
2010-06-18,32.23
2010-06-21,32.43
2010-06-22,31.66
2010-06-23,31.15
2010-06-24,31.23
2010-06-25,31.13
2010-06-28,30.32
2010-06-29,29.67
2010-06-30,29.51
2010-07-01,29.27
2010-07-02,29.79
2010-07-06,29.32
2010-07-07,29.8
2010-07-08,30.2
2010-07-09,30.56
2010-07-12,30.46
2010-07-13,31.14
2010-07-14,30.5
2010-07-15,29.78
2010-07-16,29.39
2010-07-19,29.64
2010-07-20,29.32
2010-07-21,28.92
2010-07-22,29.32
2010-07-23,29.94
2010-07-26,29.94
2010-07-27,30.47
2010-07-28,30.01
2010-07-29,29.99
2010-07-30,29.07
2010-08-02,29.63
2010-08-03,29.14
2010-08-04,29.52
2010-08-05,29.15
2010-08-06,28.24
2010-08-09,28.22
2010-08-10,27.81
2010-08-11,26.85
2010-08-12,27.35
2010-08-13,26.88
2010-08-16,25.75
2010-08-17,26.45
2010-08-18,26.41
2010-08-19,25.79
2010-08-20,26.12
2010-08-23,26.07
2010-08-24,24.99
2010-08-25,25.38
2010-08-26,24.99
2010-08-27,26.52
2010-08-30,25.45
2010-08-31,24.77
2010-09-01,25.82
2010-09-02,26.28
2010-09-03,27.06
2010-09-07,26.09
2010-09-08,26.54
2010-09-09,27.61
2010-09-10,27.95
2010-09-13,27.41
2010-09-14,26.66
2010-09-15,27.23
2010-09-16,27.59
2010-09-17,27.46
2010-09-20,27.06
2010-09-21,25.94
2010-09-22,25.48
2010-09-23,25.55
2010-09-24,26.12
2010-09-27,25.17
2010-09-28,24.56
2010-09-29,25.06
2010-09-30,25.17
2010-10-01,25.26
2010-10-04,24.79
2010-10-05,24.74
2010-10-06,23.99
2010-10-07,23.96
2010-10-08,23.81
2010-10-12,24.22
2010-10-13,24.31
2010-10-14,24.95
2010-10-15,25.76
2010-10-18,24.91
2010-10-19,24.75
2010-10-20,24.7
2010-10-21,25.31
2010-10-22,25.63
2010-10-25,25.54
2010-10-26,26.36
2010-10-27,27.12
2010-10-28,26.61
2010-10-29,26.12
2010-11-01,26.28
2010-11-02,25.94
2010-11-03,26.19
2010-11-04,24.84
2010-11-05,25.36
2010-11-08,25.63
2010-11-09,26.59
2010-11-10,26.48
2010-11-12,27.56
2010-11-15,29.11
2010-11-16,28.47
2010-11-17,28.64
2010-11-18,29.02
2010-11-19,28.75
2010-11-22,28.13
2010-11-23,27.62
2010-11-24,29.14
2010-11-26,28.64
2010-11-29,28.22
2010-11-30,27.97
2010-12-01,29.64
2010-12-02,30.0
2010-12-03,30.17
2010-12-06,29.41
2010-12-07,31.65
2010-12-08,32.36
2010-12-09,32.23
2010-12-10,32.96
2010-12-13,32.83
2010-12-14,34.55
2010-12-15,35.2
2010-12-16,34.77
2010-12-17,33.3
2010-12-20,33.49
2010-12-21,33.26
2010-12-22,33.46
2010-12-23,33.93
2010-12-27,33.51
2010-12-28,34.81
2010-12-29,33.41
2010-12-30,33.69
2010-12-31,33.05
2011-01-03,33.42
2011-01-04,33.46
2011-01-05,34.83
2011-01-06,34.19
2011-01-07,33.28
2011-01-10,33.04
2011-01-11,33.41
2011-01-12,33.55
2011-01-13,33.01
2011-01-14,33.33
2011-01-18,33.64
2011-01-19,33.37
2011-01-20,34.59
2011-01-21,34.16
2011-01-24,34.08
2011-01-25,33.19
2011-01-26,34.28
2011-01-27,33.85
2011-01-28,33.29
2011-01-31,33.78
2011-02-01,34.43
2011-02-02,34.89
2011-02-03,35.41
2011-02-04,36.52
2011-02-07,36.44
2011-02-08,37.25
2011-02-09,36.42
2011-02-10,37.08
2011-02-11,36.46
2011-02-14,36.14
2011-02-15,36.16
2011-02-16,36.21
2011-02-17,35.74
2011-02-18,35.89
2011-02-22,34.61
2011-02-23,34.87
2011-02-24,34.38
2011-02-25,34.25
2011-02-28,34.14
2011-03-01,34.14
2011-03-02,34.64
2011-03-03,35.72
2011-03-04,34.92
2011-03-07,34.97
2011-03-08,35.44
2011-03-09,34.69
2011-03-10,33.93
2011-03-11,33.93
2011-03-14,33.47
2011-03-15,33.23
2011-03-16,32.12
2011-03-17,32.48
2011-03-18,32.77
2011-03-21,33.23
2011-03-22,33.32
2011-03-23,33.48
2011-03-24,34.04
2011-03-25,34.44
2011-03-28,34.48
2011-03-29,34.91
2011-03-30,34.55
2011-03-31,34.54
2011-04-01,34.51
2011-04-04,34.31
2011-04-05,34.87
2011-04-06,35.45
2011-04-07,35.55
2011-04-08,35.7
2011-04-11,35.7
2011-04-12,35.0
2011-04-13,34.66
2011-04-14,34.85
2011-04-15,34.1
2011-04-18,33.71
2011-04-19,33.56
2011-04-20,34.0
2011-04-21,34.0
2011-04-25,33.63
2011-04-26,33.2
2011-04-27,33.68
2011-04-28,33.12
2011-04-29,32.96
2011-05-02,32.86
2011-05-03,32.55
2011-05-04,32.23
2011-05-05,31.68
2011-05-06,31.57
2011-05-09,31.42
2011-05-10,31.95
2011-05-11,31.57
2011-05-12,32.3
2011-05-13,31.87
2011-05-16,31.49
2011-05-17,31.21
2011-05-18,31.71
2011-05-19,31.71
2011-05-20,31.52
2011-05-23,31.34
2011-05-24,31.23
2011-05-25,31.29
2011-05-26,30.61
2011-05-27,30.64
2011-05-31,30.5
2011-06-01,29.66
2011-06-02,30.3
2011-06-03,29.97
2011-06-06,30.02
2011-06-07,30.11
2011-06-08,29.62
2011-06-09,29.98
2011-06-10,29.71
2011-06-13,29.91
2011-06-14,30.99
2011-06-15,29.73
2011-06-16,29.09
2011-06-17,29.44
2011-06-20,29.63
2011-06-21,29.85
2011-06-22,29.93
2011-06-23,29.09
2011-06-24,28.71
2011-06-27,29.27
2011-06-28,30.45
2011-06-29,31.08
2011-06-30,31.58
2011-07-01,31.97
2011-07-05,31.36
2011-07-06,30.95
2011-07-07,31.49
2011-07-08,30.16
2011-07-11,29.17
2011-07-12,29.08
2011-07-13,28.91
2011-07-14,29.44
2011-07-15,29.08
2011-07-18,29.09
2011-07-19,28.91
2011-07-20,29.33
2011-07-21,30.1
2011-07-22,29.64
2011-07-25,30.04
2011-07-26,29.51
2011-07-27,29.8
2011-07-28,29.51
2011-07-29,28.05
2011-08-01,27.4
2011-08-02,26.24
2011-08-03,25.99
2011-08-04,24.58
2011-08-05,25.58
2011-08-08,23.39
2011-08-09,21.82
2011-08-10,21.37
2011-08-11,23.36
2011-08-12,22.37
2011-08-15,22.85
2011-08-16,22.14
2011-08-17,21.65
2011-08-18,20.83
2011-08-19,20.71
2011-08-22,20.88
2011-08-23,21.37
2011-08-24,22.6
2011-08-25,22.22
2011-08-26,21.88
2011-08-29,22.71
2011-08-30,21.76
2011-08-31,22.18
2011-09-01,21.46
2011-09-02,19.96
2011-09-06,19.79
2011-09-07,20.36
2011-09-08,19.86
2011-09-09,19.15
2011-09-12,19.3
2011-09-13,19.94
2011-09-14,20.11
2011-09-15,20.85
2011-09-16,20.76
2011-09-19,19.4
2011-09-20,19.47
2011-09-21,18.75
2011-09-22,17.15
2011-09-23,18.08
2011-09-26,19.04
2011-09-27,20.16
2011-09-28,20.02
2011-09-29,19.57
2011-09-30,19.24
2011-10-03,17.85
2011-10-04,17.81
2011-10-05,19.05
2011-10-06,19.86
2011-10-07,20.68
2011-10-10,20.76
2011-10-11,21.6
2011-10-12,22.26
2011-10-13,21.69
2011-10-14,22.32
2011-10-17,21.55
2011-10-18,21.51
2011-10-19,21.59
2011-10-20,21.8
2011-10-21,22.03
2011-10-24,22.34
2011-10-25,21.28
2011-10-26,22.03
2011-10-27,23.95
2011-10-28,23.06
2011-10-31,21.75
2011-11-01,20.01
2011-11-02,20.06
2011-11-03,20.66
2011-11-04,20.5
2011-11-07,19.94
2011-11-08,20.65
2011-11-09,19.55
2011-11-10,20.56
2011-11-11,20.56
2011-11-14,20.43
2011-11-15,20.57
2011-11-16,20.24
2011-11-17,19.58
2011-11-18,20.12
2011-11-21,19.62
2011-11-22,19.39
2011-11-23,18.79
2011-11-25,19.67
2011-11-28,19.58
2011-11-29,19.96
2011-11-30,20.68
2011-12-01,21.17
2011-12-02,20.42
2011-12-05,20.54
2011-12-06,20.93
2011-12-07,20.17
2011-12-08,19.72
2011-12-09,20.52
2011-12-12,20.09
2011-12-13,19.62
2011-12-14,19.01
2011-12-15,19.13
2011-12-16,18.54
2011-12-19,18.13
2011-12-20,19.25
2011-12-21,19.67
2011-12-22,19.51
2011-12-23,20.3
2011-12-27,20.09
2011-12-28,19.08
2011-12-29,18.97
2011-12-30,18.71
2012-01-03,19.6
2012-01-04,19.95
2012-01-05,19.93
2012-01-06,19.61
2012-01-09,19.6
2012-01-10,19.72
2012-01-11,19.04
2012-01-12,19.33
2012-01-13,18.53
2012-01-17,18.5
2012-01-18,18.97
2012-01-19,19.72
2012-01-20,20.28
2012-01-23,20.67
2012-01-24,20.64
2012-01-25,20.07
2012-01-26,19.31
2012-01-27,18.98
2012-01-30,18.37
2012-01-31,17.99
2012-02-01,18.46
2012-02-02,18.25
2012-02-03,19.49
2012-02-06,19.01
2012-02-07,19.66
2012-02-08,19.75
2012-02-09,20.47
2012-02-10,19.69
2012-02-13,19.9
2012-02-14,19.24
2012-02-15,19.31
2012-02-16,19.93
2012-02-17,20.1
2012-02-21,20.45
2012-02-22,20.05
2012-02-23,19.84
2012-02-24,19.77
2012-02-27,19.22
2012-02-28,19.29
2012-02-29,19.77
2012-03-01,20.37
2012-03-02,19.86
2012-03-05,20.05
2012-03-06,19.44
2012-03-07,19.72
2012-03-08,20.14
2012-03-09,20.38
2012-03-12,20.31
2012-03-13,21.07
2012-03-14,22.74
2012-03-15,22.81
2012-03-16,22.98
2012-03-19,23.79
2012-03-20,23.72
2012-03-21,22.94
2012-03-22,22.75
2012-03-23,22.37
2012-03-26,22.44
2012-03-27,21.87
2012-03-28,21.96
2012-03-29,21.59
2012-03-30,22.16
2012-04-02,21.93
2012-04-03,22.84
2012-04-04,22.43
2012-04-05,21.75
2012-04-09,20.37
2012-04-10,19.88
2012-04-11,20.28
2012-04-12,20.49
2012-04-13,19.98
2012-04-16,19.74
2012-04-17,20.09
2012-04-18,19.82
2012-04-19,19.52
2012-04-20,19.7
2012-04-23,19.33
2012-04-24,19.61
2012-04-25,19.84
2012-04-26,19.59
2012-04-27,19.33
2012-04-30,19.15
2012-05-01,19.56
2012-05-02,19.22
2012-05-03,19.24
2012-05-04,18.8
2012-05-07,18.77
2012-05-08,18.37
2012-05-09,18.35
2012-05-10,18.84
2012-05-11,18.41
2012-05-14,17.88
2012-05-15,17.77
2012-05-16,17.65
2012-05-17,17.02
2012-05-18,17.02
2012-05-21,17.35
2012-05-22,17.93
2012-05-23,17.21
2012-05-24,17.59
2012-05-25,17.45
2012-05-29,17.31
2012-05-30,16.25
2012-05-31,15.81
2012-06-01,14.67
2012-06-04,15.27
2012-06-05,15.56
2012-06-06,16.51
2012-06-07,16.54
2012-06-08,16.37
2012-06-11,16.0
2012-06-12,16.61
2012-06-13,15.99
2012-06-14,16.11
2012-06-15,15.87
2012-06-18,15.84
2012-06-19,16.2
2012-06-20,16.42
2012-06-21,16.18
2012-06-22,16.72
2012-06-25,16.08
2012-06-26,16.28
2012-06-27,16.21
2012-06-28,15.77
2012-06-29,16.59
2012-07-02,15.8
2012-07-03,16.31
2012-07-05,15.97
2012-07-06,15.44
2012-07-09,15.13
2012-07-10,14.98
2012-07-11,14.98
2012-07-12,14.79
2012-07-13,14.99
2012-07-16,14.64
2012-07-17,15.01
2012-07-18,14.79
2012-07-19,15.15
2012-07-20,14.6
2012-07-23,14.35
2012-07-24,14.04
2012-07-25,14.06
2012-07-26,14.28
2012-07-27,15.55
2012-07-30,15.04
2012-07-31,14.92
2012-08-01,15.39
2012-08-02,14.78
2012-08-03,15.77
2012-08-06,15.58
2012-08-07,16.28
2012-08-08,16.4
2012-08-09,16.88
2012-08-10,16.49
2012-08-13,16.54
2012-08-14,17.26
2012-08-15,18.05
2012-08-16,18.36
2012-08-17,18.16
2012-08-20,18.14
2012-08-21,18.05
2012-08-22,17.19
2012-08-23,16.66
2012-08-24,16.78
2012-08-27,16.49
2012-08-28,16.3
2012-08-29,16.54
2012-08-30,16.2
2012-08-31,15.62
2012-09-04,15.81
2012-09-05,15.94
2012-09-06,16.73
2012-09-07,16.61
2012-09-10,16.83
2012-09-11,16.95
2012-09-12,17.65
2012-09-13,17.56
2012-09-14,18.7
2012-09-17,18.38
2012-09-18,18.12
2012-09-19,17.82
2012-09-20,17.77
2012-09-21,17.6
2012-09-24,17.18
2012-09-25,16.82
2012-09-26,16.18
2012-09-27,16.4
2012-09-28,16.37
2012-10-01,16.25
2012-10-02,16.15
2012-10-03,16.23
2012-10-04,16.65
2012-10-05,17.32
2012-10-08,17.46
2012-10-09,17.2
2012-10-10,16.91
2012-10-11,16.75
2012-10-12,16.63
2012-10-15,16.63
2012-10-16,17.2
2012-10-17,18.11
2012-10-18,18.26
2012-10-19,17.68
2012-10-22,17.98
2012-10-23,17.64
2012-10-24,17.75
2012-10-25,18.28
2012-10-26,17.5
2012-10-31,16.86
2012-11-01,17.15
2012-11-02,17.26
2012-11-05,16.84
2012-11-06,17.42
2012-11-07,16.32
2012-11-08,16.32
2012-11-09,16.13
2012-11-12,16.11
2012-11-13,15.89
2012-11-14,15.89
2012-11-15,15.89
2012-11-16,15.74
2012-11-19,16.11
2012-11-20,16.56
2012-11-21,16.87
2012-11-23,16.93
2012-11-26,16.64
2012-11-27,16.45
2012-11-28,16.17
2012-11-29,16.2
2012-11-30,16.06
2012-12-03,16.28
2012-12-04,16.08
2012-12-05,15.91
2012-12-06,15.81
2012-12-07,16.27
2012-12-10,16.16
2012-12-11,16.49
2012-12-12,16.97
2012-12-13,17.28
2012-12-14,17.08
2012-12-17,17.63
2012-12-18,18.27
2012-12-19,18.0
2012-12-20,18.0
2012-12-21,17.54
2012-12-24,17.74
2012-12-26,17.58
2012-12-27,17.15
2012-12-28,17.11
2012-12-31,17.56
2013-01-02,18.39
2013-01-03,18.99
2013-01-04,19.15
2013-01-07,19.03
2013-01-08,18.71
2013-01-09,18.52
2013-01-10,18.94
2013-01-11,18.75
2013-01-14,18.57
2013-01-15,18.31
2013-01-16,18.24
2013-01-17,18.75
2013-01-18,18.43
2013-01-22,18.35
2013-01-23,18.33
2013-01-24,18.44
2013-01-25,19.47
2013-01-28,19.74
2013-01-29,19.88
2013-01-30,20.06
2013-01-31,19.85
2013-02-01,20.1
2013-02-04,19.73
2013-02-05,20.16
2013-02-06,19.68
2013-02-07,19.51
2013-02-08,19.54
2013-02-11,19.46
2013-02-12,19.82
2013-02-13,20.19
2013-02-14,20.0
2013-02-15,20.07
2013-02-19,20.26
2013-02-20,20.21
2013-02-21,19.76
2013-02-22,19.67
2013-02-25,18.95
2013-02-26,18.79
2013-02-27,19.03
2013-02-28,18.88
2013-03-01,18.53
2013-03-04,18.77
2013-03-05,18.94
2013-03-06,19.38
2013-03-07,19.91
2013-03-08,20.56
2013-03-11,20.56
2013-03-12,20.23
2013-03-13,20.21
2013-03-14,20.33
2013-03-15,19.96
2013-03-18,19.56
2013-03-19,19.08
2013-03-20,19.37
2013-03-21,19.32
2013-03-22,19.15
2013-03-25,19.15
2013-03-26,19.06
2013-03-27,18.51
2013-03-28,18.52
2013-04-01,18.4
2013-04-02,18.61
2013-04-03,18.12
2013-04-04,17.59
2013-04-05,16.94
2013-04-08,17.32
2013-04-09,17.47
2013-04-10,18.05
2013-04-11,17.91
2013-04-12,17.21
2013-04-15,17.02
2013-04-16,17.19
2013-04-17,17.04
2013-04-18,16.85
2013-04-19,17.03
2013-04-22,16.98
2013-04-23,16.98
2013-04-24,16.98
2013-04-25,17.11
2013-04-26,16.63
2013-04-29,16.68
2013-04-30,16.75
2013-05-01,16.39
2013-05-02,16.31
2013-05-03,17.52
2013-05-06,17.71
2013-05-07,17.83
2013-05-08,17.6
2013-05-09,18.13
2013-05-10,19.0
2013-05-13,19.23
2013-05-14,19.52
2013-05-15,19.43
2013-05-16,18.65
2013-05-17,19.49
2013-05-20,19.65
2013-05-21,19.44
2013-05-22,20.26
2013-05-23,20.23
2013-05-24,20.11
2013-05-28,21.35
2013-05-29,21.24
2013-05-30,21.24
2013-05-31,21.64
2013-06-03,21.34
2013-06-04,21.37
2013-06-05,21.0
2013-06-06,20.75
2013-06-07,21.61
2013-06-10,22.15
2013-06-11,21.95
2013-06-12,22.3
2013-06-13,21.74
2013-06-14,21.26
2013-06-17,21.71
2013-06-18,21.82
2013-06-19,23.11
2013-06-20,24.19
2013-06-21,25.14
2013-06-24,25.48
2013-06-25,25.89
2013-06-26,25.39
2013-06-27,24.83
2013-06-28,24.78
2013-07-01,24.9
2013-07-02,24.69
2013-07-03,25.01
2013-07-05,27.15
2013-07-08,26.45
2013-07-09,26.3
2013-07-10,26.8
2013-07-11,25.74
2013-07-12,26.01
2013-07-15,25.56
2013-07-16,25.32
2013-07-17,24.91
2013-07-18,25.34
2013-07-19,24.91
2013-07-22,24.88
2013-07-23,25.16
2013-07-24,25.88
2013-07-25,26.07
2013-07-26,25.61
2013-07-29,25.85
2013-07-30,26.03
2013-07-31,25.93
2013-08-01,27.23
2013-08-02,26.02
2013-08-05,26.4
2013-08-06,26.42
2013-08-07,26.0
2013-08-08,25.87
2013-08-09,25.8
2013-08-12,26.05
2013-08-13,27.15
2013-08-14,27.12
2013-08-15,27.55
2013-08-16,28.29
2013-08-19,28.84
2013-08-20,28.14
2013-08-21,28.55
2013-08-22,29.01
2013-08-23,28.18
2013-08-26,28.05
2013-08-27,27.21
2013-08-28,27.82
2013-08-29,27.51
2013-08-30,27.49
2013-09-03,28.48
2013-09-04,28.97
2013-09-05,29.79
2013-09-06,29.38
2013-09-09,28.97
2013-09-10,29.59
2013-09-11,29.2
2013-09-12,29.07
2013-09-13,28.98
2013-09-16,28.74
2013-09-17,28.53
2013-09-18,27.08
2013-09-19,27.48
2013-09-20,27.32
2013-09-23,27.14
2013-09-24,26.53
2013-09-25,26.14
2013-09-26,26.43
2013-09-27,26.19
2013-09-30,26.15
2013-10-01,26.46
2013-10-02,26.26
2013-10-03,26.06
2013-10-04,26.52
2013-10-07,26.34
2013-10-08,26.36
2013-10-09,26.5
2013-10-10,26.85
2013-10-11,26.82
2013-10-14,26.91
2013-10-15,27.2
2013-10-16,26.71
2013-10-17,25.87
2013-10-18,25.89
2013-10-21,26.09
2013-10-22,25.12
2013-10-23,24.85
2013-10-24,25.22
2013-10-25,25.03
2013-10-28,25.12
2013-10-29,25.07
2013-10-30,25.27
2013-10-31,25.42
2013-11-01,26.2
2013-11-04,26.02
2013-11-05,26.62
2013-11-06,26.4
2013-11-07,26.13
2013-11-08,27.46
2013-11-11,27.51
2013-11-12,27.68
2013-11-13,27.25
2013-11-14,27.02
2013-11-15,27.09
2013-11-18,26.78
2013-11-19,27.12
2013-11-20,27.92
2013-11-21,27.84
2013-11-22,27.52
2013-11-25,27.41
2013-11-26,26.96
2013-11-27,27.36
2013-11-29,27.41
2013-12-02,28.01
2013-12-03,27.75
2013-12-04,28.41
2013-12-05,28.62
2013-12-06,28.83
2013-12-09,28.57
2013-12-10,27.97
2013-12-11,28.44
2013-12-12,28.77
2013-12-13,28.68
2013-12-16,28.77
2013-12-17,28.43
2013-12-18,28.85
2013-12-19,29.25
2013-12-20,28.87
2013-12-23,29.29
2013-12-24,29.83
2013-12-26,29.9
2013-12-27,30.06
2013-12-30,29.76
2013-12-31,30.26
2014-01-02,29.85
2014-01-03,29.95
2014-01-06,29.61
2014-01-07,29.37
2014-01-08,29.93
2014-01-09,29.63
2014-01-10,28.6
2014-01-13,28.27
2014-01-14,28.69
2014-01-15,28.84
2014-01-16,28.43
2014-01-17,28.27
2014-01-21,28.25
2014-01-22,28.6
2014-01-23,27.73
2014-01-24,27.35
2014-01-27,27.66
2014-01-28,27.46
2014-01-29,26.75
2014-01-30,26.93
2014-01-31,26.68
2014-02-03,25.81
2014-02-04,26.24
2014-02-05,26.67
2014-02-06,27.02
2014-02-07,26.75
2014-02-10,26.78
2014-02-11,27.19
2014-02-12,27.63
2014-02-13,27.36
2014-02-14,27.46
2014-02-18,27.11
2014-02-19,27.34
2014-02-20,27.54
2014-02-21,27.34
2014-02-24,27.5
2014-02-25,27.01
2014-02-26,26.73
2014-02-27,26.42
2014-02-28,26.58
2014-03-03,26.07
2014-03-04,26.91
2014-03-05,26.98
2014-03-06,27.37
2014-03-07,27.9
2014-03-10,27.84
2014-03-11,27.66
2014-03-12,27.26
2014-03-13,26.53
2014-03-14,26.45
2014-03-17,26.99
2014-03-18,26.81
2014-03-19,27.72
2014-03-20,27.75
2014-03-21,27.5
2014-03-24,27.33
2014-03-25,27.35
2014-03-26,27.01
2014-03-27,26.72
2014-03-28,27.12
2014-03-31,27.23
2014-04-01,27.59
2014-04-02,28.03
2014-04-03,27.9
2014-04-04,27.26
2014-04-07,26.95
2014-04-08,26.81
2014-04-09,26.84
2014-04-10,26.28
2014-04-11,26.19
2014-04-14,26.39
2014-04-15,26.28
2014-04-16,26.37
2014-04-17,27.21
2014-04-21,27.21
2014-04-22,27.26
2014-04-23,26.86
2014-04-24,26.88
2014-04-25,26.66
2014-04-28,26.77
2014-04-29,26.95
2014-04-30,26.48
2014-05-01,26.06
2014-05-02,25.91
2014-05-05,26.11
2014-05-06,25.95
2014-05-07,25.9
2014-05-08,26.02
2014-05-09,26.23
2014-05-12,26.56
2014-05-13,26.18
2014-05-14,25.43
2014-05-15,25.02
2014-05-16,25.18
2014-05-19,25.36
2014-05-20,25.09
2014-05-21,25.37
2014-05-22,25.55
2014-05-23,25.36
2014-05-27,25.18
2014-05-28,24.38
2014-05-29,24.47
2014-05-30,24.57
2014-06-02,25.34
2014-06-03,25.93
2014-06-04,26.06
2014-06-05,25.84
2014-06-06,25.97
2014-06-09,26.13
2014-06-10,26.35
2014-06-11,26.4
2014-06-12,25.86
2014-06-13,26.04
2014-06-16,25.97
2014-06-17,26.55
2014-06-18,26.13
2014-06-19,26.22
2014-06-20,26.24
2014-06-23,26.23
2014-06-24,25.86
2014-06-25,25.59
2014-06-26,25.25
2014-06-27,25.32
2014-06-30,25.16
2014-07-01,25.63
2014-07-02,26.28
2014-07-03,26.48
2014-07-07,26.17
2014-07-08,25.65
2014-07-09,25.47
2014-07-10,25.32
2014-07-11,25.2
2014-07-14,25.49
2014-07-15,25.49
2014-07-16,25.38
2014-07-17,24.75
2014-07-18,24.84
2014-07-21,24.74
2014-07-22,24.66
2014-07-23,24.64
2014-07-24,25.09
2014-07-25,24.69
2014-07-28,24.91
2014-07-29,24.62
2014-07-30,25.54
2014-07-31,25.56
2014-08-01,25.05
2014-08-04,24.91
2014-08-05,24.83
2014-08-06,24.74
2014-08-07,24.24
2014-08-08,24.15
2014-08-11,24.2
2014-08-12,24.42
2014-08-13,24.13
2014-08-14,24.0
2014-08-15,23.45
2014-08-18,23.87
2014-08-19,24.05
2014-08-20,24.26
2014-08-21,24.07
2014-08-22,24.03
2014-08-25,23.87
2014-08-26,23.91
2014-08-27,23.61
2014-08-28,23.34
2014-08-29,23.43
2014-09-02,24.19
2014-09-03,24.1
2014-09-04,24.48
2014-09-05,24.61
2014-09-08,24.69
2014-09-09,25.0
2014-09-10,25.34
2014-09-11,25.31
2014-09-12,26.14
2014-09-15,25.91
2014-09-16,25.89
2014-09-17,26.0
2014-09-18,26.29
2014-09-19,25.87
2014-09-22,25.66
2014-09-23,25.35
2014-09-24,25.69
2014-09-25,25.11
2014-09-26,25.35
2014-09-29,24.91
2014-09-30,25.08
2014-10-01,24.03
2014-10-02,24.38
2014-10-03,24.47
2014-10-06,24.25
2014-10-07,23.5
2014-10-08,23.3
2014-10-09,23.27
2014-10-10,23.07
2014-10-13,22.86
2014-10-14,22.06
2014-10-15,20.9
2014-10-16,21.53
2014-10-17,21.99
2014-10-20,21.81
2014-10-21,22.08
2014-10-22,22.29
2014-10-23,22.75
2014-10-24,22.73
2014-10-27,22.57
2014-10-28,22.84
2014-10-29,23.23
2014-10-30,23.05
2014-10-31,23.35
2014-11-03,23.48
2014-11-04,23.42
2014-11-05,23.5
2014-11-06,23.75
2014-11-07,23.12
2014-11-10,23.59
2014-11-11,23.6
2014-11-12,23.59
2014-11-13,23.47
2014-11-14,23.2
2014-11-17,23.4
2014-11-18,23.22
2014-11-19,23.51
2014-11-20,23.35
2014-11-21,23.15
2014-11-24,23.1
2014-11-25,22.6
2014-11-26,22.34
2014-11-28,21.94
2014-12-01,22.18
2014-12-02,22.85
2014-12-03,22.87
2014-12-04,22.57
2014-12-05,23.07
2014-12-08,22.57
2014-12-09,22.2
2014-12-10,21.69
2014-12-11,21.78
2014-12-12,21.03
2014-12-15,21.16
2014-12-16,20.71
2014-12-17,21.48
2014-12-18,22.04
2014-12-19,21.76
2014-12-22,21.62
2014-12-23,22.57
2014-12-24,22.64
2014-12-26,22.5
2014-12-29,22.07
2014-12-30,21.9
2014-12-31,21.7
2015-01-02,21.23
2015-01-05,20.39
2015-01-06,19.63
2015-01-07,19.54
2015-01-08,20.16
2015-01-09,19.71
2015-01-12,19.12
2015-01-13,18.9
2015-01-14,18.37
2015-01-15,17.75
2015-01-16,18.15
2015-01-20,18.07
2015-01-21,18.53
2015-01-22,18.96
2015-01-23,18.17
2015-01-26,18.28
2015-01-27,18.25
2015-01-28,17.24
2015-01-29,17.51
2015-01-30,16.75
2015-02-02,16.73
2015-02-03,17.8
2015-02-04,17.97
2015-02-05,18.15
2015-02-06,19.38
2015-02-09,19.48
2015-02-10,19.91
2015-02-11,19.88
2015-02-12,19.86
2015-02-13,20.21
2015-02-17,21.45
2015-02-18,20.66
2015-02-19,21.13
2015-02-20,21.33
2015-02-23,20.59
2015-02-24,19.88
2015-02-25,19.69
2015-02-26,20.16
2015-02-27,20.02
2015-03-02,20.84
2015-03-03,21.22
2015-03-04,21.23
2015-03-05,21.12
2015-03-06,22.4
2015-03-09,21.95
2015-03-10,21.26
2015-03-11,21.09
2015-03-12,20.96
2015-03-13,21.12
2015-03-16,20.98
2015-03-17,20.58
2015-03-18,19.51
2015-03-19,19.77
2015-03-20,19.3
2015-03-23,19.15
2015-03-24,18.78
2015-03-25,19.2
2015-03-26,20.07
2015-03-27,19.48
2015-03-30,19.63
2015-03-31,19.34
2015-04-01,18.68
2015-04-02,19.04
2015-04-06,19.04
2015-04-07,18.93
2015-04-08,18.95
2015-04-09,19.58
2015-04-10,19.51
2015-04-13,19.39
2015-04-14,19.04
2015-04-15,19.0
2015-04-16,18.78
2015-04-17,18.5
2015-04-20,18.95
2015-04-21,19.16
2015-04-22,19.72
2015-04-23,19.47
2015-04-24,19.17
2015-04-27,19.24
2015-04-28,19.73
2015-04-29,20.35
2015-04-30,20.46
2015-05-01,21.17
2015-05-04,21.35
2015-05-05,21.76
2015-05-06,22.4
2015-05-07,21.84
2015-05-08,21.5
2015-05-11,22.74
2015-05-12,22.6
2015-05-13,22.82
2015-05-14,22.39
2015-05-15,21.41
2015-05-18,22.28
2015-05-19,22.62
2015-05-20,22.51
2015-05-21,21.85
2015-05-22,22.15
2015-05-26,21.37
2015-05-27,21.35
2015-05-28,21.3
2015-05-29,20.95
2015-06-01,21.92
2015-06-02,22.66
2015-06-03,23.66
2015-06-04,23.07
2015-06-05,24.02
2015-06-08,23.81
2015-06-09,24.17
2015-06-10,24.78
2015-06-11,23.83
2015-06-12,23.85
2015-06-15,23.58
2015-06-16,23.18
2015-06-17,23.06
2015-06-18,23.51
2015-06-19,22.67
2015-06-22,23.6
2015-06-23,24.09
2015-06-24,23.71
2015-06-25,23.93
2015-06-26,24.76
2015-06-29,23.31
2015-06-30,23.35
2015-07-01,24.18
2015-07-02,23.93
2015-07-06,22.78
2015-07-07,22.31
2015-07-08,22.06
2015-07-09,23.01
2015-07-10,24.17
2015-07-13,24.3
2015-07-14,23.99
2015-07-15,23.5
2015-07-16,23.52
2015-07-17,23.49
2015-07-20,23.72
2015-07-21,23.4
2015-07-22,23.22
2015-07-23,22.77
2015-07-24,22.71
2015-07-27,22.28
2015-07-28,22.5
2015-07-29,22.79
2015-07-30,22.68
2015-07-31,22.05
2015-08-03,21.5
2015-08-04,22.11
2015-08-05,22.68
2015-08-06,22.34
2015-08-07,21.75
2015-08-10,22.38
2015-08-11,21.37
2015-08-12,21.3
2015-08-13,21.89
2015-08-14,21.96
2015-08-17,21.5
2015-08-18,21.96
2015-08-19,21.29
2015-08-20,20.84
2015-08-21,20.54
2015-08-24,19.97
2015-08-25,21.33
2015-08-26,21.72
2015-08-27,21.68
2015-08-28,21.86
2015-08-31,22.0
2015-09-01,21.72
2015-09-02,21.93
2015-09-03,21.68
2015-09-04,21.28
2015-09-08,21.94
2015-09-09,21.81
2015-09-10,22.22
2015-09-11,21.83
2015-09-14,21.8
2015-09-15,22.81
2015-09-16,23.03
2015-09-17,22.17
2015-09-18,21.3
2015-09-21,22.14
2015-09-22,21.25
2015-09-23,21.44
2015-09-24,21.2
2015-09-25,21.68
2015-09-28,20.95
2015-09-29,20.54
2015-09-30,20.6
2015-10-01,20.42
2015-10-02,19.89
2015-10-05,20.56
2015-10-06,20.35
2015-10-07,20.62
2015-10-08,21.08
2015-10-09,20.99
2015-10-12,20.9
2015-10-13,20.55
2015-10-14,19.81
2015-10-15,20.23
2015-10-16,20.23
2015-10-19,20.28
2015-10-20,20.71
2015-10-21,20.3
2015-10-22,20.25
2015-10-23,20.83
2015-10-26,20.58
2015-10-27,20.28
2015-10-28,20.92
2015-10-29,21.73
2015-10-30,21.51
2015-11-02,21.87
2015-11-03,22.2
2015-11-04,22.3
2015-11-05,22.45
2015-11-06,23.33
2015-11-09,23.42
2015-11-10,23.22
2015-11-11,23.38
2015-11-12,23.19
2015-11-13,22.8
2015-11-16,22.73
2015-11-17,22.61
2015-11-18,22.69
2015-11-19,22.48
2015-11-20,22.62
2015-11-23,22.5
2015-11-24,22.43
2015-11-25,22.32
2015-11-27,22.25
2015-11-30,22.18
2015-12-01,21.55
2015-12-02,21.78
2015-12-03,23.3
2015-12-04,22.75
2015-12-07,22.25
2015-12-08,22.38
2015-12-09,22.08
2015-12-10,22.39
2015-12-11,21.39
2015-12-14,22.25
2015-12-15,22.68
2015-12-16,22.87
2015-12-17,22.38
2015-12-18,21.99
2015-12-21,21.97
2015-12-22,22.39
2015-12-23,22.64
2015-12-24,22.43
2015-12-28,22.25
2015-12-29,23.07
2015-12-30,23.03
2015-12-31,22.69
2016-01-04,22.45
2016-01-05,22.48
2016-01-06,21.77
2016-01-07,21.53
2016-01-08,21.3
2016-01-11,21.58
2016-01-12,21.02
2016-01-13,20.66
2016-01-14,20.98
2016-01-15,20.33
2016-01-19,20.35
2016-01-20,19.84
2016-01-21,20.19
2016-01-22,20.48
2016-01-25,20.22
2016-01-26,19.94
2016-01-27,20.01
2016-01-28,19.85
2016-01-29,19.31
2016-02-01,19.66
2016-02-02,18.64
2016-02-03,18.81
2016-02-04,18.64
2016-02-05,18.48
2016-02-08,17.35
2016-02-09,17.29
2016-02-10,17.05
2016-02-11,16.44
2016-02-12,17.48
2016-02-16,17.78
2016-02-17,18.19
2016-02-18,17.59
2016-02-19,17.48
2016-02-22,17.66
2016-02-23,17.45
2016-02-24,17.42
2016-02-25,16.97
2016-02-26,17.62
2016-02-29,17.4
2016-03-01,18.34
2016-03-02,18.48
2016-03-03,18.3
2016-03-04,18.83
2016-03-07,19.02
2016-03-08,18.32
2016-03-09,18.92
2016-03-10,19.29
2016-03-11,19.77
2016-03-14,19.63
2016-03-15,19.59
2016-03-16,19.38
2016-03-17,19.03
2016-03-18,18.71
2016-03-21,19.23
2016-03-22,19.35
2016-03-23,18.75
2016-03-24,19.0
2016-03-28,18.7
2016-03-29,18.14
2016-03-30,18.3
2016-03-31,17.86
2016-04-01,17.92
2016-04-04,17.79
2016-04-05,17.27
2016-04-06,17.55
2016-04-07,16.91
2016-04-08,17.2
2016-04-11,17.24
2016-04-12,17.81
2016-04-13,17.62
2016-04-14,17.81
2016-04-15,17.52
2016-04-18,17.73
2016-04-19,17.83
2016-04-20,18.54
2016-04-21,18.7
2016-04-22,18.88
2016-04-25,19.02
2016-04-26,19.31
2016-04-27,18.6
2016-04-28,18.38
2016-04-29,18.19
2016-05-02,18.65
2016-05-03,18.0
2016-05-04,17.84
2016-05-05,17.47
2016-05-06,17.79
2016-05-09,17.6
2016-05-10,17.6
2016-05-11,17.37
2016-05-12,17.57
2016-05-13,17.05
2016-05-16,17.53
2016-05-17,17.59
2016-05-18,18.8
2016-05-19,18.45
2016-05-20,18.49
2016-05-23,18.38
2016-05-24,18.59
2016-05-25,18.7
2016-05-26,18.23
2016-05-27,18.51
2016-05-31,18.34
2016-06-01,18.46
2016-06-02,18.11
2016-06-03,17.04
2016-06-06,17.23
2016-06-07,17.13
2016-06-08,17.06
2016-06-09,16.8
2016-06-10,16.39
2016-06-13,16.16
2016-06-14,16.11
2016-06-15,15.96
2016-06-16,15.64
2016-06-17,16.18
2016-06-20,16.7
2016-06-21,16.97
2016-06-22,16.85
2016-06-23,17.39
2016-06-24,15.79
2016-06-27,14.6
2016-06-28,14.61
2016-06-29,14.77
2016-06-30,14.88
2016-07-01,14.56
2016-07-05,13.67
2016-07-06,13.85
2016-07-07,13.87
2016-07-08,13.66
2016-07-11,14.34
2016-07-12,15.13
2016-07-13,14.68
2016-07-14,15.31
2016-07-15,15.94
2016-07-18,15.87
2016-07-19,15.58
2016-07-20,15.8
2016-07-21,15.65
2016-07-22,15.7
2016-07-25,15.71
2016-07-26,15.63
2016-07-27,15.15
2016-07-28,15.11
2016-07-29,14.58
2016-08-01,14.96
2016-08-02,15.37
2016-08-03,15.42
2016-08-04,15.03
2016-08-05,15.82
2016-08-08,15.83
2016-08-09,15.45
2016-08-10,15.09
2016-08-11,15.73
2016-08-12,15.15
2016-08-15,15.53
2016-08-16,15.76
2016-08-17,15.61
2016-08-18,15.36
2016-08-19,15.78
2016-08-22,15.39
2016-08-23,15.53
2016-08-24,15.59
2016-08-25,15.77
2016-08-26,16.35
2016-08-29,15.66
2016-08-30,15.7
2016-08-31,15.68
2016-09-01,15.7
2016-09-02,15.96
2016-09-06,15.43
2016-09-07,15.41
2016-09-08,16.16
2016-09-09,16.72
2016-09-12,16.72
2016-09-13,17.34
2016-09-14,16.89
2016-09-15,17.03
2016-09-16,17.01
2016-09-19,16.96
2016-09-20,16.88
2016-09-21,16.68
2016-09-22,16.32
2016-09-23,16.15
2016-09-26,15.89
2016-09-27,15.56
2016-09-28,15.67
2016-09-29,15.57
2016-09-30,16.08
2016-10-03,16.22
2016-10-04,16.83
2016-10-05,17.16
2016-10-06,17.42
2016-10-07,17.36
2016-10-10,17.23
2016-10-11,17.59
2016-10-12,17.78
2016-10-13,17.38
2016-10-14,17.94
2016-10-17,17.66
2016-10-18,17.49
2016-10-19,17.52
2016-10-20,17.47
2016-10-21,17.4
2016-10-24,17.63
2016-10-25,17.58
2016-10-26,17.9
2016-10-27,18.43
2016-10-28,18.45
2016-10-31,18.34
2016-11-01,18.2
2016-11-02,17.99
2016-11-03,18.12
2016-11-04,17.83
2016-11-07,18.28
2016-11-08,18.62
2016-11-09,20.72
2016-11-10,21.17
2016-11-11,21.17
2016-11-14,22.22
2016-11-15,22.38
2016-11-16,22.23
2016-11-17,22.76
2016-11-18,23.35
2016-11-21,23.39
2016-11-22,23.21
2016-11-23,23.57
2016-11-25,23.72
2016-11-28,23.2
2016-11-29,23.02
2016-11-30,23.68
2016-12-01,24.41
2016-12-02,23.9
2016-12-05,23.87
2016-12-06,23.96
2016-12-07,23.47
2016-12-08,23.87
2016-12-09,24.64
2016-12-12,24.79
2016-12-13,24.81
2016-12-14,25.25
2016-12-15,25.8
2016-12-16,25.97
2016-12-19,25.42
2016-12-20,25.68
2016-12-21,25.46
2016-12-22,25.53
2016-12-23,25.43
2016-12-27,25.63
2016-12-28,25.06
2016-12-29,24.77
2016-12-30,24.46
2017-01-03,24.5
2017-01-04,24.52
2017-01-05,23.68
2017-01-06,24.18
2017-01-09,23.76
2017-01-10,23.79
2017-01-11,23.7
2017-01-12,23.61
2017-01-13,23.8
2017-01-17,23.27
2017-01-18,23.89
2017-01-19,24.59
2017-01-20,24.67
2017-01-23,24.03
2017-01-24,24.71
2017-01-25,25.23
2017-01-26,25.08
2017-01-27,24.81
2017-01-30,24.83
2017-01-31,24.51
2017-02-01,24.74
2017-02-02,24.7
2017-02-03,24.91
2017-02-06,24.13
2017-02-07,23.89
2017-02-08,23.51
2017-02-09,23.95
2017-02-10,24.09
2017-02-13,24.34
2017-02-14,24.7
2017-02-15,25.02
2017-02-16,24.5
2017-02-17,24.25
2017-02-21,24.27
2017-02-22,24.18
2017-02-23,23.88
2017-02-24,23.17
2017-02-27,23.69
2017-02-28,23.58
2017-03-01,24.63
2017-03-02,24.89
2017-03-03,24.92
2017-03-06,24.94
2017-03-07,25.11
2017-03-08,25.52
2017-03-09,25.98
2017-03-10,25.82
2017-03-13,26.08
2017-03-14,25.95
2017-03-15,25.08
2017-03-16,25.22
2017-03-17,25.01
2017-03-20,24.73
2017-03-21,24.36
2017-03-22,23.96
2017-03-23,24.18
2017-03-24,24.0
2017-03-27,23.73
2017-03-28,24.09
2017-03-29,23.86
2017-03-30,24.16
2017-03-31,23.96
2017-04-03,23.5
2017-04-04,23.5
2017-04-05,23.57
2017-04-06,23.43
2017-04-07,23.73
2017-04-10,23.61
2017-04-11,22.98
2017-04-12,22.96
2017-04-13,22.32
2017-04-17,22.52
2017-04-18,21.79
2017-04-19,22.02
2017-04-20,22.41
2017-04-21,22.37
2017-04-24,22.73
2017-04-25,23.27
2017-04-26,23.11
2017-04-27,22.96
2017-04-28,22.82
2017-05-01,23.25
2017-05-02,22.96
2017-05-03,23.09
2017-05-04,23.56
2017-05-05,23.52
2017-05-08,23.76
2017-05-09,24.07
2017-05-10,24.14
2017-05-11,24.0
2017-05-12,23.35
2017-05-15,23.38
2017-05-16,23.29
2017-05-17,22.16
2017-05-18,22.33
2017-05-19,22.45
2017-05-22,22.54
2017-05-23,22.85
2017-05-24,22.66
2017-05-25,22.55
2017-05-26,22.5
2017-05-30,22.17
2017-05-31,21.96
2017-06-01,22.17
2017-06-02,21.59
2017-06-05,21.82
2017-06-06,21.47
2017-06-07,21.78
2017-06-08,21.94
2017-06-09,21.99
2017-06-12,22.13
2017-06-13,22.07
2017-06-14,21.38
2017-06-15,21.62
2017-06-16,21.57
2017-06-19,21.9
2017-06-20,21.53
2017-06-21,21.55
2017-06-22,21.53
2017-06-23,21.44
2017-06-26,21.37
2017-06-27,21.98
2017-06-28,22.21
2017-06-29,22.67
2017-06-30,23.02
2017-07-03,23.46
2017-07-05,23.34
2017-07-06,23.7
2017-07-07,23.93
2017-07-10,23.71
2017-07-11,23.62
2017-07-12,23.27
2017-07-13,23.48
2017-07-14,23.19
2017-07-17,23.09
2017-07-18,22.63
2017-07-19,22.68
2017-07-20,22.66
2017-07-21,22.32
2017-07-24,22.54
2017-07-25,23.26
2017-07-26,22.82
2017-07-27,23.1
2017-07-28,22.89
2017-07-31,22.92
2017-08-01,22.51
2017-08-02,22.62
2017-08-03,22.28
2017-08-04,22.67
2017-08-07,22.57
2017-08-08,22.83
2017-08-09,22.41
2017-08-10,22.12
2017-08-11,21.89
2017-08-14,22.19
2017-08-15,22.66
2017-08-16,22.26
2017-08-17,21.99
2017-08-18,21.94
2017-08-21,21.8
2017-08-22,22.15
2017-08-23,21.71
2017-08-24,21.94
2017-08-25,21.69
2017-08-28,21.59
2017-08-29,21.36
2017-08-30,21.43
2017-08-31,21.21
2017-09-01,21.57
2017-09-05,20.7
2017-09-06,21.08
2017-09-07,20.61
2017-09-08,20.61
2017-09-11,21.25
2017-09-12,21.71
2017-09-13,21.95
2017-09-14,21.97
2017-09-15,22.02
2017-09-18,22.29
2017-09-19,22.43
2017-09-20,22.77
2017-09-21,22.78
2017-09-22,22.62
2017-09-25,22.2
2017-09-26,22.29
2017-09-27,23.09
2017-09-28,23.09
2017-09-29,23.26
2017-10-02,23.37
2017-10-03,23.34
2017-10-04,23.3
2017-10-05,23.5
2017-10-06,23.7
2017-10-09,23.61
2017-10-10,23.45
2017-10-11,23.45
2017-10-12,23.23
2017-10-13,22.8
2017-10-16,23.07
2017-10-17,22.98
2017-10-18,23.39
2017-10-19,23.21
2017-10-20,23.81
2017-10-23,23.76
2017-10-24,24.06
2017-10-25,24.44
2017-10-26,24.52
2017-10-27,24.28
2017-10-30,23.74
2017-10-31,23.76
2017-11-01,23.76
2017-11-02,23.47
2017-11-03,23.43
2017-11-06,23.2
2017-11-07,23.07
2017-11-08,23.25
2017-11-09,23.31
2017-11-10,24.0
2017-11-13,24.0
2017-11-14,23.81
2017-11-15,23.35
2017-11-16,23.61
2017-11-17,23.54
2017-11-20,23.72
2017-11-21,23.63
2017-11-22,23.22
2017-11-24,23.4
2017-11-27,23.28
2017-11-28,23.38
2017-11-29,23.76
2017-11-30,24.17
2017-12-01,23.62
2017-12-04,23.79
2017-12-05,23.56
2017-12-06,23.3
2017-12-07,23.76
2017-12-08,23.83
2017-12-11,23.85
2017-12-12,24.03
2017-12-13,23.49
2017-12-14,23.46
2017-12-15,23.55
2017-12-18,23.92
2017-12-19,24.63
2017-12-20,24.97
2017-12-21,24.81
2017-12-22,24.85
2017-12-26,24.67
2017-12-27,24.14
2017-12-28,24.32
2017-12-29,24.05
2018-01-02,24.65
2018-01-03,24.47
2018-01-04,24.53
2018-01-05,24.76
2018-01-08,24.8
2018-01-09,25.46
2018-01-10,25.5
2018-01-11,25.31
2018-01-12,25.52
2018-01-16,25.44
2018-01-17,25.78
2018-01-18,26.11
2018-01-19,26.37
2018-01-22,26.65
2018-01-23,26.24
2018-01-24,26.54
2018-01-25,26.21
2018-01-26,26.62
2018-01-29,26.99
2018-01-30,27.26
2018-01-31,27.2
2018-02-01,27.73
2018-02-02,28.54
2018-02-05,27.94
2018-02-06,27.68
2018-02-07,28.44
2018-02-08,28.51
2018-02-09,28.29
2018-02-12,28.57
2018-02-13,28.4
2018-02-14,29.13
2018-02-15,28.91
2018-02-16,28.77
2018-02-20,28.93
2018-02-21,29.43
2018-02-22,29.17
2018-02-23,28.71
2018-02-26,28.59
2018-02-27,29.08
2018-02-28,28.68
2018-03-01,28.04
2018-03-02,28.57
2018-03-05,28.81
2018-03-06,28.77
2018-03-07,28.83
2018-03-08,28.66
2018-03-09,28.94
2018-03-12,28.7
2018-03-13,28.48
2018-03-14,28.17
2018-03-15,28.26
2018-03-16,28.48
2018-03-19,28.45
2018-03-20,28.79
2018-03-21,29.07
2018-03-22,28.32
2018-03-23,28.3
2018-03-26,28.43
2018-03-27,27.86
2018-03-28,27.75
2018-03-29,27.41
2018-04-02,27.32
2018-04-03,27.84
2018-04-04,27.88
2018-04-05,28.32
2018-04-06,27.75
2018-04-09,27.86
2018-04-10,27.97
2018-04-11,27.9
2018-04-12,28.34
2018-04-13,28.29
2018-04-16,28.32
2018-04-17,28.14
2018-04-18,28.67
2018-04-19,29.14
2018-04-20,29.51
2018-04-23,29.73
2018-04-24,29.83
2018-04-25,30.24
2018-04-26,29.9
2018-04-27,29.57
2018-04-30,29.36
2018-05-01,29.76
2018-05-02,29.64
2018-05-03,29.46
2018-05-04,29.44
2018-05-07,29.5
2018-05-08,29.69
2018-05-09,30.04
2018-05-10,29.71
2018-05-11,29.71
2018-05-14,29.95
2018-05-15,30.8
2018-05-16,30.95
2018-05-17,31.09
2018-05-18,30.67
2018-05-21,30.65
2018-05-22,30.65
2018-05-23,30.03
2018-05-24,29.81
2018-05-25,29.31
2018-05-29,27.68
2018-05-30,28.42
2018-05-31,28.22
2018-06-01,28.95
2018-06-04,29.37
2018-06-05,29.19
2018-06-06,29.75
2018-06-07,29.33
2018-06-08,29.37
2018-06-11,29.57
2018-06-12,29.57
2018-06-13,29.77
2018-06-14,29.46
2018-06-15,29.24
2018-06-18,29.26
2018-06-19,28.93
2018-06-20,29.28
2018-06-21,28.97
2018-06-22,29.0
2018-06-25,28.75
2018-06-26,28.8
2018-06-27,28.27
2018-06-28,28.47
2018-06-29,28.49
2018-07-02,28.66
2018-07-03,28.38
2018-07-05,28.4
2018-07-06,28.31
2018-07-09,28.6
2018-07-10,28.73
2018-07-11,28.42
2018-07-12,28.53
2018-07-13,28.31
2018-07-16,28.58
2018-07-17,28.64
2018-07-18,28.75
2018-07-19,28.47
2018-07-20,28.95
2018-07-23,29.65
2018-07-24,29.49
2018-07-25,29.36
2018-07-26,29.75
2018-07-27,29.6
2018-07-30,29.75
2018-07-31,29.64
2018-08-01,30.03
2018-08-02,29.86
2018-08-03,29.53
2018-08-06,29.38
2018-08-07,29.73
2018-08-08,29.71
2018-08-09,29.35
2018-08-10,28.57
2018-08-13,28.77
2018-08-14,28.95
2018-08-15,28.52
2018-08-16,28.71
2018-08-17,28.73
2018-08-20,28.23
2018-08-21,28.44
2018-08-22,28.23
2018-08-23,28.21
2018-08-24,28.26
2018-08-27,28.48
2018-08-28,28.84
2018-08-29,28.84
2018-08-30,28.6
2018-08-31,28.53
2018-09-04,29.02
2018-09-05,29.02
2018-09-06,28.79
2018-09-07,29.42
2018-09-10,29.37
2018-09-11,29.77
2018-09-12,29.63
2018-09-13,29.63
2018-09-14,29.94
2018-09-17,30.01
2018-09-18,30.48
2018-09-19,30.83
2018-09-20,30.78
2018-09-21,30.68
2018-09-24,30.78
2018-09-25,31.02
2018-09-26,30.61
2018-09-27,30.56
2018-09-28,30.56
2018-10-01,30.8
2018-10-02,30.56
2018-10-03,31.61
2018-10-04,31.97
2018-10-05,32.25
2018-10-08,32.33
2018-10-09,32.08
2018-10-10,32.25
2018-10-11,31.33
2018-10-12,31.41
2018-10-15,31.63
2018-10-16,31.56
2018-10-17,31.79
2018-10-18,31.75
2018-10-19,31.98
2018-10-22,31.96
2018-10-23,31.66
2018-10-24,31.24
2018-10-25,31.36
2018-10-26,30.77
2018-10-29,30.87
2018-10-30,31.1
2018-10-31,31.59
2018-11-01,31.44
2018-11-02,32.14
2018-11-05,32.01
2018-11-06,32.14
2018-11-07,32.13
2018-11-08,32.34
2018-11-09,31.89
2018-11-12,31.86
2018-11-13,31.45
2018-11-14,31.2
2018-11-15,31.18
2018-11-16,30.74
2018-11-19,30.57
2018-11-20,30.48
2018-11-21,30.61
2018-11-23,30.54
2018-11-26,30.72
2018-11-27,30.55
2018-11-28,30.44
2018-11-29,30.35
2018-11-30,30.13
2018-12-03,29.92
2018-12-04,29.24
2018-12-06,28.76
2018-12-07,28.5
2018-12-10,28.56
2018-12-11,28.79
2018-12-12,29.06
2018-12-13,29.11
2018-12-14,28.91
2018-12-17,28.57
2018-12-18,28.25
2018-12-19,27.78
2018-12-20,27.89
2018-12-21,27.92
2018-12-24,27.49
2018-12-26,27.97
2018-12-27,27.43
2018-12-28,27.36
2018-12-31,26.86
2019-01-02,26.61
2019-01-03,25.54
2019-01-04,26.59
2019-01-07,26.82
2019-01-08,27.16
2019-01-09,27.28
2019-01-10,27.31
2019-01-11,27.01
2019-01-14,27.1
2019-01-15,27.11
2019-01-16,27.31
2019-01-17,27.49
2019-01-18,27.84
2019-01-22,27.3
2019-01-23,27.55
2019-01-24,27.12
2019-01-25,27.53
2019-01-28,27.44
2019-01-29,27.12
2019-01-30,26.95
2019-01-31,26.35
2019-02-01,26.91
2019-02-04,27.24
2019-02-05,27.02
2019-02-06,27.02
2019-02-07,26.52
2019-02-08,26.32
2019-02-11,26.61
2019-02-12,26.84
2019-02-13,27.08
2019-02-14,26.57
2019-02-15,26.66
2019-02-19,26.47
2019-02-20,26.54
2019-02-21,26.88
2019-02-22,26.55
2019-02-25,26.73
2019-02-26,26.36
2019-02-27,26.93
2019-02-28,27.11
2019-03-01,27.55
2019-03-04,27.22
2019-03-05,27.22
2019-03-06,26.92
2019-03-07,26.36
2019-03-08,26.25
2019-03-11,26.43
2019-03-12,26.05
2019-03-13,26.11
2019-03-14,26.3
2019-03-15,25.93
2019-03-18,26.02
2019-03-19,26.14
2019-03-20,25.35
2019-03-21,25.37
2019-03-22,24.55
2019-03-25,24.2
2019-03-26,24.14
2019-03-27,23.74
2019-03-28,23.89
2019-03-29,24.14
2019-04-01,24.97
2019-04-02,24.81
2019-04-03,25.17
2019-04-04,25.12
2019-04-05,25.01
2019-04-08,25.19
2019-04-09,24.99
2019-04-10,24.77
2019-04-11,25.04
2019-04-12,25.6
2019-04-15,25.53
2019-04-16,25.92
2019-04-17,25.92
2019-04-18,25.6
2019-04-22,25.9
2019-04-23,25.7
2019-04-24,25.22
2019-04-25,25.34
2019-04-26,25.05
2019-04-29,25.36
2019-04-30,25.09
2019-05-01,25.11
2019-05-02,25.52
2019-05-03,25.31
2019-05-06,25.0
2019-05-07,24.48
2019-05-08,24.82
2019-05-09,24.57
2019-05-10,24.55
2019-05-13,24.05
2019-05-14,24.19
2019-05-15,23.79
2019-05-16,24.05
2019-05-17,23.93
2019-05-20,24.16
2019-05-21,24.26
2019-05-22,23.93
2019-05-23,22.96
2019-05-24,23.24
2019-05-28,22.68
2019-05-29,22.36
2019-05-30,22.27
2019-05-31,21.42
2019-06-03,20.81
2019-06-04,21.19
2019-06-05,21.23
2019-06-06,21.24
2019-06-07,20.84
2019-06-10,21.43
2019-06-11,21.4
2019-06-12,21.27
2019-06-13,20.91
2019-06-14,20.93
2019-06-17,20.86
2019-06-18,20.6
2019-06-19,20.29
2019-06-20,20.01
2019-06-21,20.68
2019-06-24,20.21
2019-06-25,19.94
2019-06-26,20.49
2019-06-27,20.05
2019-06-28,20.0
2019-07-01,20.34
2019-07-02,19.76
2019-07-03,19.53
2019-07-05,20.48
2019-07-08,20.34
2019-07-09,20.54
2019-07-10,20.61
2019-07-11,21.2
2019-07-12,21.06
2019-07-15,20.92
2019-07-16,21.22
2019-07-17,20.61
2019-07-18,20.38
2019-07-19,20.48
2019-07-22,20.43
2019-07-23,20.74
2019-07-24,20.5
2019-07-25,20.74
2019-07-26,20.81
2019-07-29,20.55
2019-07-30,20.61
2019-07-31,20.21
2019-08-01,18.94
2019-08-02,18.55
2019-08-05,17.35
2019-08-06,17.39
2019-08-07,16.84
2019-08-08,17.16
2019-08-09,17.34
2019-08-12,16.39
2019-08-13,16.8
2019-08-14,15.81
2019-08-15,15.29
2019-08-16,15.39
2019-08-19,15.98
2019-08-20,15.61
2019-08-21,15.77
2019-08-22,16.1
2019-08-23,15.28
2019-08-26,15.45
2019-08-27,14.9
2019-08-28,14.66
2019-08-29,15.16
2019-08-30,15.06
2019-09-03,14.66
2019-09-04,14.59
2019-09-05,15.65
2019-09-06,15.5
2019-09-09,16.22
2019-09-10,17.02
2019-09-11,17.33
2019-09-12,17.91
2019-09-13,19.03
2019-09-16,18.41
2019-09-17,18.12
2019-09-18,17.86
2019-09-19,17.74
2019-09-20,17.55
2019-09-23,17.08
2019-09-24,16.35
2019-09-25,17.32
2019-09-26,16.85
2019-09-27,16.75
2019-09-30,16.75
2019-10-01,16.44
2019-10-02,15.96
2019-10-03,15.36
2019-10-04,15.15
2019-10-07,15.53
2019-10-08,15.37
2019-10-09,15.89
2019-10-10,16.58
2019-10-11,17.52
2019-10-14,17.33
2019-10-15,17.71
2019-10-16,17.48
2019-10-17,17.57
2019-10-18,17.47
2019-10-21,17.92
2019-10-22,17.68
2019-10-23,17.59
2019-10-24,17.66
2019-10-25,18.01
2019-10-28,18.53
2019-10-29,18.35
2019-10-30,17.98
2019-10-31,16.91
2019-11-01,17.28
2019-11-04,17.86
2019-11-05,18.66
2019-11-06,18.14
2019-11-07,19.26
2019-11-08,19.33
2019-11-11,19.43
2019-11-12,19.09
2019-11-13,18.7
2019-11-14,18.15
2019-11-15,18.34
2019-11-18,18.08
2019-11-19,17.86
2019-11-20,17.38
2019-11-21,17.72
2019-11-22,17.74
2019-11-25,17.64
2019-11-26,17.4
2019-11-27,17.67
2019-11-29,17.76
2019-12-02,18.36
2019-12-03,17.09
2019-12-04,17.81
2019-12-05,17.97
2019-12-06,18.42
2019-12-09,18.29
2019-12-10,18.33
2019-12-11,17.9
2019-12-12,18.97
2019-12-13,18.19
2019-12-16,18.92
2019-12-17,18.89
2019-12-18,19.24
2019-12-19,19.08
2019-12-20,19.17
2019-12-23,19.35
2019-12-24,19.1
2019-12-26,19.05
2019-12-27,18.74
2019-12-30,18.95
2019-12-31,19.19
2020-01-02,18.82
2020-01-03,17.88
2020-01-06,18.11
2020-01-07,18.27
2020-01-08,18.74
2020-01-09,18.58
2020-01-10,18.25
2020-01-13,18.48
2020-01-14,18.18
2020-01-15,17.88
2020-01-16,18.09
2020-01-17,18.36
2020-01-21,17.69
2020-01-22,17.69
2020-01-23,17.4
2020-01-24,16.81
2020-01-27,16.05
2020-01-28,16.41
2020-01-29,15.94
2020-01-30,15.58
2020-01-31,15.2
2020-02-03,15.2
2020-02-04,16.03
2020-02-05,16.49
2020-02-06,16.44
2020-02-07,15.78
2020-02-10,15.47
2020-02-11,15.9
2020-02-12,16.3
2020-02-13,16.17
2020-02-14,15.88
2020-02-18,15.56
2020-02-19,15.7
2020-02-20,15.25
2020-02-21,14.71
2020-02-24,13.77
2020-02-25,13.3
2020-02-26,13.1
2020-02-27,12.99
2020-02-28,11.27
2020-03-02,10.88
2020-03-03,10.1
2020-03-04,9.92
2020-03-05,9.26
2020-03-06,7.06
2020-03-09,4.99
2020-03-10,7.48
2020-03-11,8.2
2020-03-12,8.49
2020-03-13,9.51
2020-03-16,7.28
2020-03-17,9.97
2020-03-18,12.66
2020-03-19,11.19
2020-03-20,9.38
2020-03-23,7.64
2020-03-24,8.16
2020-03-25,8.58
2020-03-26,8.11
2020-03-27,7.49
2020-03-30,6.7
2020-03-31,6.98
2020-04-01,6.35
2020-04-02,6.27
2020-04-03,5.87
2020-04-06,6.76
2020-04-07,7.36
2020-04-08,7.64
2020-04-09,7.29
2020-04-13,7.49
2020-04-14,7.52
2020-04-15,6.38
2020-04-16,6.09
2020-04-17,6.54
2020-04-20,6.26
2020-04-21,5.71
2020-04-22,6.19
2020-04-23,6.13
2020-04-24,5.96
2020-04-27,6.56
2020-04-28,6.1
2020-04-29,6.27
2020-04-30,6.22
2020-05-01,6.42
2020-05-04,6.37
2020-05-05,6.57
2020-05-06,7.11
2020-05-07,6.31
2020-05-08,6.82
2020-05-11,7.26
2020-05-12,6.78
2020-05-13,6.49
2020-05-14,6.19
2020-05-15,6.4
2020-05-18,7.44
2020-05-19,7.11
2020-05-20,6.8
2020-05-21,6.77
2020-05-22,6.57
2020-05-26,6.98
2020-05-27,6.8
2020-05-28,7.05
2020-05-29,6.48
2020-06-01,6.62
2020-06-02,6.8
2020-06-03,7.61
2020-06-04,8.2
2020-06-05,9.04
2020-06-08,8.84
2020-06-09,8.29
2020-06-10,7.48
2020-06-11,6.53
2020-06-12,6.99
2020-06-15,7.02
2020-06-16,7.56
2020-06-17,7.33
2020-06-18,6.94
2020-06-19,6.97
2020-06-22,7.04
2020-06-23,7.09
2020-06-24,6.84
2020-06-25,6.74
2020-06-26,6.36
2020-06-29,6.36
2020-06-30,6.53
2020-07-01,6.82
2020-07-02,6.69
2020-07-06,6.84
2020-07-07,6.5
2020-07-08,6.53
2020-07-09,6.05
2020-07-10,6.33
2020-07-13,6.4
2020-07-14,6.15
2020-07-15,6.3
2020-07-16,6.12
2020-07-17,6.28
2020-07-20,6.2
2020-07-21,6.07
2020-07-22,5.95
2020-07-23,5.82
2020-07-24,5.89
2020-07-27,6.09
2020-07-28,5.81
2020-07-29,5.79
2020-07-30,5.41
2020-07-31,5.36
2020-08-03,5.63
2020-08-04,5.15
2020-08-05,5.43
2020-08-06,5.36
2020-08-07,5.62
2020-08-10,5.74
2020-08-11,6.58
2020-08-12,6.7
2020-08-13,7.16
2020-08-14,7.09
2020-08-17,6.83
2020-08-18,6.69
2020-08-19,6.75
2020-08-20,6.44
2020-08-21,6.4
2020-08-24,6.46
2020-08-25,6.82
2020-08-26,6.87
2020-08-27,7.46
2020-08-28,7.29
2020-08-31,6.93
2020-09-01,6.72
2020-09-02,6.51
2020-09-03,6.22
2020-09-04,7.21
2020-09-08,6.84
2020-09-09,7.03
2020-09-10,6.85
2020-09-11,6.69
2020-09-14,6.71
2020-09-15,6.79
2020-09-16,6.87
2020-09-17,6.84
2020-09-18,6.94
2020-09-21,6.71
2020-09-22,6.64
2020-09-23,6.76
2020-09-24,6.66
2020-09-25,6.59
2020-09-28,6.63
2020-09-29,6.45
2020-09-30,6.77
2020-10-01,6.77
2020-10-02,6.96
2020-10-05,7.62
2020-10-06,7.42
2020-10-07,7.85
2020-10-08,7.65
2020-10-09,7.75
2020-10-12,7.77
2020-10-13,7.27
2020-10-14,7.22
2020-10-15,7.31
2020-10-16,7.44
2020-10-19,7.61
2020-10-20,7.97
2020-10-21,8.16
2020-10-22,8.48
2020-10-23,8.41
2020-10-26,8.01
2020-10-27,7.78
2020-10-28,7.81
2020-10-29,8.35
2020-10-30,8.6
2020-11-02,8.49
2020-11-03,8.82
2020-11-04,7.68
2020-11-05,7.76
2020-11-06,8.2
2020-11-09,9.58
2020-11-10,9.72
2020-11-11,9.58
2020-11-12,8.85
2020-11-13,8.93
2020-11-16,9.06
2020-11-17,8.72
2020-11-18,8.82
2020-11-19,8.54
2020-11-20,8.29
2020-11-23,8.57
2020-11-24,8.82
2020-11-25,8.78
2020-11-27,8.42
2020-11-30,8.44
2020-12-01,9.34
2020-12-02,9.48
2020-12-03,9.2
2020-12-04,9.69
2020-12-07,9.28
2020-12-08,9.13
2020-12-09,9.41
2020-12-10,9.08
2020-12-11,8.93
2020-12-14,8.92
2020-12-15,9.23
2020-12-16,9.2
2020-12-17,9.3
2020-12-18,9.48
2020-12-21,9.41
2020-12-22,9.18
2020-12-23,9.55
2020-12-24,9.26
2020-12-28,9.33
2020-12-29,9.35
2020-12-30,9.26
2020-12-31,9.17
2021-01-04,9.17
2021-01-05,9.55
2021-01-06,10.42
2021-01-07,10.71
2021-01-08,11.05
2021-01-11,11.32
2021-01-12,11.38
2021-01-13,10.88
2021-01-14,11.29
2021-01-15,10.97
2021-01-19,10.92
2021-01-20,10.9
2021-01-21,11.09
2021-01-22,10.91
2021-01-25,10.4
2021-01-26,10.4
2021-01-27,10.14
2021-01-28,10.57
2021-01-29,10.93
2021-02-01,10.77
2021-02-02,11.05
2021-02-03,11.31
2021-02-04,11.39
2021-02-05,11.7
2021-02-08,11.6
2021-02-09,11.57
2021-02-10,11.33
2021-02-11,11.58
2021-02-12,12.0
2021-02-16,12.99
2021-02-17,13.01
2021-02-18,12.87
2021-02-19,13.45
2021-02-22,13.7
2021-02-23,13.62
2021-02-24,13.89
2021-02-25,15.18
2021-02-26,14.6
2021-03-01,14.46
2021-03-02,14.15
2021-03-03,14.7
2021-03-04,15.5
2021-03-05,15.54
2021-03-08,15.96
2021-03-09,15.46
2021-03-10,15.2
2021-03-11,15.27
2021-03-12,16.35
2021-03-15,16.07
2021-03-16,16.21
2021-03-17,16.41
2021-03-18,17.3
2021-03-19,17.32
2021-03-22,16.84
2021-03-23,16.38
2021-03-24,16.14
2021-03-25,16.14
2021-03-26,16.6
