,
,
,
,
,
,
,
,
,
,
,
,
,
,
,
,
,
,
,
,
,
,
,
,
,
,
,
,
,
,
,
,
,
,
,
Dates,10 Year US Treasury Index (^TNX) - Index Value
Mar-26-2009,27.33
Mar-27-2009,27.61
Mar-30-2009,27.14
Mar-31-2009,26.85
Apr-01-2009,26.58
Apr-02-2009,27.52
Apr-03-2009,29.07
Apr-06-2009,29.39
Apr-07-2009,29.09
Apr-08-2009,28.47
Apr-09-2009,29.26
Apr-13-2009,28.45
Apr-14-2009,27.86
Apr-15-2009,27.59
Apr-16-2009,28.30
Apr-17-2009,29.30
Apr-20-2009,28.43
Apr-21-2009,29.02
Apr-22-2009,29.64
Apr-23-2009,29.27
Apr-24-2009,29.96
Apr-27-2009,29.21
Apr-28-2009,30.02
Apr-29-2009,30.96
Apr-30-2009,31.24
May-01-2009,31.74
May-04-2009,31.57
May-05-2009,31.57
May-06-2009,31.52
May-07-2009,32.95
May-08-2009,32.93
May-11-2009,31.80
May-12-2009,31.75
May-13-2009,31.05
May-14-2009,31.07
May-15-2009,31.23
May-18-2009,32.11
May-19-2009,32.43
May-20-2009,32.02
May-21-2009,33.53
May-22-2009,34.48
May-26-2009,34.93
May-27-2009,36.95
May-28-2009,36.72
May-29-2009,34.65
Jun-01-2009,37.15
Jun-02-2009,36.44
Jun-03-2009,35.51
Jun-04-2009,37.16
Jun-05-2009,38.62
Jun-08-2009,38.89
Jun-09-2009,38.58
Jun-10-2009,39.36
Jun-11-2009,38.62
Jun-12-2009,37.88
Jun-15-2009,37.13
Jun-16-2009,36.74
Jun-17-2009,36.47
Jun-18-2009,38.34
Jun-19-2009,37.89
Jun-22-2009,36.93
Jun-23-2009,36.40
Jun-24-2009,36.85
Jun-25-2009,35.46
Jun-26-2009,35.06
Jun-29-2009,34.92
Jun-30-2009,35.23
Jul-01-2009,35.44
Jul-02-2009,34.95
Jul-06-2009,35.06
Jul-07-2009,34.60
Jul-08-2009,32.89
Jul-09-2009,34.13
Jul-10-2009,32.95
Jul-13-2009,33.46
Jul-14-2009,34.47
Jul-15-2009,35.96
Jul-16-2009,35.57
Jul-17-2009,36.51
Jul-20-2009,35.85
Jul-21-2009,34.77
Jul-22-2009,35.54
Jul-23-2009,37.09
Jul-24-2009,36.70
Jul-27-2009,37.13
Jul-28-2009,36.88
Jul-29-2009,36.64
Jul-30-2009,36.41
Jul-31-2009,35.01
Aug-03-2009,36.39
Aug-04-2009,36.79
Aug-05-2009,37.64
Aug-06-2009,37.46
Aug-07-2009,38.54
Aug-10-2009,37.71
Aug-11-2009,36.93
Aug-12-2009,37.01
Aug-13-2009,35.91
Aug-14-2009,35.58
Aug-17-2009,34.91
Aug-18-2009,35.26
Aug-19-2009,34.63
Aug-20-2009,34.35
Aug-21-2009,35.56
Aug-24-2009,34.94
Aug-25-2009,34.50
Aug-26-2009,34.38
Aug-27-2009,34.62
Aug-28-2009,34.51
Aug-31-2009,34.01
Sep-01-2009,33.75
Sep-02-2009,32.95
Sep-03-2009,33.28
Sep-04-2009,34.42
Sep-08-2009,34.69
Sep-09-2009,34.79
Sep-10-2009,33.42
Sep-11-2009,33.43
Sep-14-2009,34.06
Sep-15-2009,34.52
Sep-16-2009,34.71
Sep-17-2009,33.98
Sep-18-2009,34.74
Sep-21-2009,34.87
Sep-22-2009,34.56
Sep-23-2009,34.18
Sep-24-2009,33.81
Sep-25-2009,33.29
Sep-28-2009,33.02
Sep-29-2009,32.92
Sep-30-2009,33.07
Oct-01-2009,31.94
Oct-02-2009,32.21
Oct-05-2009,32.24
Oct-06-2009,32.48
Oct-07-2009,31.75
Oct-08-2009,32.55
Oct-09-2009,33.84
Oct-12-2009,33.80
Oct-13-2009,33.12
Oct-14-2009,34.23
Oct-15-2009,34.70
Oct-16-2009,34.17
Oct-19-2009,33.95
Oct-20-2009,33.37
Oct-21-2009,34.11
Oct-22-2009,34.21
Oct-23-2009,34.75
Oct-26-2009,35.54
Oct-27-2009,34.62
Oct-28-2009,34.11
Oct-29-2009,35.01
Oct-30-2009,33.92
Nov-02-2009,34.22
Nov-03-2009,34.73
Nov-04-2009,35.46
Nov-05-2009,35.33
Nov-06-2009,35.03
Nov-09-2009,34.86
Nov-10-2009,34.82
Nov-11-2009,34.74
Nov-12-2009,34.46
Nov-13-2009,34.29
Nov-16-2009,33.31
Nov-17-2009,33.19
Nov-18-2009,33.66
Nov-19-2009,33.49
Nov-20-2009,33.56
Nov-23-2009,33.64
Nov-24-2009,33.17
Nov-25-2009,32.79
Nov-27-2009,32.31
Nov-30-2009,32.01
Dec-01-2009,32.75
Dec-02-2009,33.23
Dec-03-2009,33.80
Dec-04-2009,34.83
Dec-07-2009,34.48
Dec-08-2009,33.92
Dec-09-2009,34.23
Dec-10-2009,34.82
Dec-11-2009,35.40
Dec-14-2009,35.46
Dec-15-2009,36.03
Dec-16-2009,35.96
Dec-17-2009,34.87
Dec-18-2009,35.46
Dec-21-2009,36.82
Dec-22-2009,37.44
Dec-23-2009,37.48
Dec-24-2009,38.07
Dec-28-2009,38.42
Dec-29-2009,38.09
Dec-30-2009,37.84
Dec-31-2009,38.43
Jan-04-2010,38.41
Jan-05-2010,37.55
Jan-06-2010,38.08
Jan-07-2010,38.22
Jan-08-2010,38.08
Jan-11-2010,38.18
Jan-12-2010,37.19
Jan-13-2010,37.83
Jan-14-2010,37.34
Jan-15-2010,36.76
Jan-19-2010,37.07
Jan-20-2010,36.59
Jan-21-2010,36.11
Jan-22-2010,35.98
Jan-25-2010,36.30
Jan-26-2010,36.30
Jan-27-2010,36.44
Jan-28-2010,36.58
Jan-29-2010,36.09
Feb-01-2010,36.54
Feb-02-2010,36.35
Feb-03-2010,37.03
Feb-04-2010,36.10
Feb-05-2010,35.46
Feb-08-2010,35.92
Feb-09-2010,36.33
Feb-10-2010,36.94
Feb-11-2010,37.33
Feb-12-2010,36.93
Feb-16-2010,36.64
Feb-17-2010,37.42
Feb-18-2010,38.03
Feb-19-2010,37.82
Feb-22-2010,37.99
Feb-23-2010,36.91
Feb-24-2010,36.95
Feb-25-2010,36.42
Feb-26-2010,35.95
Mar-01-2010,36.06
Mar-02-2010,36.14
Mar-03-2010,36.25
Mar-04-2010,36.06
Mar-05-2010,36.82
Mar-08-2010,37.08
Mar-09-2010,37.01
Mar-10-2010,37.20
Mar-11-2010,37.20
Mar-12-2010,37.10
Mar-15-2010,37.04
Mar-16-2010,36.53
Mar-17-2010,36.42
Mar-18-2010,36.72
Mar-19-2010,36.87
Mar-22-2010,36.63
Mar-23-2010,36.80
Mar-24-2010,38.29
Mar-25-2010,39.01
Mar-26-2010,38.55
Mar-29-2010,38.64
Mar-30-2010,38.68
Mar-31-2010,38.33
Apr-01-2010,38.59
Apr-05-2010,39.94
Apr-06-2010,39.68
Apr-07-2010,38.63
Apr-08-2010,38.96
Apr-09-2010,38.88
Apr-12-2010,38.46
Apr-13-2010,38.11
Apr-14-2010,38.55
Apr-15-2010,38.48
Apr-16-2010,37.70
Apr-19-2010,38.07
Apr-20-2010,38.05
Apr-21-2010,37.38
Apr-22-2010,37.72
Apr-23-2010,38.17
Apr-26-2010,38.15
Apr-27-2010,36.90
Apr-28-2010,37.73
Apr-29-2010,37.28
Apr-30-2010,36.63
May-03-2010,37.05
May-04-2010,36.13
May-05-2010,35.50
May-06-2010,33.98
May-07-2010,34.29
May-10-2010,35.39
May-11-2010,35.35
May-12-2010,35.67
May-13-2010,35.64
May-14-2010,34.42
May-17-2010,34.72
May-18-2010,33.76
May-19-2010,33.59
May-20-2010,32.64
May-21-2010,32.00
May-24-2010,32.27
May-25-2010,31.58
May-26-2010,32.18
May-27-2010,33.38
May-28-2010,33.01
Jun-01-2010,32.96
Jun-02-2010,33.34
Jun-03-2010,33.79
Jun-04-2010,31.95
Jun-07-2010,31.84
Jun-08-2010,31.68
Jun-09-2010,31.87
Jun-10-2010,33.19
Jun-11-2010,32.16
Jun-14-2010,32.75
Jun-15-2010,33.10
Jun-16-2010,32.82
Jun-17-2010,31.90
Jun-18-2010,32.23
Jun-21-2010,32.43
Jun-22-2010,31.66
Jun-23-2010,31.15
Jun-24-2010,31.23
Jun-25-2010,31.13
Jun-28-2010,30.32
Jun-29-2010,29.67
Jun-30-2010,29.51
Jul-01-2010,29.27
Jul-02-2010,29.79
Jul-06-2010,29.32
Jul-07-2010,29.80
Jul-08-2010,30.20
Jul-09-2010,30.56
Jul-12-2010,30.46
Jul-13-2010,31.14
Jul-14-2010,30.50
Jul-15-2010,29.78
Jul-16-2010,29.39
Jul-19-2010,29.64
Jul-20-2010,29.32
Jul-21-2010,28.92
Jul-22-2010,29.32
Jul-23-2010,29.94
Jul-26-2010,29.94
Jul-27-2010,30.47
Jul-28-2010,30.01
Jul-29-2010,29.99
Jul-30-2010,29.07
Aug-02-2010,29.63
Aug-03-2010,29.14
Aug-04-2010,29.52
Aug-05-2010,29.15
Aug-06-2010,28.24
Aug-09-2010,28.22
Aug-10-2010,27.81
Aug-11-2010,26.85
Aug-12-2010,27.35
Aug-13-2010,26.88
Aug-16-2010,25.75
Aug-17-2010,26.45
Aug-18-2010,26.41
Aug-19-2010,25.79
Aug-20-2010,26.12
Aug-23-2010,26.07
Aug-24-2010,24.99
Aug-25-2010,25.38
Aug-26-2010,24.99
Aug-27-2010,26.52
Aug-30-2010,25.45
Aug-31-2010,24.77
Sep-01-2010,25.82
Sep-02-2010,26.28
Sep-03-2010,27.06
Sep-07-2010,26.09
Sep-08-2010,26.54
Sep-09-2010,27.61
Sep-10-2010,27.95
Sep-13-2010,27.41
Sep-14-2010,26.66
Sep-15-2010,27.23
Sep-16-2010,27.59
Sep-17-2010,27.46
Sep-20-2010,27.06
Sep-21-2010,25.94
Sep-22-2010,25.48
Sep-23-2010,25.55
Sep-24-2010,26.12
Sep-27-2010,25.17
Sep-28-2010,24.56
Sep-29-2010,25.06
Sep-30-2010,25.17
Oct-01-2010,25.26
Oct-04-2010,24.79
Oct-05-2010,24.74
Oct-06-2010,23.99
Oct-07-2010,23.96
Oct-08-2010,23.81
Oct-12-2010,24.22
Oct-13-2010,24.31
Oct-14-2010,24.95
Oct-15-2010,25.76
Oct-18-2010,24.91
Oct-19-2010,24.75
Oct-20-2010,24.70
Oct-21-2010,25.31
Oct-22-2010,25.63
Oct-25-2010,25.54
Oct-26-2010,26.36
Oct-27-2010,27.12
Oct-28-2010,26.61
Oct-29-2010,26.12
Nov-01-2010,26.28
Nov-02-2010,25.94
Nov-03-2010,26.19
Nov-04-2010,24.84
Nov-05-2010,25.36
Nov-08-2010,25.63
Nov-09-2010,26.59
Nov-10-2010,26.48
Nov-12-2010,27.56
Nov-15-2010,29.11
Nov-16-2010,28.47
Nov-17-2010,28.64
Nov-18-2010,29.02
Nov-19-2010,28.75
Nov-22-2010,28.13
Nov-23-2010,27.62
Nov-24-2010,29.14
Nov-26-2010,28.64
Nov-29-2010,28.22
Nov-30-2010,27.97
Dec-01-2010,29.64
Dec-02-2010,30.00
Dec-03-2010,30.17
Dec-06-2010,29.41
Dec-07-2010,31.65
Dec-08-2010,32.36
Dec-09-2010,32.23
Dec-10-2010,32.96
Dec-13-2010,32.83
Dec-14-2010,34.55
Dec-15-2010,35.20
Dec-16-2010,34.77
Dec-17-2010,33.30
Dec-20-2010,33.49
Dec-21-2010,33.26
Dec-22-2010,33.46
Dec-23-2010,33.93
Dec-27-2010,33.51
Dec-28-2010,34.81
Dec-29-2010,33.41
Dec-30-2010,33.69
Dec-31-2010,33.05
Jan-03-2011,33.42
Jan-04-2011,33.46
Jan-05-2011,34.83
Jan-06-2011,34.19
Jan-07-2011,33.28
Jan-10-2011,33.04
Jan-11-2011,33.41
Jan-12-2011,33.55
Jan-13-2011,33.01
Jan-14-2011,33.33
Jan-18-2011,33.64
Jan-19-2011,33.37
Jan-20-2011,34.59
Jan-21-2011,34.16
Jan-24-2011,34.08
Jan-25-2011,33.19
Jan-26-2011,34.28
Jan-27-2011,33.85
Jan-28-2011,33.29
Jan-31-2011,33.78
Feb-01-2011,34.43
Feb-02-2011,34.89
Feb-03-2011,35.41
Feb-04-2011,36.52
Feb-07-2011,36.44
Feb-08-2011,37.25
Feb-09-2011,36.42
Feb-10-2011,37.08
Feb-11-2011,36.46
Feb-14-2011,36.14
Feb-15-2011,36.16
Feb-16-2011,36.21
Feb-17-2011,35.74
Feb-18-2011,35.89
Feb-22-2011,34.61
Feb-23-2011,34.87
Feb-24-2011,34.38
Feb-25-2011,34.25
Feb-28-2011,34.14
Mar-01-2011,34.14
Mar-02-2011,34.64
Mar-03-2011,35.72
Mar-04-2011,34.92
Mar-07-2011,34.97
Mar-08-2011,35.44
Mar-09-2011,34.69
Mar-10-2011,33.93
Mar-11-2011,33.93
Mar-14-2011,33.47
Mar-15-2011,33.23
Mar-16-2011,32.12
Mar-17-2011,32.48
Mar-18-2011,32.77
Mar-21-2011,33.23
Mar-22-2011,33.32
Mar-23-2011,33.48
Mar-24-2011,34.04
Mar-25-2011,34.44
Mar-28-2011,34.48
Mar-29-2011,34.91
Mar-30-2011,34.55
Mar-31-2011,34.54
Apr-01-2011,34.51
Apr-04-2011,34.31
Apr-05-2011,34.87
Apr-06-2011,35.45
Apr-07-2011,35.55
Apr-08-2011,35.70
Apr-11-2011,35.70
Apr-12-2011,35.00
Apr-13-2011,34.66
Apr-14-2011,34.85
Apr-15-2011,34.10
Apr-18-2011,33.71
Apr-19-2011,33.56
Apr-20-2011,34.00
Apr-21-2011,34.00
Apr-25-2011,33.63
Apr-26-2011,33.20
Apr-27-2011,33.68
Apr-28-2011,33.12
Apr-29-2011,32.96
May-02-2011,32.86
May-03-2011,32.55
May-04-2011,32.23
May-05-2011,31.68
May-06-2011,31.57
May-09-2011,31.42
May-10-2011,31.95
May-11-2011,31.57
May-12-2011,32.30
May-13-2011,31.87
May-16-2011,31.49
May-17-2011,31.21
May-18-2011,31.71
May-19-2011,31.71
May-20-2011,31.52
May-23-2011,31.34
May-24-2011,31.23
May-25-2011,31.29
May-26-2011,30.61
May-27-2011,30.64
May-31-2011,30.50
Jun-01-2011,29.66
Jun-02-2011,30.30
Jun-03-2011,29.97
Jun-06-2011,30.02
Jun-07-2011,30.11
Jun-08-2011,29.62
Jun-09-2011,29.98
Jun-10-2011,29.71
Jun-13-2011,29.91
Jun-14-2011,30.99
Jun-15-2011,29.73
Jun-16-2011,29.09
Jun-17-2011,29.44
Jun-20-2011,29.63
Jun-21-2011,29.85
Jun-22-2011,29.93
Jun-23-2011,29.09
Jun-24-2011,28.71
Jun-27-2011,29.27
Jun-28-2011,30.45
Jun-29-2011,31.08
Jun-30-2011,31.58
Jul-01-2011,31.97
Jul-05-2011,31.36
Jul-06-2011,30.95
Jul-07-2011,31.49
Jul-08-2011,30.16
Jul-11-2011,29.17
Jul-12-2011,29.08
Jul-13-2011,28.91
Jul-14-2011,29.44
Jul-15-2011,29.08
Jul-18-2011,29.09
Jul-19-2011,28.91
Jul-20-2011,29.33
Jul-21-2011,30.10
Jul-22-2011,29.64
Jul-25-2011,30.04
Jul-26-2011,29.51
Jul-27-2011,29.80
Jul-28-2011,29.51
Jul-29-2011,28.05
Aug-01-2011,27.40
Aug-02-2011,26.24
Aug-03-2011,25.99
Aug-04-2011,24.58
Aug-05-2011,25.58
Aug-08-2011,23.39
Aug-09-2011,21.82
Aug-10-2011,21.37
Aug-11-2011,23.36
Aug-12-2011,22.37
Aug-15-2011,22.85
Aug-16-2011,22.14
Aug-17-2011,21.65
Aug-18-2011,20.83
Aug-19-2011,20.71
Aug-22-2011,20.88
Aug-23-2011,21.37
Aug-24-2011,22.60
Aug-25-2011,22.22
Aug-26-2011,21.88
Aug-29-2011,22.71
Aug-30-2011,21.76
Aug-31-2011,22.18
Sep-01-2011,21.46
Sep-02-2011,19.96
Sep-06-2011,19.79
Sep-07-2011,20.36
Sep-08-2011,19.86
Sep-09-2011,19.15
Sep-12-2011,19.30
Sep-13-2011,19.94
Sep-14-2011,20.11
Sep-15-2011,20.85
Sep-16-2011,20.76
Sep-19-2011,19.40
Sep-20-2011,19.47
Sep-21-2011,18.75
Sep-22-2011,17.15
Sep-23-2011,18.08
Sep-26-2011,19.04
Sep-27-2011,20.16
Sep-28-2011,20.02
Sep-29-2011,19.57
Sep-30-2011,19.24
Oct-03-2011,17.85
Oct-04-2011,17.81
Oct-05-2011,19.05
Oct-06-2011,19.86
Oct-07-2011,20.68
Oct-10-2011,20.76
Oct-11-2011,21.60
Oct-12-2011,22.26
Oct-13-2011,21.69
Oct-14-2011,22.32
Oct-17-2011,21.55
Oct-18-2011,21.51
Oct-19-2011,21.59
Oct-20-2011,21.80
Oct-21-2011,22.03
Oct-24-2011,22.34
Oct-25-2011,21.28
Oct-26-2011,22.03
Oct-27-2011,23.95
Oct-28-2011,23.06
Oct-31-2011,21.75
Nov-01-2011,20.01
Nov-02-2011,20.06
Nov-03-2011,20.66
Nov-04-2011,20.50
Nov-07-2011,19.94
Nov-08-2011,20.65
Nov-09-2011,19.55
Nov-10-2011,20.56
Nov-11-2011,20.56
Nov-14-2011,20.43
Nov-15-2011,20.57
Nov-16-2011,20.24
Nov-17-2011,19.58
Nov-18-2011,20.12
Nov-21-2011,19.62
Nov-22-2011,19.39
Nov-23-2011,18.79
Nov-25-2011,19.67
Nov-28-2011,19.58
Nov-29-2011,19.96
Nov-30-2011,20.68
Dec-01-2011,21.17
Dec-02-2011,20.42
Dec-05-2011,20.54
Dec-06-2011,20.93
Dec-07-2011,20.17
Dec-08-2011,19.72
Dec-09-2011,20.52
Dec-12-2011,20.09
Dec-13-2011,19.62
Dec-14-2011,19.01
Dec-15-2011,19.13
Dec-16-2011,18.54
Dec-19-2011,18.13
Dec-20-2011,19.25
Dec-21-2011,19.67
Dec-22-2011,19.51
Dec-23-2011,20.30
Dec-27-2011,20.09
Dec-28-2011,19.08
Dec-29-2011,18.97
Dec-30-2011,18.71
Jan-03-2012,19.60
Jan-04-2012,19.95
Jan-05-2012,19.93
Jan-06-2012,19.61
Jan-09-2012,19.60
Jan-10-2012,19.72
Jan-11-2012,19.04
Jan-12-2012,19.33
Jan-13-2012,18.53
Jan-17-2012,18.50
Jan-18-2012,18.97
Jan-19-2012,19.72
Jan-20-2012,20.28
Jan-23-2012,20.67
Jan-24-2012,20.64
Jan-25-2012,20.07
Jan-26-2012,19.31
Jan-27-2012,18.98
Jan-30-2012,18.37
Jan-31-2012,17.99
Feb-01-2012,18.46
Feb-02-2012,18.25
Feb-03-2012,19.49
Feb-06-2012,19.01
Feb-07-2012,19.66
Feb-08-2012,19.75
Feb-09-2012,20.47
Feb-10-2012,19.69
Feb-13-2012,19.90
Feb-14-2012,19.24
Feb-15-2012,19.31
Feb-16-2012,19.93
Feb-17-2012,20.10
Feb-21-2012,20.45
Feb-22-2012,20.05
Feb-23-2012,19.84
Feb-24-2012,19.77
Feb-27-2012,19.22
Feb-28-2012,19.29
Feb-29-2012,19.77
Mar-01-2012,20.37
Mar-02-2012,19.86
Mar-05-2012,20.05
Mar-06-2012,19.44
Mar-07-2012,19.72
Mar-08-2012,20.14
Mar-09-2012,20.38
Mar-12-2012,20.31
Mar-13-2012,21.07
Mar-14-2012,22.74
Mar-15-2012,22.81
Mar-16-2012,22.98
Mar-19-2012,23.79
Mar-20-2012,23.72
Mar-21-2012,22.94
Mar-22-2012,22.75
Mar-23-2012,22.37
Mar-26-2012,22.44
Mar-27-2012,21.87
Mar-28-2012,21.96
Mar-29-2012,21.59
Mar-30-2012,22.16
Apr-02-2012,21.93
Apr-03-2012,22.84
Apr-04-2012,22.43
Apr-05-2012,21.75
Apr-09-2012,20.37
Apr-10-2012,19.88
Apr-11-2012,20.28
Apr-12-2012,20.49
Apr-13-2012,19.98
Apr-16-2012,19.74
Apr-17-2012,20.09
Apr-18-2012,19.82
Apr-19-2012,19.52
Apr-20-2012,19.70
Apr-23-2012,19.33
Apr-24-2012,19.61
Apr-25-2012,19.84
Apr-26-2012,19.59
Apr-27-2012,19.33
Apr-30-2012,19.15
May-01-2012,19.56
May-02-2012,19.22
May-03-2012,19.24
May-04-2012,18.80
May-07-2012,18.77
May-08-2012,18.37
May-09-2012,18.35
May-10-2012,18.84
May-11-2012,18.41
May-14-2012,17.88
May-15-2012,17.77
May-16-2012,17.65
May-17-2012,17.02
May-18-2012,17.02
May-21-2012,17.35
May-22-2012,17.93
May-23-2012,17.21
May-24-2012,17.59
May-25-2012,17.45
May-29-2012,17.31
May-30-2012,16.25
May-31-2012,15.81
Jun-01-2012,14.67
Jun-04-2012,15.27
Jun-05-2012,15.56
Jun-06-2012,16.51
Jun-07-2012,16.54
Jun-08-2012,16.37
Jun-11-2012,16.00
Jun-12-2012,16.61
Jun-13-2012,15.99
Jun-14-2012,16.11
Jun-15-2012,15.87
Jun-18-2012,15.84
Jun-19-2012,16.20
Jun-20-2012,16.42
Jun-21-2012,16.18
Jun-22-2012,16.72
Jun-25-2012,16.08
Jun-26-2012,16.28
Jun-27-2012,16.21
Jun-28-2012,15.77
Jun-29-2012,16.59
Jul-02-2012,15.80
Jul-03-2012,16.31
Jul-05-2012,15.97
Jul-06-2012,15.44
Jul-09-2012,15.13
Jul-10-2012,14.98
Jul-11-2012,14.98
Jul-12-2012,14.79
Jul-13-2012,14.99
Jul-16-2012,14.64
Jul-17-2012,15.01
Jul-18-2012,14.79
Jul-19-2012,15.15
Jul-20-2012,14.60
Jul-23-2012,14.35
Jul-24-2012,14.04
Jul-25-2012,14.06
Jul-26-2012,14.28
Jul-27-2012,15.55
Jul-30-2012,15.04
Jul-31-2012,14.92
Aug-01-2012,15.39
Aug-02-2012,14.78
Aug-03-2012,15.77
Aug-06-2012,15.58
Aug-07-2012,16.28
Aug-08-2012,16.40
Aug-09-2012,16.88
Aug-10-2012,16.49
Aug-13-2012,16.54
Aug-14-2012,17.26
Aug-15-2012,18.05
Aug-16-2012,18.36
Aug-17-2012,18.16
Aug-20-2012,18.14
Aug-21-2012,18.05
Aug-22-2012,17.19
Aug-23-2012,16.66
Aug-24-2012,16.78
Aug-27-2012,16.49
Aug-28-2012,16.30
Aug-29-2012,16.54
Aug-30-2012,16.20
Aug-31-2012,15.62
Sep-04-2012,15.81
Sep-05-2012,15.94
Sep-06-2012,16.73
Sep-07-2012,16.61
Sep-10-2012,16.83
Sep-11-2012,16.95
Sep-12-2012,17.65
Sep-13-2012,17.56
Sep-14-2012,18.70
Sep-17-2012,18.38
Sep-18-2012,18.12
Sep-19-2012,17.82
Sep-20-2012,17.77
Sep-21-2012,17.60
Sep-24-2012,17.18
Sep-25-2012,16.82
Sep-26-2012,16.18
Sep-27-2012,16.40
Sep-28-2012,16.37
Oct-01-2012,16.25
Oct-02-2012,16.15
Oct-03-2012,16.23
Oct-04-2012,16.65
Oct-05-2012,17.32
Oct-08-2012,17.46
Oct-09-2012,17.20
Oct-10-2012,16.91
Oct-11-2012,16.75
Oct-12-2012,16.63
Oct-15-2012,16.63
Oct-16-2012,17.20
Oct-17-2012,18.11
Oct-18-2012,18.26
Oct-19-2012,17.68
Oct-22-2012,17.98
Oct-23-2012,17.64
Oct-24-2012,17.75
Oct-25-2012,18.28
Oct-26-2012,17.50
Oct-31-2012,16.86
Nov-01-2012,17.15
Nov-02-2012,17.26
Nov-05-2012,16.84
Nov-06-2012,17.42
Nov-07-2012,16.32
Nov-08-2012,16.32
Nov-09-2012,16.13
Nov-12-2012,16.11
Nov-13-2012,15.89
Nov-14-2012,15.89
Nov-15-2012,15.89
Nov-16-2012,15.74
Nov-19-2012,16.11
Nov-20-2012,16.56
Nov-21-2012,16.87
Nov-23-2012,16.93
Nov-26-2012,16.64
Nov-27-2012,16.45
Nov-28-2012,16.17
Nov-29-2012,16.20
Nov-30-2012,16.06
Dec-03-2012,16.28
Dec-04-2012,16.08
Dec-05-2012,15.91
Dec-06-2012,15.81
Dec-07-2012,16.27
Dec-10-2012,16.16
Dec-11-2012,16.49
Dec-12-2012,16.97
Dec-13-2012,17.28
Dec-14-2012,17.08
Dec-17-2012,17.63
Dec-18-2012,18.27
Dec-19-2012,18.00
Dec-20-2012,18.00
Dec-21-2012,17.54
Dec-24-2012,17.74
Dec-26-2012,17.58
Dec-27-2012,17.15
Dec-28-2012,17.11
Dec-31-2012,17.56
Jan-02-2013,18.39
Jan-03-2013,18.99
Jan-04-2013,19.15
Jan-07-2013,19.03
Jan-08-2013,18.71
Jan-09-2013,18.52
Jan-10-2013,18.94
Jan-11-2013,18.75
Jan-14-2013,18.57
Jan-15-2013,18.31
Jan-16-2013,18.24
Jan-17-2013,18.75
Jan-18-2013,18.43
Jan-22-2013,18.35
Jan-23-2013,18.33
Jan-24-2013,18.44
Jan-25-2013,19.47
Jan-28-2013,19.74
Jan-29-2013,19.88
Jan-30-2013,20.06
Jan-31-2013,19.85
Feb-01-2013,20.10
Feb-04-2013,19.73
Feb-05-2013,20.16
Feb-06-2013,19.68
Feb-07-2013,19.51
Feb-08-2013,19.54
Feb-11-2013,19.46
Feb-12-2013,19.82
Feb-13-2013,20.19
Feb-14-2013,20.00
Feb-15-2013,20.07
Feb-19-2013,20.26
Feb-20-2013,20.21
Feb-21-2013,19.76
Feb-22-2013,19.67
Feb-25-2013,18.95
Feb-26-2013,18.79
Feb-27-2013,19.03
Feb-28-2013,18.88
Mar-01-2013,18.53
Mar-04-2013,18.77
Mar-05-2013,18.94
Mar-06-2013,19.38
Mar-07-2013,19.91
Mar-08-2013,20.56
Mar-11-2013,20.56
Mar-12-2013,20.23
Mar-13-2013,20.21
Mar-14-2013,20.33
Mar-15-2013,19.96
Mar-18-2013,19.56
Mar-19-2013,19.08
Mar-20-2013,19.37
Mar-21-2013,19.32
Mar-22-2013,19.15
Mar-25-2013,19.15
Mar-26-2013,19.06
Mar-27-2013,18.51
Mar-28-2013,18.52
Apr-01-2013,18.40
Apr-02-2013,18.61
Apr-03-2013,18.12
Apr-04-2013,17.59
Apr-05-2013,16.94
Apr-08-2013,17.32
Apr-09-2013,17.47
Apr-10-2013,18.05
Apr-11-2013,17.91
Apr-12-2013,17.21
Apr-15-2013,17.02
Apr-16-2013,17.19
Apr-17-2013,17.04
Apr-18-2013,16.85
Apr-19-2013,17.03
Apr-22-2013,16.98
Apr-23-2013,16.98
Apr-24-2013,16.98
Apr-25-2013,17.11
Apr-26-2013,16.63
Apr-29-2013,16.68
Apr-30-2013,16.75
May-01-2013,16.39
May-02-2013,16.31
May-03-2013,17.52
May-06-2013,17.71
May-07-2013,17.83
May-08-2013,17.60
May-09-2013,18.13
May-10-2013,19.00
May-13-2013,19.23
May-14-2013,19.52
May-15-2013,19.43
May-16-2013,18.65
May-17-2013,19.49
May-20-2013,19.65
May-21-2013,19.44
May-22-2013,20.26
May-23-2013,20.23
May-24-2013,20.11
May-28-2013,21.35
May-29-2013,21.24
May-30-2013,21.24
May-31-2013,21.64
Jun-03-2013,21.34
Jun-04-2013,21.37
Jun-05-2013,21.00
Jun-06-2013,20.75
Jun-07-2013,21.61
Jun-10-2013,22.15
Jun-11-2013,21.95
Jun-12-2013,22.30
Jun-13-2013,21.74
Jun-14-2013,21.26
Jun-17-2013,21.71
Jun-18-2013,21.82
Jun-19-2013,23.11
Jun-20-2013,24.19
Jun-21-2013,25.14
Jun-24-2013,25.48
Jun-25-2013,25.89
Jun-26-2013,25.39
Jun-27-2013,24.83
Jun-28-2013,24.78
Jul-01-2013,24.90
Jul-02-2013,24.69
Jul-03-2013,25.01
Jul-05-2013,27.15
Jul-08-2013,26.45
Jul-09-2013,26.30
Jul-10-2013,26.80
Jul-11-2013,25.74
Jul-12-2013,26.01
Jul-15-2013,25.56
Jul-16-2013,25.32
Jul-17-2013,24.91
Jul-18-2013,25.34
Jul-19-2013,24.91
Jul-22-2013,24.88
Jul-23-2013,25.16
Jul-24-2013,25.88
Jul-25-2013,26.07
Jul-26-2013,25.61
Jul-29-2013,25.85
Jul-30-2013,26.03
Jul-31-2013,25.93
Aug-01-2013,27.23
Aug-02-2013,26.02
Aug-05-2013,26.40
Aug-06-2013,26.42
Aug-07-2013,26.00
Aug-08-2013,25.87
Aug-09-2013,25.80
Aug-12-2013,26.05
Aug-13-2013,27.15
Aug-14-2013,27.12
Aug-15-2013,27.55
Aug-16-2013,28.29
Aug-19-2013,28.84
Aug-20-2013,28.14
Aug-21-2013,28.55
Aug-22-2013,29.01
Aug-23-2013,28.18
Aug-26-2013,28.05
Aug-27-2013,27.21
Aug-28-2013,27.82
Aug-29-2013,27.51
Aug-30-2013,27.49
Sep-03-2013,28.48
Sep-04-2013,28.97
Sep-05-2013,29.79
Sep-06-2013,29.38
Sep-09-2013,28.97
Sep-10-2013,29.59
Sep-11-2013,29.20
Sep-12-2013,29.07
Sep-13-2013,28.98
Sep-16-2013,28.74
Sep-17-2013,28.53
Sep-18-2013,27.08
Sep-19-2013,27.48
Sep-20-2013,27.32
Sep-23-2013,27.14
Sep-24-2013,26.53
Sep-25-2013,26.14
Sep-26-2013,26.43
Sep-27-2013,26.19
Sep-30-2013,26.15
Oct-01-2013,26.46
Oct-02-2013,26.26
Oct-03-2013,26.06
Oct-04-2013,26.52
Oct-07-2013,26.34
Oct-08-2013,26.36
Oct-09-2013,26.50
Oct-10-2013,26.85
Oct-11-2013,26.82
Oct-14-2013,26.91
Oct-15-2013,27.20
Oct-16-2013,26.71
Oct-17-2013,25.87
Oct-18-2013,25.89
Oct-21-2013,26.09
Oct-22-2013,25.12
Oct-23-2013,24.85
Oct-24-2013,25.22
Oct-25-2013,25.03
Oct-28-2013,25.12
Oct-29-2013,25.07
Oct-30-2013,25.27
Oct-31-2013,25.42
Nov-01-2013,26.20
Nov-04-2013,26.02
Nov-05-2013,26.62
Nov-06-2013,26.40
Nov-07-2013,26.13
Nov-08-2013,27.46
Nov-11-2013,27.51
Nov-12-2013,27.68
Nov-13-2013,27.25
Nov-14-2013,27.02
Nov-15-2013,27.09
Nov-18-2013,26.78
Nov-19-2013,27.12
Nov-20-2013,27.92
Nov-21-2013,27.84
Nov-22-2013,27.52
Nov-25-2013,27.41
Nov-26-2013,26.96
Nov-27-2013,27.36
Nov-29-2013,27.41
Dec-02-2013,28.01
Dec-03-2013,27.75
Dec-04-2013,28.41
Dec-05-2013,28.62
Dec-06-2013,28.83
Dec-09-2013,28.57
Dec-10-2013,27.97
Dec-11-2013,28.44
Dec-12-2013,28.77
Dec-13-2013,28.68
Dec-16-2013,28.77
Dec-17-2013,28.43
Dec-18-2013,28.85
Dec-19-2013,29.25
Dec-20-2013,28.87
Dec-23-2013,29.29
Dec-24-2013,29.83
Dec-26-2013,29.90
Dec-27-2013,30.06
Dec-30-2013,29.76
Dec-31-2013,30.26
Jan-02-2014,29.85
Jan-03-2014,29.95
Jan-06-2014,29.61
Jan-07-2014,29.37
Jan-08-2014,29.93
Jan-09-2014,29.63
Jan-10-2014,28.60
Jan-13-2014,28.27
Jan-14-2014,28.69
Jan-15-2014,28.84
Jan-16-2014,28.43
Jan-17-2014,28.27
Jan-21-2014,28.25
Jan-22-2014,28.60
Jan-23-2014,27.73
Jan-24-2014,27.35
Jan-27-2014,27.66
Jan-28-2014,27.46
Jan-29-2014,26.75
Jan-30-2014,26.93
Jan-31-2014,26.68
Feb-03-2014,25.81
Feb-04-2014,26.24
Feb-05-2014,26.67
Feb-06-2014,27.02
Feb-07-2014,26.75
Feb-10-2014,26.78
Feb-11-2014,27.19
Feb-12-2014,27.63
Feb-13-2014,27.36
Feb-14-2014,27.46
Feb-18-2014,27.11
Feb-19-2014,27.34
Feb-20-2014,27.54
Feb-21-2014,27.34
Feb-24-2014,27.50
Feb-25-2014,27.01
Feb-26-2014,26.73
Feb-27-2014,26.42
Feb-28-2014,26.58
Mar-03-2014,26.07
Mar-04-2014,26.91
Mar-05-2014,26.98
Mar-06-2014,27.37
Mar-07-2014,27.90
Mar-10-2014,27.84
Mar-11-2014,27.66
Mar-12-2014,27.26
Mar-13-2014,26.53
Mar-14-2014,26.45
Mar-17-2014,26.99
Mar-18-2014,26.81
Mar-19-2014,27.72
Mar-20-2014,27.75
Mar-21-2014,27.50
Mar-24-2014,27.33
Mar-25-2014,27.35
Mar-26-2014,27.01
Mar-27-2014,26.72
Mar-28-2014,27.12
Mar-31-2014,27.23
Apr-01-2014,27.59
Apr-02-2014,28.03
Apr-03-2014,27.90
Apr-04-2014,27.26
Apr-07-2014,26.95
Apr-08-2014,26.81
Apr-09-2014,26.84
Apr-10-2014,26.28
Apr-11-2014,26.19
Apr-14-2014,26.39
Apr-15-2014,26.28
Apr-16-2014,26.37
Apr-17-2014,27.21
Apr-21-2014,27.21
Apr-22-2014,27.26
Apr-23-2014,26.86
Apr-24-2014,26.88
Apr-25-2014,26.66
Apr-28-2014,26.77
Apr-29-2014,26.95
Apr-30-2014,26.48
May-01-2014,26.06
May-02-2014,25.91
May-05-2014,26.11
May-06-2014,25.95
May-07-2014,25.90
May-08-2014,26.02
May-09-2014,26.23
May-12-2014,26.56
May-13-2014,26.18
May-14-2014,25.43
May-15-2014,25.02
May-16-2014,25.18
May-19-2014,25.36
May-20-2014,25.09
May-21-2014,25.37
May-22-2014,25.55
May-23-2014,25.36
May-27-2014,25.18
May-28-2014,24.38
May-29-2014,24.47
May-30-2014,24.57
Jun-02-2014,25.34
Jun-03-2014,25.93
Jun-04-2014,26.06
Jun-05-2014,25.84
Jun-06-2014,25.97
Jun-09-2014,26.13
Jun-10-2014,26.35
Jun-11-2014,26.40
Jun-12-2014,25.86
Jun-13-2014,26.04
Jun-16-2014,25.97
Jun-17-2014,26.55
Jun-18-2014,26.13
Jun-19-2014,26.22
Jun-20-2014,26.24
Jun-23-2014,26.23
Jun-24-2014,25.86
Jun-25-2014,25.59
Jun-26-2014,25.25
Jun-27-2014,25.32
Jun-30-2014,25.16
Jul-01-2014,25.63
Jul-02-2014,26.28
Jul-03-2014,26.48
Jul-07-2014,26.17
Jul-08-2014,25.65
Jul-09-2014,25.47
Jul-10-2014,25.32
Jul-11-2014,25.20
Jul-14-2014,25.49
Jul-15-2014,25.49
Jul-16-2014,25.38
Jul-17-2014,24.75
Jul-18-2014,24.84
Jul-21-2014,24.74
Jul-22-2014,24.66
Jul-23-2014,24.64
Jul-24-2014,25.09
Jul-25-2014,24.69
Jul-28-2014,24.91
Jul-29-2014,24.62
Jul-30-2014,25.54
Jul-31-2014,25.56
Aug-01-2014,25.05
Aug-04-2014,24.91
Aug-05-2014,24.83
Aug-06-2014,24.74
Aug-07-2014,24.24
Aug-08-2014,24.15
Aug-11-2014,24.20
Aug-12-2014,24.42
Aug-13-2014,24.13
Aug-14-2014,24.00
Aug-15-2014,23.45
Aug-18-2014,23.87
Aug-19-2014,24.05
Aug-20-2014,24.26
Aug-21-2014,24.07
Aug-22-2014,24.03
Aug-25-2014,23.87
Aug-26-2014,23.91
Aug-27-2014,23.61
Aug-28-2014,23.34
Aug-29-2014,23.43
Sep-02-2014,24.19
Sep-03-2014,24.10
Sep-04-2014,24.48
Sep-05-2014,24.61
Sep-08-2014,24.69
Sep-09-2014,25.00
Sep-10-2014,25.34
Sep-11-2014,25.31
Sep-12-2014,26.14
Sep-15-2014,25.91
Sep-16-2014,25.89
Sep-17-2014,26.00
Sep-18-2014,26.29
Sep-19-2014,25.87
Sep-22-2014,25.66
Sep-23-2014,25.35
Sep-24-2014,25.69
Sep-25-2014,25.11
Sep-26-2014,25.35
Sep-29-2014,24.91
Sep-30-2014,25.08
Oct-01-2014,24.03
Oct-02-2014,24.38
Oct-03-2014,24.47
Oct-06-2014,24.25
Oct-07-2014,23.50
Oct-08-2014,23.30
Oct-09-2014,23.27
Oct-10-2014,23.07
Oct-13-2014,22.86
Oct-14-2014,22.06
Oct-15-2014,20.90
Oct-16-2014,21.53
Oct-17-2014,21.99
Oct-20-2014,21.81
Oct-21-2014,22.08
Oct-22-2014,22.29
Oct-23-2014,22.75
Oct-24-2014,22.73
Oct-27-2014,22.57
Oct-28-2014,22.84
Oct-29-2014,23.23
Oct-30-2014,23.05
Oct-31-2014,23.35
Nov-03-2014,23.48
Nov-04-2014,23.42
Nov-05-2014,23.50
Nov-06-2014,23.75
Nov-07-2014,23.12
Nov-10-2014,23.59
Nov-11-2014,23.60
Nov-12-2014,23.59
Nov-13-2014,23.47
Nov-14-2014,23.20
Nov-17-2014,23.40
Nov-18-2014,23.22
Nov-19-2014,23.51
Nov-20-2014,23.35
Nov-21-2014,23.15
Nov-24-2014,23.10
Nov-25-2014,22.60
Nov-26-2014,22.34
Nov-28-2014,21.94
Dec-01-2014,22.18
Dec-02-2014,22.85
Dec-03-2014,22.87
Dec-04-2014,22.57
Dec-05-2014,23.07
Dec-08-2014,22.57
Dec-09-2014,22.20
Dec-10-2014,21.69
Dec-11-2014,21.78
Dec-12-2014,21.03
Dec-15-2014,21.16
Dec-16-2014,20.71
Dec-17-2014,21.48
Dec-18-2014,22.04
Dec-19-2014,21.76
Dec-22-2014,21.62
Dec-23-2014,22.57
Dec-24-2014,22.64
Dec-26-2014,22.50
Dec-29-2014,22.07
Dec-30-2014,21.90
Dec-31-2014,21.70
Jan-02-2015,21.23
Jan-05-2015,20.39
Jan-06-2015,19.63
Jan-07-2015,19.54
Jan-08-2015,20.16
Jan-09-2015,19.71
Jan-12-2015,19.12
Jan-13-2015,18.90
Jan-14-2015,18.37
Jan-15-2015,17.75
Jan-16-2015,18.15
Jan-20-2015,18.07
Jan-21-2015,18.53
Jan-22-2015,18.96
Jan-23-2015,18.17
Jan-26-2015,18.28
Jan-27-2015,18.25
Jan-28-2015,17.24
Jan-29-2015,17.51
Jan-30-2015,16.75
Feb-02-2015,16.73
Feb-03-2015,17.80
Feb-04-2015,17.97
Feb-05-2015,18.15
Feb-06-2015,19.38
Feb-09-2015,19.48
Feb-10-2015,19.91
Feb-11-2015,19.88
Feb-12-2015,19.86
Feb-13-2015,20.21
Feb-17-2015,21.45
Feb-18-2015,20.66
Feb-19-2015,21.13
Feb-20-2015,21.33
Feb-23-2015,20.59
Feb-24-2015,19.88
Feb-25-2015,19.69
Feb-26-2015,20.16
Feb-27-2015,20.02
Mar-02-2015,20.84
Mar-03-2015,21.22
Mar-04-2015,21.23
Mar-05-2015,21.12
Mar-06-2015,22.40
Mar-09-2015,21.95
Mar-10-2015,21.26
Mar-11-2015,21.09
Mar-12-2015,20.96
Mar-13-2015,21.12
Mar-16-2015,20.98
Mar-17-2015,20.58
Mar-18-2015,19.51
Mar-19-2015,19.77
Mar-20-2015,19.30
Mar-23-2015,19.15
Mar-24-2015,18.78
Mar-25-2015,19.20
Mar-26-2015,20.07
Mar-27-2015,19.48
Mar-30-2015,19.63
Mar-31-2015,19.34
Apr-01-2015,18.68
Apr-02-2015,19.04
Apr-06-2015,19.04
Apr-07-2015,18.93
Apr-08-2015,18.95
Apr-09-2015,19.58
Apr-10-2015,19.51
Apr-13-2015,19.39
Apr-14-2015,19.04
Apr-15-2015,19.00
Apr-16-2015,18.78
Apr-17-2015,18.50
Apr-20-2015,18.95
Apr-21-2015,19.16
Apr-22-2015,19.72
Apr-23-2015,19.47
Apr-24-2015,19.17
Apr-27-2015,19.24
Apr-28-2015,19.73
Apr-29-2015,20.35
Apr-30-2015,20.46
May-01-2015,21.17
May-04-2015,21.35
May-05-2015,21.76
May-06-2015,22.40
May-07-2015,21.84
May-08-2015,21.50
May-11-2015,22.74
May-12-2015,22.60
May-13-2015,22.82
May-14-2015,22.39
May-15-2015,21.41
May-18-2015,22.28
May-19-2015,22.62
May-20-2015,22.51
May-21-2015,21.85
May-22-2015,22.15
May-26-2015,21.37
May-27-2015,21.35
May-28-2015,21.30
May-29-2015,20.95
Jun-01-2015,21.92
Jun-02-2015,22.66
Jun-03-2015,23.66
Jun-04-2015,23.07
Jun-05-2015,24.02
Jun-08-2015,23.81
Jun-09-2015,24.17
Jun-10-2015,24.78
Jun-11-2015,23.83
Jun-12-2015,23.85
Jun-15-2015,23.58
Jun-16-2015,23.18
Jun-17-2015,23.06
Jun-18-2015,23.51
Jun-19-2015,22.67
Jun-22-2015,23.60
Jun-23-2015,24.09
Jun-24-2015,23.71
Jun-25-2015,23.93
Jun-26-2015,24.76
Jun-29-2015,23.31
Jun-30-2015,23.35
Jul-01-2015,24.18
Jul-02-2015,23.93
Jul-06-2015,22.78
Jul-07-2015,22.31
Jul-08-2015,22.06
Jul-09-2015,23.01
Jul-10-2015,24.17
Jul-13-2015,24.30
Jul-14-2015,23.99
Jul-15-2015,23.50
Jul-16-2015,23.52
Jul-17-2015,23.49
Jul-20-2015,23.72
Jul-21-2015,23.40
Jul-22-2015,23.22
Jul-23-2015,22.77
Jul-24-2015,22.71
Jul-27-2015,22.28
Jul-28-2015,22.50
Jul-29-2015,22.79
Jul-30-2015,22.68
Jul-31-2015,22.05
Aug-03-2015,21.50
Aug-04-2015,22.11
Aug-05-2015,22.68
Aug-06-2015,22.34
Aug-07-2015,21.75
Aug-10-2015,22.38
Aug-11-2015,21.37
Aug-12-2015,21.30
Aug-13-2015,21.89
Aug-14-2015,21.96
Aug-17-2015,21.50
Aug-18-2015,21.96
Aug-19-2015,21.29
Aug-20-2015,20.84
Aug-21-2015,20.54
Aug-24-2015,19.97
Aug-25-2015,21.33
Aug-26-2015,21.72
Aug-27-2015,21.68
Aug-28-2015,21.86
Aug-31-2015,22.00
Sep-01-2015,21.72
Sep-02-2015,21.93
Sep-03-2015,21.68
Sep-04-2015,21.28
Sep-08-2015,21.94
Sep-09-2015,21.81
Sep-10-2015,22.22
Sep-11-2015,21.83
Sep-14-2015,21.80
Sep-15-2015,22.81
Sep-16-2015,23.03
Sep-17-2015,22.17
Sep-18-2015,21.30
Sep-21-2015,22.14
Sep-22-2015,21.25
Sep-23-2015,21.44
Sep-24-2015,21.20
Sep-25-2015,21.68
Sep-28-2015,20.95
Sep-29-2015,20.54
Sep-30-2015,20.60
Oct-01-2015,20.42
Oct-02-2015,19.89
Oct-05-2015,20.56
Oct-06-2015,20.35
Oct-07-2015,20.62
Oct-08-2015,21.08
Oct-09-2015,20.99
Oct-12-2015,20.90
Oct-13-2015,20.55
Oct-14-2015,19.81
Oct-15-2015,20.23
Oct-16-2015,20.23
Oct-19-2015,20.28
Oct-20-2015,20.71
Oct-21-2015,20.30
Oct-22-2015,20.25
Oct-23-2015,20.83
Oct-26-2015,20.58
Oct-27-2015,20.28
Oct-28-2015,20.92
Oct-29-2015,21.73
Oct-30-2015,21.51
Nov-02-2015,21.87
Nov-03-2015,22.20
Nov-04-2015,22.30
Nov-05-2015,22.45
Nov-06-2015,23.33
Nov-09-2015,23.42
Nov-10-2015,23.22
Nov-11-2015,23.38
Nov-12-2015,23.19
Nov-13-2015,22.80
Nov-16-2015,22.73
Nov-17-2015,22.61
Nov-18-2015,22.69
Nov-19-2015,22.48
Nov-20-2015,22.62
Nov-23-2015,22.50
Nov-24-2015,22.43
Nov-25-2015,22.32
Nov-27-2015,22.25
Nov-30-2015,22.18
Dec-01-2015,21.55
Dec-02-2015,21.78
Dec-03-2015,23.30
Dec-04-2015,22.75
Dec-07-2015,22.25
Dec-08-2015,22.38
Dec-09-2015,22.08
Dec-10-2015,22.39
Dec-11-2015,21.39
Dec-14-2015,22.25
Dec-15-2015,22.68
Dec-16-2015,22.87
Dec-17-2015,22.38
Dec-18-2015,21.99
Dec-21-2015,21.97
Dec-22-2015,22.39
Dec-23-2015,22.64
Dec-24-2015,22.43
Dec-28-2015,22.25
Dec-29-2015,23.07
Dec-30-2015,23.03
Dec-31-2015,22.69
Jan-04-2016,22.45
Jan-05-2016,22.48
Jan-06-2016,21.77
Jan-07-2016,21.53
Jan-08-2016,21.30
Jan-11-2016,21.58
Jan-12-2016,21.02
Jan-13-2016,20.66
Jan-14-2016,20.98
Jan-15-2016,20.33
Jan-19-2016,20.35
Jan-20-2016,19.84
Jan-21-2016,20.19
Jan-22-2016,20.48
Jan-25-2016,20.22
Jan-26-2016,19.94
Jan-27-2016,20.01
Jan-28-2016,19.85
Jan-29-2016,19.31
Feb-01-2016,19.66
Feb-02-2016,18.64
Feb-03-2016,18.81
Feb-04-2016,18.64
Feb-05-2016,18.48
Feb-08-2016,17.35
Feb-09-2016,17.29
Feb-10-2016,17.05
Feb-11-2016,16.44
Feb-12-2016,17.48
Feb-16-2016,17.78
Feb-17-2016,18.19
Feb-18-2016,17.59
Feb-19-2016,17.48
Feb-22-2016,17.66
Feb-23-2016,17.45
Feb-24-2016,17.42
Feb-25-2016,16.97
Feb-26-2016,17.62
Feb-29-2016,17.40
Mar-01-2016,18.34
Mar-02-2016,18.48
Mar-03-2016,18.30
Mar-04-2016,18.83
Mar-07-2016,19.02
Mar-08-2016,18.32
Mar-09-2016,18.92
Mar-10-2016,19.29
Mar-11-2016,19.77
Mar-14-2016,19.63
Mar-15-2016,19.59
Mar-16-2016,19.38
Mar-17-2016,19.03
Mar-18-2016,18.71
Mar-21-2016,19.23
Mar-22-2016,19.35
Mar-23-2016,18.75
Mar-24-2016,19.00
Mar-28-2016,18.70
Mar-29-2016,18.14
Mar-30-2016,18.30
Mar-31-2016,17.86
Apr-01-2016,17.92
Apr-04-2016,17.79
Apr-05-2016,17.27
Apr-06-2016,17.55
Apr-07-2016,16.91
Apr-08-2016,17.20
Apr-11-2016,17.24
Apr-12-2016,17.81
Apr-13-2016,17.62
Apr-14-2016,17.81
Apr-15-2016,17.52
Apr-18-2016,17.73
Apr-19-2016,17.83
Apr-20-2016,18.54
Apr-21-2016,18.70
Apr-22-2016,18.88
Apr-25-2016,19.02
Apr-26-2016,19.31
Apr-27-2016,18.60
Apr-28-2016,18.38
Apr-29-2016,18.19
May-02-2016,18.65
May-03-2016,18.00
May-04-2016,17.84
May-05-2016,17.47
May-06-2016,17.79
May-09-2016,17.60
May-10-2016,17.60
May-11-2016,17.37
May-12-2016,17.57
May-13-2016,17.05
May-16-2016,17.53
May-17-2016,17.59
May-18-2016,18.80
May-19-2016,18.45
May-20-2016,18.49
May-23-2016,18.38
May-24-2016,18.59
May-25-2016,18.70
May-26-2016,18.23
May-27-2016,18.51
May-31-2016,18.34
Jun-01-2016,18.46
Jun-02-2016,18.11
Jun-03-2016,17.04
Jun-06-2016,17.23
Jun-07-2016,17.13
Jun-08-2016,17.06
Jun-09-2016,16.80
Jun-10-2016,16.39
Jun-13-2016,16.16
Jun-14-2016,16.11
Jun-15-2016,15.96
Jun-16-2016,15.64
Jun-17-2016,16.18
Jun-20-2016,16.70
Jun-21-2016,16.97
Jun-22-2016,16.85
Jun-23-2016,17.39
Jun-24-2016,15.79
Jun-27-2016,14.60
Jun-28-2016,14.61
Jun-29-2016,14.77
Jun-30-2016,14.88
Jul-01-2016,14.56
Jul-05-2016,13.67
Jul-06-2016,13.85
Jul-07-2016,13.87
Jul-08-2016,13.66
Jul-11-2016,14.34
Jul-12-2016,15.13
Jul-13-2016,14.68
Jul-14-2016,15.31
Jul-15-2016,15.94
Jul-18-2016,15.87
Jul-19-2016,15.58
Jul-20-2016,15.80
Jul-21-2016,15.65
Jul-22-2016,15.70
Jul-25-2016,15.71
Jul-26-2016,15.63
Jul-27-2016,15.15
Jul-28-2016,15.11
Jul-29-2016,14.58
Aug-01-2016,14.96
Aug-02-2016,15.37
Aug-03-2016,15.42
Aug-04-2016,15.03
Aug-05-2016,15.82
Aug-08-2016,15.83
Aug-09-2016,15.45
Aug-10-2016,15.09
Aug-11-2016,15.73
Aug-12-2016,15.15
Aug-15-2016,15.53
Aug-16-2016,15.76
Aug-17-2016,15.61
Aug-18-2016,15.36
Aug-19-2016,15.78
Aug-22-2016,15.39
Aug-23-2016,15.53
Aug-24-2016,15.59
Aug-25-2016,15.77
Aug-26-2016,16.35
Aug-29-2016,15.66
Aug-30-2016,15.70
Aug-31-2016,15.68
Sep-01-2016,15.70
Sep-02-2016,15.96
Sep-06-2016,15.43
Sep-07-2016,15.41
Sep-08-2016,16.16
Sep-09-2016,16.72
Sep-12-2016,16.72
Sep-13-2016,17.34
Sep-14-2016,16.89
Sep-15-2016,17.03
Sep-16-2016,17.01
Sep-19-2016,16.96
Sep-20-2016,16.88
Sep-21-2016,16.68
Sep-22-2016,16.32
Sep-23-2016,16.15
Sep-26-2016,15.89
Sep-27-2016,15.56
Sep-28-2016,15.67
Sep-29-2016,15.57
Sep-30-2016,16.08
Oct-03-2016,16.22
Oct-04-2016,16.83
Oct-05-2016,17.16
Oct-06-2016,17.42
Oct-07-2016,17.36
Oct-10-2016,17.23
Oct-11-2016,17.59
Oct-12-2016,17.78
Oct-13-2016,17.38
Oct-14-2016,17.94
Oct-17-2016,17.66
Oct-18-2016,17.49
Oct-19-2016,17.52
Oct-20-2016,17.47
Oct-21-2016,17.40
Oct-24-2016,17.63
Oct-25-2016,17.58
Oct-26-2016,17.90
Oct-27-2016,18.43
Oct-28-2016,18.45
Oct-31-2016,18.34
Nov-01-2016,18.20
Nov-02-2016,17.99
Nov-03-2016,18.12
Nov-04-2016,17.83
Nov-07-2016,18.28
Nov-08-2016,18.62
Nov-09-2016,20.72
Nov-10-2016,21.17
Nov-11-2016,21.17
Nov-14-2016,22.22
Nov-15-2016,22.38
Nov-16-2016,22.23
Nov-17-2016,22.76
Nov-18-2016,23.35
Nov-21-2016,23.39
Nov-22-2016,23.21
Nov-23-2016,23.57
Nov-25-2016,23.72
Nov-28-2016,23.20
Nov-29-2016,23.02
Nov-30-2016,23.68
Dec-01-2016,24.41
Dec-02-2016,23.90
Dec-05-2016,23.87
Dec-06-2016,23.96
Dec-07-2016,23.47
Dec-08-2016,23.87
Dec-09-2016,24.64
Dec-12-2016,24.79
Dec-13-2016,24.81
Dec-14-2016,25.25
Dec-15-2016,25.80
Dec-16-2016,25.97
Dec-19-2016,25.42
Dec-20-2016,25.68
Dec-21-2016,25.46
Dec-22-2016,25.53
Dec-23-2016,25.43
Dec-27-2016,25.63
Dec-28-2016,25.06
Dec-29-2016,24.77
Dec-30-2016,24.46
Jan-03-2017,24.50
Jan-04-2017,24.52
Jan-05-2017,23.68
Jan-06-2017,24.18
Jan-09-2017,23.76
Jan-10-2017,23.79
Jan-11-2017,23.70
Jan-12-2017,23.61
Jan-13-2017,23.80
Jan-17-2017,23.27
Jan-18-2017,23.89
Jan-19-2017,24.59
Jan-20-2017,24.67
Jan-23-2017,24.03
Jan-24-2017,24.71
Jan-25-2017,25.23
Jan-26-2017,25.08
Jan-27-2017,24.81
Jan-30-2017,24.83
Jan-31-2017,24.51
Feb-01-2017,24.74
Feb-02-2017,24.70
Feb-03-2017,24.91
Feb-06-2017,24.13
Feb-07-2017,23.89
Feb-08-2017,23.51
Feb-09-2017,23.95
Feb-10-2017,24.09
Feb-13-2017,24.34
Feb-14-2017,24.70
Feb-15-2017,25.02
Feb-16-2017,24.50
Feb-17-2017,24.25
Feb-21-2017,24.27
Feb-22-2017,24.18
Feb-23-2017,23.88
Feb-24-2017,23.17
Feb-27-2017,23.69
Feb-28-2017,23.58
Mar-01-2017,24.63
Mar-02-2017,24.89
Mar-03-2017,24.92
Mar-06-2017,24.94
Mar-07-2017,25.11
Mar-08-2017,25.52
Mar-09-2017,25.98
Mar-10-2017,25.82
Mar-13-2017,26.08
Mar-14-2017,25.95
Mar-15-2017,25.08
Mar-16-2017,25.22
Mar-17-2017,25.01
Mar-20-2017,24.73
Mar-21-2017,24.36
Mar-22-2017,23.96
Mar-23-2017,24.18
Mar-24-2017,24.00
Mar-27-2017,23.73
Mar-28-2017,24.09
Mar-29-2017,23.86
Mar-30-2017,24.16
Mar-31-2017,23.96
Apr-03-2017,23.50
Apr-04-2017,23.50
Apr-05-2017,23.57
Apr-06-2017,23.43
Apr-07-2017,23.73
Apr-10-2017,23.61
Apr-11-2017,22.98
Apr-12-2017,22.96
Apr-13-2017,22.32
Apr-17-2017,22.52
Apr-18-2017,21.79
Apr-19-2017,22.02
Apr-20-2017,22.41
Apr-21-2017,22.37
Apr-24-2017,22.73
Apr-25-2017,23.27
Apr-26-2017,23.11
Apr-27-2017,22.96
Apr-28-2017,22.82
May-01-2017,23.25
May-02-2017,22.96
May-03-2017,23.09
May-04-2017,23.56
May-05-2017,23.52
May-08-2017,23.76
May-09-2017,24.07
May-10-2017,24.14
May-11-2017,24.00
May-12-2017,23.35
May-15-2017,23.38
May-16-2017,23.29
May-17-2017,22.16
May-18-2017,22.33
May-19-2017,22.45
May-22-2017,22.54
May-23-2017,22.85
May-24-2017,22.66
May-25-2017,22.55
May-26-2017,22.50
May-30-2017,22.17
May-31-2017,21.96
Jun-01-2017,22.17
Jun-02-2017,21.59
Jun-05-2017,21.82
Jun-06-2017,21.47
Jun-07-2017,21.78
Jun-08-2017,21.94
Jun-09-2017,21.99
Jun-12-2017,22.13
Jun-13-2017,22.07
Jun-14-2017,21.38
Jun-15-2017,21.62
Jun-16-2017,21.57
Jun-19-2017,21.90
Jun-20-2017,21.53
Jun-21-2017,21.55
Jun-22-2017,21.53
Jun-23-2017,21.44
Jun-26-2017,21.37
Jun-27-2017,21.98
Jun-28-2017,22.21
Jun-29-2017,22.67
Jun-30-2017,23.02
Jul-03-2017,23.46
Jul-05-2017,23.34
Jul-06-2017,23.70
Jul-07-2017,23.93
Jul-10-2017,23.71
Jul-11-2017,23.62
Jul-12-2017,23.27
Jul-13-2017,23.48
Jul-14-2017,23.19
Jul-17-2017,23.09
Jul-18-2017,22.63
Jul-19-2017,22.68
Jul-20-2017,22.66
Jul-21-2017,22.32
Jul-24-2017,22.54
Jul-25-2017,23.26
Jul-26-2017,22.82
Jul-27-2017,23.10
Jul-28-2017,22.89
Jul-31-2017,22.92
Aug-01-2017,22.51
Aug-02-2017,22.62
Aug-03-2017,22.28
Aug-04-2017,22.67
Aug-07-2017,22.57
Aug-08-2017,22.83
Aug-09-2017,22.41
Aug-10-2017,22.12
Aug-11-2017,21.89
Aug-14-2017,22.19
Aug-15-2017,22.66
Aug-16-2017,22.26
Aug-17-2017,21.99
Aug-18-2017,21.94
Aug-21-2017,21.80
Aug-22-2017,22.15
Aug-23-2017,21.71
Aug-24-2017,21.94
Aug-25-2017,21.69
Aug-28-2017,21.59
Aug-29-2017,21.36
Aug-30-2017,21.43
Aug-31-2017,21.21
Sep-01-2017,21.57
Sep-05-2017,20.70
Sep-06-2017,21.08
Sep-07-2017,20.61
Sep-08-2017,20.61
Sep-11-2017,21.25
Sep-12-2017,21.71
Sep-13-2017,21.95
Sep-14-2017,21.97
Sep-15-2017,22.02
Sep-18-2017,22.29
Sep-19-2017,22.43
Sep-20-2017,22.77
Sep-21-2017,22.78
Sep-22-2017,22.62
Sep-25-2017,22.20
Sep-26-2017,22.29
Sep-27-2017,23.09
Sep-28-2017,23.09
Sep-29-2017,23.26
Oct-02-2017,23.37
Oct-03-2017,23.34
Oct-04-2017,23.30
Oct-05-2017,23.50
Oct-06-2017,23.70
Oct-09-2017,23.61
Oct-10-2017,23.45
Oct-11-2017,23.45
Oct-12-2017,23.23
Oct-13-2017,22.80
Oct-16-2017,23.07
Oct-17-2017,22.98
Oct-18-2017,23.39
Oct-19-2017,23.21
Oct-20-2017,23.81
Oct-23-2017,23.76
Oct-24-2017,24.06
Oct-25-2017,24.44
Oct-26-2017,24.52
Oct-27-2017,24.28
Oct-30-2017,23.74
Oct-31-2017,23.76
Nov-01-2017,23.76
Nov-02-2017,23.47
Nov-03-2017,23.43
Nov-06-2017,23.20
Nov-07-2017,23.07
Nov-08-2017,23.25
Nov-09-2017,23.31
Nov-10-2017,24.00
Nov-13-2017,24.00
Nov-14-2017,23.81
Nov-15-2017,23.35
Nov-16-2017,23.61
Nov-17-2017,23.54
Nov-20-2017,23.72
Nov-21-2017,23.63
Nov-22-2017,23.22
Nov-24-2017,23.40
Nov-27-2017,23.28
Nov-28-2017,23.38
Nov-29-2017,23.76
Nov-30-2017,24.17
Dec-01-2017,23.62
Dec-04-2017,23.79
Dec-05-2017,23.56
Dec-06-2017,23.30
Dec-07-2017,23.76
Dec-08-2017,23.83
Dec-11-2017,23.85
Dec-12-2017,24.03
Dec-13-2017,23.49
Dec-14-2017,23.46
Dec-15-2017,23.55
Dec-18-2017,23.92
Dec-19-2017,24.63
Dec-20-2017,24.97
Dec-21-2017,24.81
Dec-22-2017,24.85
Dec-26-2017,24.67
Dec-27-2017,24.14
Dec-28-2017,24.32
Dec-29-2017,24.05
Jan-02-2018,24.65
Jan-03-2018,24.47
Jan-04-2018,24.53
Jan-05-2018,24.76
Jan-08-2018,24.80
Jan-09-2018,25.46
Jan-10-2018,25.50
Jan-11-2018,25.31
Jan-12-2018,25.52
Jan-16-2018,25.44
Jan-17-2018,25.78
Jan-18-2018,26.11
Jan-19-2018,26.37
Jan-22-2018,26.65
Jan-23-2018,26.24
Jan-24-2018,26.54
Jan-25-2018,26.21
Jan-26-2018,26.62
Jan-29-2018,26.99
Jan-30-2018,27.26
Jan-31-2018,27.20
Feb-01-2018,27.73
Feb-02-2018,28.54
Feb-05-2018,27.94
Feb-06-2018,27.68
Feb-07-2018,28.44
Feb-08-2018,28.51
Feb-09-2018,28.29
Feb-12-2018,28.57
Feb-13-2018,28.40
Feb-14-2018,29.13
Feb-15-2018,28.91
Feb-16-2018,28.77
Feb-20-2018,28.93
Feb-21-2018,29.43
Feb-22-2018,29.17
Feb-23-2018,28.71
Feb-26-2018,28.59
Feb-27-2018,29.08
Feb-28-2018,28.68
Mar-01-2018,28.04
Mar-02-2018,28.57
Mar-05-2018,28.81
Mar-06-2018,28.77
Mar-07-2018,28.83
Mar-08-2018,28.66
Mar-09-2018,28.94
Mar-12-2018,28.70
Mar-13-2018,28.48
Mar-14-2018,28.17
Mar-15-2018,28.26
Mar-16-2018,28.48
Mar-19-2018,28.45
Mar-20-2018,28.79
Mar-21-2018,29.07
Mar-22-2018,28.32
Mar-23-2018,28.30
Mar-26-2018,28.43
Mar-27-2018,27.86
Mar-28-2018,27.75
Mar-29-2018,27.41
Apr-02-2018,27.32
Apr-03-2018,27.84
Apr-04-2018,27.88
Apr-05-2018,28.32
Apr-06-2018,27.75
Apr-09-2018,27.86
Apr-10-2018,27.97
Apr-11-2018,27.90
Apr-12-2018,28.34
Apr-13-2018,28.29
Apr-16-2018,28.32
Apr-17-2018,28.14
Apr-18-2018,28.67
Apr-19-2018,29.14
Apr-20-2018,29.51
Apr-23-2018,29.73
Apr-24-2018,29.83
Apr-25-2018,30.24
Apr-26-2018,29.90
Apr-27-2018,29.57
Apr-30-2018,29.36
May-01-2018,29.76
May-02-2018,29.64
May-03-2018,29.46
May-04-2018,29.44
May-07-2018,29.50
May-08-2018,29.69
May-09-2018,30.04
May-10-2018,29.71
May-11-2018,29.71
May-14-2018,29.95
May-15-2018,30.80
May-16-2018,30.95
May-17-2018,31.09
May-18-2018,30.67
May-21-2018,30.65
May-22-2018,30.65
May-23-2018,30.03
May-24-2018,29.81
May-25-2018,29.31
May-29-2018,27.68
May-30-2018,28.42
May-31-2018,28.22
Jun-01-2018,28.95
Jun-04-2018,29.37
Jun-05-2018,29.19
Jun-06-2018,29.75
Jun-07-2018,29.33
Jun-08-2018,29.37
Jun-11-2018,29.57
Jun-12-2018,29.57
Jun-13-2018,29.77
Jun-14-2018,29.46
Jun-15-2018,29.24
Jun-18-2018,29.26
Jun-19-2018,28.93
Jun-20-2018,29.28
Jun-21-2018,28.97
Jun-22-2018,29.00
Jun-25-2018,28.75
Jun-26-2018,28.80
Jun-27-2018,28.27
Jun-28-2018,28.47
Jun-29-2018,28.49
Jul-02-2018,28.66
Jul-03-2018,28.38
Jul-05-2018,28.40
Jul-06-2018,28.31
Jul-09-2018,28.60
Jul-10-2018,28.73
Jul-11-2018,28.42
Jul-12-2018,28.53
Jul-13-2018,28.31
Jul-16-2018,28.58
Jul-17-2018,28.64
Jul-18-2018,28.75
Jul-19-2018,28.47
Jul-20-2018,28.95
Jul-23-2018,29.65
Jul-24-2018,29.49
Jul-25-2018,29.36
Jul-26-2018,29.75
Jul-27-2018,29.60
Jul-30-2018,29.75
Jul-31-2018,29.64
Aug-01-2018,30.03
Aug-02-2018,29.86
Aug-03-2018,29.53
Aug-06-2018,29.38
Aug-07-2018,29.73
Aug-08-2018,29.71
Aug-09-2018,29.35
Aug-10-2018,28.57
Aug-13-2018,28.77
Aug-14-2018,28.95
Aug-15-2018,28.52
Aug-16-2018,28.71
Aug-17-2018,28.73
Aug-20-2018,28.23
Aug-21-2018,28.44
Aug-22-2018,28.23
Aug-23-2018,28.21
Aug-24-2018,28.26
Aug-27-2018,28.48
Aug-28-2018,28.84
Aug-29-2018,28.84
Aug-30-2018,28.60
Aug-31-2018,28.53
Sep-04-2018,29.02
Sep-05-2018,29.02
Sep-06-2018,28.79
Sep-07-2018,29.42
Sep-10-2018,29.37
Sep-11-2018,29.77
Sep-12-2018,29.63
Sep-13-2018,29.63
Sep-14-2018,29.94
Sep-17-2018,30.01
Sep-18-2018,30.48
Sep-19-2018,30.83
Sep-20-2018,30.78
Sep-21-2018,30.68
Sep-24-2018,30.78
Sep-25-2018,31.02
Sep-26-2018,30.61
Sep-27-2018,30.56
Sep-28-2018,30.56
Oct-01-2018,30.80
Oct-02-2018,30.56
Oct-03-2018,31.61
Oct-04-2018,31.97
Oct-05-2018,32.25
Oct-08-2018,32.33
Oct-09-2018,32.08
Oct-10-2018,32.25
Oct-11-2018,31.33
Oct-12-2018,31.41
Oct-15-2018,31.63
Oct-16-2018,31.56
Oct-17-2018,31.79
Oct-18-2018,31.75
Oct-19-2018,31.98
Oct-22-2018,31.96
Oct-23-2018,31.66
Oct-24-2018,31.24
Oct-25-2018,31.36
Oct-26-2018,30.77
Oct-29-2018,30.87
Oct-30-2018,31.10
Oct-31-2018,31.59
Nov-01-2018,31.44
Nov-02-2018,32.14
Nov-05-2018,32.01
Nov-06-2018,32.14
Nov-07-2018,32.13
Nov-08-2018,32.34
Nov-09-2018,31.89
Nov-12-2018,31.86
Nov-13-2018,31.45
Nov-14-2018,31.20
Nov-15-2018,31.18
Nov-16-2018,30.74
Nov-19-2018,30.57
Nov-20-2018,30.48
Nov-21-2018,30.61
Nov-23-2018,30.54
Nov-26-2018,30.72
Nov-27-2018,30.55
Nov-28-2018,30.44
Nov-29-2018,30.35
Nov-30-2018,30.13
Dec-03-2018,29.92
Dec-04-2018,29.24
Dec-06-2018,28.76
Dec-07-2018,28.50
Dec-10-2018,28.56
Dec-11-2018,28.79
Dec-12-2018,29.06
Dec-13-2018,29.11
Dec-14-2018,28.91
Dec-17-2018,28.57
Dec-18-2018,28.25
Dec-19-2018,27.78
Dec-20-2018,27.89
Dec-21-2018,27.92
Dec-24-2018,27.49
Dec-26-2018,27.97
Dec-27-2018,27.43
Dec-28-2018,27.36
Dec-31-2018,26.86
Jan-02-2019,26.61
Jan-03-2019,25.54
Jan-04-2019,26.59
Jan-07-2019,26.82
Jan-08-2019,27.16
Jan-09-2019,27.28
Jan-10-2019,27.31
Jan-11-2019,27.01
Jan-14-2019,27.10
Jan-15-2019,27.11
Jan-16-2019,27.31
Jan-17-2019,27.49
Jan-18-2019,27.84
Jan-22-2019,27.30
Jan-23-2019,27.55
Jan-24-2019,27.12
Jan-25-2019,27.53
Jan-28-2019,27.44
Jan-29-2019,27.12
Jan-30-2019,26.95
Jan-31-2019,26.35
Feb-01-2019,26.91
Feb-04-2019,27.24
Feb-05-2019,27.02
Feb-06-2019,27.02
Feb-07-2019,26.52
Feb-08-2019,26.32
Feb-11-2019,26.61
Feb-12-2019,26.84
Feb-13-2019,27.08
Feb-14-2019,26.57
Feb-15-2019,26.66
Feb-19-2019,26.47
Feb-20-2019,26.54
Feb-21-2019,26.88
Feb-22-2019,26.55
Feb-25-2019,26.73
Feb-26-2019,26.36
Feb-27-2019,26.93
Feb-28-2019,27.11
Mar-01-2019,27.55
Mar-04-2019,27.22
Mar-05-2019,27.22
Mar-06-2019,26.92
Mar-07-2019,26.36
Mar-08-2019,26.25
Mar-11-2019,26.43
Mar-12-2019,26.05
Mar-13-2019,26.11
Mar-14-2019,26.30
Mar-15-2019,25.93
Mar-18-2019,26.02
Mar-19-2019,26.14
Mar-20-2019,25.35
Mar-21-2019,25.37
Mar-22-2019,24.55
Mar-25-2019,24.20
Mar-26-2019,24.14
Mar-27-2019,23.74
Mar-28-2019,23.89
Mar-29-2019,24.14
Apr-01-2019,24.97
Apr-02-2019,24.81
Apr-03-2019,25.17
Apr-04-2019,25.12
Apr-05-2019,25.01
Apr-08-2019,25.19
Apr-09-2019,24.99
Apr-10-2019,24.77
Apr-11-2019,25.04
Apr-12-2019,25.60
Apr-15-2019,25.53
Apr-16-2019,25.92
Apr-17-2019,25.92
Apr-18-2019,25.60
Apr-22-2019,25.90
Apr-23-2019,25.70
Apr-24-2019,25.22
Apr-25-2019,25.34
Apr-26-2019,25.05
Apr-29-2019,25.36
Apr-30-2019,25.09
May-01-2019,25.11
May-02-2019,25.52
May-03-2019,25.31
May-06-2019,25.00
May-07-2019,24.48
May-08-2019,24.82
May-09-2019,24.57
May-10-2019,24.55
May-13-2019,24.05
May-14-2019,24.19
May-15-2019,23.79
May-16-2019,24.05
May-17-2019,23.93
May-20-2019,24.16
May-21-2019,24.26
May-22-2019,23.93
May-23-2019,22.96
May-24-2019,23.24
May-28-2019,22.68
May-29-2019,22.36
May-30-2019,22.27
May-31-2019,21.42
Jun-03-2019,20.81
Jun-04-2019,21.19
Jun-05-2019,21.23
Jun-06-2019,21.24
Jun-07-2019,20.84
Jun-10-2019,21.43
Jun-11-2019,21.40
Jun-12-2019,21.27
Jun-13-2019,20.91
Jun-14-2019,20.93
Jun-17-2019,20.86
Jun-18-2019,20.60
Jun-19-2019,20.29
Jun-20-2019,20.01
Jun-21-2019,20.68
Jun-24-2019,20.21
Jun-25-2019,19.94
Jun-26-2019,20.49
Jun-27-2019,20.05
Jun-28-2019,20.00
Jul-01-2019,20.34
Jul-02-2019,19.76
Jul-03-2019,19.53
Jul-05-2019,20.48
Jul-08-2019,20.34
Jul-09-2019,20.54
Jul-10-2019,20.61
Jul-11-2019,21.20
Jul-12-2019,21.06
Jul-15-2019,20.92
Jul-16-2019,21.22
Jul-17-2019,20.61
Jul-18-2019,20.38
Jul-19-2019,20.48
Jul-22-2019,20.43
Jul-23-2019,20.74
Jul-24-2019,20.50
Jul-25-2019,20.74
Jul-26-2019,20.81
Jul-29-2019,20.55
Jul-30-2019,20.61
Jul-31-2019,20.21
Aug-01-2019,18.94
Aug-02-2019,18.55
Aug-05-2019,17.35
Aug-06-2019,17.39
Aug-07-2019,16.84
Aug-08-2019,17.16
Aug-09-2019,17.34
Aug-12-2019,16.39
Aug-13-2019,16.80
Aug-14-2019,15.81
Aug-15-2019,15.29
Aug-16-2019,15.39
Aug-19-2019,15.98
Aug-20-2019,15.61
Aug-21-2019,15.77
Aug-22-2019,16.10
Aug-23-2019,15.28
Aug-26-2019,15.45
Aug-27-2019,14.90
Aug-28-2019,14.66
Aug-29-2019,15.16
Aug-30-2019,15.06
Sep-03-2019,14.66
Sep-04-2019,14.59
Sep-05-2019,15.65
Sep-06-2019,15.50
Sep-09-2019,16.22
Sep-10-2019,17.02
Sep-11-2019,17.33
Sep-12-2019,17.91
Sep-13-2019,19.03
Sep-16-2019,18.41
Sep-17-2019,18.12
Sep-18-2019,17.86
Sep-19-2019,17.74
Sep-20-2019,17.55
Sep-23-2019,17.08
Sep-24-2019,16.35
Sep-25-2019,17.32
Sep-26-2019,16.85
Sep-27-2019,16.75
Sep-30-2019,16.75
Oct-01-2019,16.44
Oct-02-2019,15.96
Oct-03-2019,15.36
Oct-04-2019,15.15
Oct-07-2019,15.53
Oct-08-2019,15.37
Oct-09-2019,15.89
Oct-10-2019,16.58
Oct-11-2019,17.52
Oct-14-2019,17.33
Oct-15-2019,17.71
Oct-16-2019,17.48
Oct-17-2019,17.57
Oct-18-2019,17.47
Oct-21-2019,17.92
Oct-22-2019,17.68
Oct-23-2019,17.59
Oct-24-2019,17.66
Oct-25-2019,18.01
Oct-28-2019,18.53
Oct-29-2019,18.35
Oct-30-2019,17.98
Oct-31-2019,16.91
Nov-01-2019,17.28
Nov-04-2019,17.86
Nov-05-2019,18.66
Nov-06-2019,18.14
Nov-07-2019,19.26
Nov-08-2019,19.33
Nov-11-2019,19.43
Nov-12-2019,19.09
Nov-13-2019,18.70
Nov-14-2019,18.15
Nov-15-2019,18.34
Nov-18-2019,18.08
Nov-19-2019,17.86
Nov-20-2019,17.38
Nov-21-2019,17.72
Nov-22-2019,17.74
Nov-25-2019,17.64
Nov-26-2019,17.40
Nov-27-2019,17.67
Nov-29-2019,17.76
Dec-02-2019,18.36
Dec-03-2019,17.09
Dec-04-2019,17.81
Dec-05-2019,17.97
Dec-06-2019,18.42
Dec-09-2019,18.29
Dec-10-2019,18.33
Dec-11-2019,17.90
Dec-12-2019,18.97
Dec-13-2019,18.19
Dec-16-2019,18.92
Dec-17-2019,18.89
Dec-18-2019,19.24
Dec-19-2019,19.08
Dec-20-2019,19.17
Dec-23-2019,19.35
Dec-24-2019,19.10
Dec-26-2019,19.05
Dec-27-2019,18.74
Dec-30-2019,18.95
Dec-31-2019,19.19
Jan-02-2020,18.82
Jan-03-2020,17.88
Jan-06-2020,18.11
Jan-07-2020,18.27
Jan-08-2020,18.74
Jan-09-2020,18.58
Jan-10-2020,18.25
Jan-13-2020,18.48
Jan-14-2020,18.18
Jan-15-2020,17.88
Jan-16-2020,18.09
Jan-17-2020,18.36
Jan-21-2020,17.69
Jan-22-2020,17.69
Jan-23-2020,17.40
Jan-24-2020,16.81
Jan-27-2020,16.05
Jan-28-2020,16.41
Jan-29-2020,15.94
Jan-30-2020,15.58
Jan-31-2020,15.20
Feb-03-2020,15.20
Feb-04-2020,16.03
Feb-05-2020,16.49
Feb-06-2020,16.44
Feb-07-2020,15.78
Feb-10-2020,15.47
Feb-11-2020,15.90
Feb-12-2020,16.30
Feb-13-2020,16.17
Feb-14-2020,15.88
Feb-18-2020,15.56
Feb-19-2020,15.70
Feb-20-2020,15.25
Feb-21-2020,14.71
Feb-24-2020,13.77
Feb-25-2020,13.30
Feb-26-2020,13.10
Feb-27-2020,12.99
Feb-28-2020,11.27
Mar-02-2020,10.88
Mar-03-2020,10.10
Mar-04-2020,9.92
Mar-05-2020,9.26
Mar-06-2020,7.06
Mar-09-2020,4.99
Mar-10-2020,7.48
Mar-11-2020,8.20
Mar-12-2020,8.49
Mar-13-2020,9.51
Mar-16-2020,7.28
Mar-17-2020,9.97
Mar-18-2020,12.66
Mar-19-2020,11.19
Mar-20-2020,9.38
Mar-23-2020,7.64
Mar-24-2020,8.16
Mar-25-2020,8.58
Mar-26-2020,8.11
Mar-27-2020,7.49
Mar-30-2020,6.70
Mar-31-2020,6.98
Apr-01-2020,6.35
Apr-02-2020,6.27
Apr-03-2020,5.87
Apr-06-2020,6.76
Apr-07-2020,7.36
Apr-08-2020,7.64
Apr-09-2020,7.29
Apr-13-2020,7.49
Apr-14-2020,7.52
Apr-15-2020,6.38
Apr-16-2020,6.09
Apr-17-2020,6.54
Apr-20-2020,6.26
Apr-21-2020,5.71
Apr-22-2020,6.19
Apr-23-2020,6.13
Apr-24-2020,5.96
Apr-27-2020,6.56
Apr-28-2020,6.10
Apr-29-2020,6.27
Apr-30-2020,6.22
May-01-2020,6.42
May-04-2020,6.37
May-05-2020,6.57
May-06-2020,7.11
May-07-2020,6.31
May-08-2020,6.82
May-11-2020,7.26
May-12-2020,6.78
May-13-2020,6.49
May-14-2020,6.19
May-15-2020,6.40
May-18-2020,7.44
May-19-2020,7.11
May-20-2020,6.80
May-21-2020,6.77
May-22-2020,6.57
May-26-2020,6.98
May-27-2020,6.80
May-28-2020,7.05
May-29-2020,6.48
Jun-01-2020,6.62
Jun-02-2020,6.80
Jun-03-2020,7.61
Jun-04-2020,8.20
Jun-05-2020,9.04
Jun-08-2020,8.84
Jun-09-2020,8.29
Jun-10-2020,7.48
Jun-11-2020,6.53
Jun-12-2020,6.99
Jun-15-2020,7.02
Jun-16-2020,7.56
Jun-17-2020,7.33
Jun-18-2020,6.94
Jun-19-2020,6.97
Jun-22-2020,7.04
Jun-23-2020,7.09
Jun-24-2020,6.84
Jun-25-2020,6.74
Jun-26-2020,6.36
Jun-29-2020,6.36
Jun-30-2020,6.53
Jul-01-2020,6.82
Jul-02-2020,6.69
Jul-06-2020,6.84
Jul-07-2020,6.50
Jul-08-2020,6.53
Jul-09-2020,6.05
Jul-10-2020,6.33
Jul-13-2020,6.40
Jul-14-2020,6.15
Jul-15-2020,6.30
Jul-16-2020,6.12
Jul-17-2020,6.28
Jul-20-2020,6.20
Jul-21-2020,6.07
Jul-22-2020,5.95
Jul-23-2020,5.82
Jul-24-2020,5.89
Jul-27-2020,6.09
Jul-28-2020,5.81
Jul-29-2020,5.79
Jul-30-2020,5.41
Jul-31-2020,5.36
Aug-03-2020,5.63
Aug-04-2020,5.15
Aug-05-2020,5.43
Aug-06-2020,5.36
Aug-07-2020,5.62
Aug-10-2020,5.74
Aug-11-2020,6.58
Aug-12-2020,6.70
Aug-13-2020,7.16
Aug-14-2020,7.09
Aug-17-2020,6.83
Aug-18-2020,6.69
Aug-19-2020,6.75
Aug-20-2020,6.44
Aug-21-2020,6.40
Aug-24-2020,6.46
Aug-25-2020,6.82
Aug-26-2020,6.87
Aug-27-2020,7.46
Aug-28-2020,7.29
Aug-31-2020,6.93
Sep-01-2020,6.72
Sep-02-2020,6.51
Sep-03-2020,6.22
Sep-04-2020,7.21
Sep-08-2020,6.84
Sep-09-2020,7.03
Sep-10-2020,6.85
Sep-11-2020,6.69
Sep-14-2020,6.71
Sep-15-2020,6.79
Sep-16-2020,6.87
Sep-17-2020,6.84
Sep-18-2020,6.94
Sep-21-2020,6.71
Sep-22-2020,6.64
Sep-23-2020,6.76
Sep-24-2020,6.66
Sep-25-2020,6.59
Sep-28-2020,6.63
Sep-29-2020,6.45
Sep-30-2020,6.77
Oct-01-2020,6.77
Oct-02-2020,6.96
Oct-05-2020,7.62
Oct-06-2020,7.42
Oct-07-2020,7.85
Oct-08-2020,7.65
Oct-09-2020,7.75
Oct-12-2020,7.77
Oct-13-2020,7.27
Oct-14-2020,7.22
Oct-15-2020,7.31
Oct-16-2020,7.44
Oct-19-2020,7.61
Oct-20-2020,7.97
Oct-21-2020,8.16
Oct-22-2020,8.48
Oct-23-2020,8.41
Oct-26-2020,8.01
Oct-27-2020,7.78
Oct-28-2020,7.81
Oct-29-2020,8.35
Oct-30-2020,8.60
Nov-02-2020,8.49
Nov-03-2020,8.82
Nov-04-2020,7.68
Nov-05-2020,7.76
Nov-06-2020,8.20
Nov-09-2020,9.58
Nov-10-2020,9.72
Nov-11-2020,9.58
Nov-12-2020,8.85
Nov-13-2020,8.93
Nov-16-2020,9.06
Nov-17-2020,8.72
Nov-18-2020,8.82
Nov-19-2020,8.54
Nov-20-2020,8.29
Nov-23-2020,8.57
Nov-24-2020,8.82
Nov-25-2020,8.78
Nov-27-2020,8.42
Nov-30-2020,8.44
Dec-01-2020,9.34
Dec-02-2020,9.48
Dec-03-2020,9.20
Dec-04-2020,9.69
Dec-07-2020,9.28
Dec-08-2020,9.13
Dec-09-2020,9.41
Dec-10-2020,9.08
Dec-11-2020,8.93
Dec-14-2020,8.92
Dec-15-2020,9.23
Dec-16-2020,9.20
Dec-17-2020,9.30
Dec-18-2020,9.48
Dec-21-2020,9.41
Dec-22-2020,9.18
Dec-23-2020,9.55
Dec-24-2020,9.26
Dec-28-2020,9.33
Dec-29-2020,9.35
Dec-30-2020,9.26
Dec-31-2020,9.17
Jan-04-2021,9.17
Jan-05-2021,9.55
Jan-06-2021,10.42
Jan-07-2021,10.71
Jan-08-2021,11.05
Jan-11-2021,11.32
Jan-12-2021,11.38
Jan-13-2021,10.88
Jan-14-2021,11.29
Jan-15-2021,10.97
Jan-19-2021,10.92
Jan-20-2021,10.90
Jan-21-2021,11.09
Jan-22-2021,10.91
Jan-25-2021,10.40
Jan-26-2021,10.40
Jan-27-2021,10.14
Jan-28-2021,10.57
Jan-29-2021,10.93
Feb-01-2021,10.77
Feb-02-2021,11.05
Feb-03-2021,11.31
Feb-04-2021,11.39
Feb-05-2021,11.70
Feb-08-2021,11.60
Feb-09-2021,11.57
Feb-10-2021,11.33
Feb-11-2021,11.58
Feb-12-2021,12.00
Feb-16-2021,12.99
Feb-17-2021,13.01
Feb-18-2021,12.87
Feb-19-2021,13.45
Feb-22-2021,13.70
Feb-23-2021,13.62
Feb-24-2021,13.89
Feb-25-2021,15.18
Feb-26-2021,14.60
Mar-01-2021,14.46
Mar-02-2021,14.15
Mar-03-2021,14.70
Mar-04-2021,15.50
Mar-05-2021,15.54
Mar-08-2021,15.96
Mar-09-2021,15.46
Mar-10-2021,15.20
Mar-11-2021,15.27
Mar-12-2021,16.35
Mar-15-2021,16.07
Mar-16-2021,16.21
Mar-17-2021,16.41
Mar-18-2021,17.30
Mar-19-2021,17.32
Mar-22-2021,16.84
Mar-23-2021,16.38
Mar-24-2021,16.14
Mar-25-2021,16.14
Mar-26-2021,16.60